# Yoshi OBJ for Mixamo
mtllib model.mtl

v -12.8920 55.3882 -21.0534
v -12.8920 62.4149 -16.0109
v -13.4896 58.8314 -18.4566
v -3.1186 72.5363 -25.9347
v -4.1453 73.3489 -20.6556
v 0.0040 73.3602 -25.6208
v -2.9271 61.3823 -33.7944
v -4.1453 56.2884 -32.8991
v -5.7022 62.6272 -33.0397
v 0.0040 73.3489 -20.6556
v 0.0040 73.6384 -16.8397
v -7.5482 66.3308 -28.9609
v -3.5020 67.1544 -32.6225
v 0.0040 52.5393 -31.9813
v -4.1737 52.7690 -30.9732
v -7.5186 70.3956 -16.8437
v -4.4641 72.4637 -16.9892
v 0.0040 73.6384 -16.8397
v -8.4426 69.7728 -21.1320
v -9.5150 67.7678 -17.3164
v -7.6364 53.8076 -28.8978
v -8.4426 57.9438 -29.6210
v -10.0058 60.5344 -26.9175
v -10.0058 66.3223 -22.7636
v -9.5150 54.9755 -26.4966
v -10.8553 57.4893 -22.8997
v -11.3031 60.5542 -20.8795
v -10.8553 63.5096 -18.5793
v 0.0040 68.7552 -32.3089
v 1.8820 71.0523 -30.1286
v 3.5100 69.5730 -30.8869
v 0.0040 68.7552 -32.3089
v 1.9299 65.7385 -33.5205
v 0.0040 65.1156 -33.9188
v 4.1530 56.2884 -32.8991
v 2.9347 61.3823 -33.7944
v 5.7101 62.6272 -33.0397
v 3.5100 67.1544 -32.6225
v 4.1530 73.3489 -20.6556
v 7.5559 66.3308 -28.9609
v 5.3792 71.5553 -26.2483
v 10.0135 66.3223 -22.7636
v 4.1816 52.7690 -30.9732
v 4.4717 72.4637 -16.9892
v 7.5263 70.3956 -16.8437
v 0.0040 60.9196 -34.5487
v 0.0040 56.2884 -32.8991
v 9.5227 67.7678 -17.3164
v 8.4502 69.7728 -21.1320
v 7.6443 53.8076 -28.8978
v 8.4502 57.9438 -29.6210
v 10.0135 60.5344 -26.9175
v 9.5227 54.9755 -26.4966
v 11.3107 60.5542 -20.8795
v 10.8630 57.4893 -22.8997
v 10.8630 63.5096 -18.5793
v 10.7824 108.5842 -23.1556
v 15.2819 110.9430 -15.7413
v 16.4581 107.5117 -18.5253
v -16.4581 107.5117 -18.5253
v -11.0658 104.0161 -25.6941
v -17.0337 102.7826 -20.7334
v -10.6095 98.1071 -26.8940
v -12.2243 89.1204 -21.9657
v -15.3835 97.6288 -22.9445
v -17.1258 84.5983 -14.3189
v -18.7452 90.3137 -17.6566
v 18.2270 107.6362 -14.4196
v 11.0658 104.0161 -25.6941
v 17.0337 102.7826 -20.7334
v 15.3835 97.6288 -22.9445
v 12.2243 89.1204 -21.9657
v 10.6095 98.1071 -26.8940
v 17.1258 84.5983 -14.3189
v 18.7452 90.3137 -17.6566
v 21.5481 101.4832 -16.5554
v 21.6607 105.2628 -12.4720
v 20.9859 97.4754 -17.7365
v -16.1915 28.9786 -15.9334
v -11.1683 26.0363 -11.2812
v -16.7918 30.4131 -9.0191
v -10.7632 26.0830 -15.9148
v 11.1686 26.0363 -11.2812
v 16.1909 28.9786 -15.9334
v 16.7915 30.4131 -9.0191
v 10.7632 26.0830 -15.9148
v -14.4348 44.0750 -10.9441
v -20.6013 39.4841 -17.1173
v -21.7171 42.9330 -12.4424
v -17.6068 38.1752 -18.8413
v 14.4367 44.0750 -10.9441
v 21.7171 42.9330 -12.4424
v 20.6013 39.4841 -17.1173
v 17.6068 38.1752 -18.8413
v 11.9769 12.5754 0.0427
v 9.0432 11.3644 -2.1459
v 9.0380 11.3104 0.7168
v 2.7321 47.0750 -44.0296
v 5.4283 43.2115 -41.5284
v 3.3346 42.1500 -42.6920
v 0.0000 51.4647 -45.7637
v 0.0000 47.9535 -45.2723
v 14.7017 69.3128 -11.6112
v 14.3961 64.7261 -12.4720
v 13.1187 70.0537 -12.2014
v 10.3453 46.5439 -29.2299
v 5.4826 48.8792 -34.7613
v 5.9938 50.6048 -30.1441
v 11.8574 34.5447 -31.0168
v 9.2600 37.6682 -36.0427
v 12.8609 37.4450 -30.0178
v 9.2649 42.8086 -34.6192
v 4.7960 48.7090 -39.9718
v 5.6619 46.9475 -41.5561
v 1.4330 51.9503 -44.4026
v 0.0000 50.9870 -41.5522
v 0.0000 52.6418 -44.7784
v 0.0000 50.2290 -38.9552
v 12.4818 41.4176 -29.2562
v 23.6601 66.7408 -2.7575
v 25.0828 66.2918 -6.3187
v 25.0828 66.7945 -2.9405
v 12.6352 73.7262 1.2845
v 15.5278 74.8713 -0.9584
v 12.0931 75.7062 -0.5118
v 25.0828 74.7606 -6.8528
v 27.8012 73.8519 -11.2497
v 25.0828 73.6558 -10.9127
v 26.8501 70.4746 -1.2576
v 25.0828 74.2524 -2.3441
v 25.0828 70.4585 -1.3363
v 27.8012 70.5731 -11.9235
v 25.0828 67.1788 -10.0318
v 25.0828 70.5747 -11.7808
v 22.2378 70.4804 -11.6475
v 22.1637 66.9015 -9.8481
v 22.2375 73.6146 -10.6601
v 26.8501 66.7887 -2.9133
v 23.6601 70.4261 -1.1951
v 5.4795 79.8814 -5.4646
v 0.0000 81.0554 -5.2346
v 4.9601 79.8805 -1.0755
v 15.9011 31.3179 -20.1910
v 18.0247 31.8928 -15.9036
v 16.1909 28.9786 -15.9334
v 13.1772 70.3819 2.6537
v 17.4848 63.1396 0.4688
v 17.4406 64.5458 -0.3471
v -4.7743 77.3991 -4.6642
v -6.0832 78.5036 -2.0766
v -8.4914 78.5521 -4.1966
v -8.8968 81.9266 -17.0511
v -8.1937 88.7632 -24.5057
v 21.1223 37.5548 -9.9525
v 19.5069 34.0668 -5.2886
v 18.6991 32.6829 -10.9441
v 4.2448 79.8823 -10.5573
v 0.0000 81.0554 -5.2346
v 5.4795 79.8814 -5.4646
v 0.0000 80.0119 -11.8427
v 5.1763 78.3520 -11.5676
v 8.8931 75.4887 -10.5082
v 5.5402 74.9042 -12.9256
v 4.9610 71.1036 9.0740
v 8.1330 71.0508 6.5660
v 3.5615 78.3962 2.7175
v 11.0899 70.9996 3.2708
v 6.9052 78.3919 -0.0476
v 5.2334 78.3941 1.3348
v 11.1930 74.1905 1.3174
v 9.2085 76.6344 -0.4456
v 17.4406 64.5458 -0.3471
v 16.1994 70.2587 1.8012
v 13.1772 70.3819 2.6537
v 3.7305 79.8820 0.1208
v 47.8583 67.2615 4.4220
v 43.5641 69.2341 3.0262
v 45.9702 68.7167 5.6131
v 40.5184 72.2999 3.6277
v 42.6664 74.0779 2.6052
v 36.2980 74.5757 0.9227
v 43.4400 71.5437 3.4590
v 42.2141 70.5619 4.2158
v 35.9284 72.3252 2.7157
v 32.1103 73.9532 -11.3660
v 36.2980 74.9448 -9.5154
v 36.2980 73.4654 -14.0362
v 45.1927 73.7101 2.5360
v 45.7375 74.7194 -0.2483
v 43.2323 75.0732 -0.2675
v 42.7531 74.5385 -12.1929
v 42.2092 73.7457 -15.0672
v 43.4070 75.1519 -6.4279
v 36.2980 75.1724 -6.6737
v 36.2980 75.3999 -3.8321
v 52.9962 71.7277 -16.8693
v 51.3256 73.6613 -15.7303
v 53.0920 73.7088 -15.9685
v 61.9720 71.5437 -12.3500
v 62.0671 71.2973 -14.5898
v 62.1004 72.7620 -12.9207
v 48.4101 73.6741 -4.4583
v 47.7525 71.2723 -3.4267
v 48.4101 71.6325 -3.5819
v 54.6864 71.7426 -3.3703
v 56.4400 73.7534 -4.0465
v 54.6864 73.7897 -4.3088
v 62.8910 71.6459 -3.1159
v 64.4314 72.8014 -4.8188
v 63.1289 73.4511 -4.1255
v 56.4400 73.7534 -9.1017
v 54.6864 71.7426 -9.7780
v 54.6864 73.7897 -8.8394
v 64.4314 72.8014 -8.3294
v 64.5818 71.2784 -6.5743
v 64.2334 71.5328 -8.9141
v 64.2334 71.5328 -4.2341
v 47.8467 71.2595 -9.9576
v 48.4101 73.6741 -8.6900
v 48.4101 71.6325 -9.5663
v 53.6490 71.7277 -10.7196
v 55.1036 73.6738 -11.5127
v 53.5535 73.7088 -11.6201
v 62.0305 72.7620 3.1628
v 61.2536 74.0807 1.4031
v 60.8000 73.3904 3.6869
v 62.3987 72.7620 -0.1428
v 61.3131 73.3904 -0.9245
v 54.5988 73.6738 -16.2675
v 32.1103 74.7420 -6.9141
v 48.2115 73.6741 -11.0713
v 48.3040 71.6325 -10.1998
v 48.2057 73.6741 -2.1788
v 48.3024 71.6325 -3.0497
v 46.2694 74.4427 -3.3355
v 46.3137 74.4720 -9.7865
v 52.8312 73.7406 -4.3088
v 51.7874 73.6613 -11.3818
v 52.8312 73.7406 -8.8394
v 47.4444 68.3528 6.2174
v 43.1532 70.1007 4.5651
v 54.1117 65.7134 6.7048
v 53.8253 66.6291 8.6585
v 54.6489 65.3117 9.0679
v 63.8220 69.5611 -6.5743
v 64.2334 71.5328 -4.2341
v 62.5125 69.3012 -3.9712
v 62.1678 68.5664 -6.5743
v 62.5125 69.3012 -9.1771
v 53.5157 69.5724 2.8676
v 52.9590 71.7277 3.5661
v 52.6842 69.7468 2.6659
v 61.7822 71.5437 3.6927
v 60.4691 71.6529 4.6126
v 60.2013 69.3747 3.7674
v 61.6389 69.6260 1.4458
v 60.1482 68.6634 1.2799
v 60.7467 69.3747 -1.1347
v 62.3566 71.2973 1.5258
v 62.2727 71.5437 -0.7144
v 61.1941 71.6529 -1.9003
v 54.6489 65.3117 9.0679
v 54.0544 64.8975 10.5149
v 54.4655 63.0655 8.9846
v 53.1936 61.6846 10.5149
v 53.6432 71.7277 -2.5799
v 54.0220 69.5724 -1.6813
v 53.1679 69.7468 -1.6798
v 54.0244 69.5724 -11.5664
v 53.6490 71.7277 -10.7196
v 53.2494 69.7468 -11.6201
v 47.3291 65.2208 3.4380
v 47.8583 67.2615 4.4220
v 48.2844 64.9002 3.6677
v 43.3338 65.5118 -0.6875
v 47.1024 68.0341 -3.3318
v 46.5937 67.5381 -0.4194
v 42.8519 65.7647 -6.7378
v 48.2115 69.5910 -11.0713
v 48.3040 71.6325 -10.1998
v 47.8467 71.2595 -9.9576
v 41.9868 69.6639 -16.1436
v 45.2766 70.6113 -16.0472
v 45.5544 68.2052 -15.8944
v 42.3422 65.4517 -12.5867
v 41.9819 66.5129 -15.9987
v 32.0026 66.7719 -2.8322
v 32.1103 66.2613 -6.5618
v 33.7160 65.2815 0.1995
v 41.8712 64.5336 -0.9599
v 38.6074 63.6603 -1.0417
v 37.4407 66.0895 -6.5560
v 36.2980 64.8087 -12.1310
v 52.9962 71.7277 -16.8693
v 53.5413 69.5724 -16.1180
v 52.7876 69.7468 -15.9685
v 60.1955 71.6529 -17.6861
v 61.5037 71.5437 -16.7595
v 59.9231 69.3747 -16.8421
v 62.0671 71.2973 -14.5898
v 61.9720 71.5437 -12.3500
v 61.3488 69.6260 -14.5135
v 60.4438 69.3747 -11.9373
v 59.8575 68.6634 -14.3549
v 60.8873 71.6529 -11.1692
v 32.1103 67.1846 -10.5463
v 36.2980 66.3021 -14.9510
v 48.2057 69.5910 -2.2987
v 47.7525 71.2723 -3.4267
v 48.3024 71.6325 -3.0497
v 18.0409 52.1967 -15.8453
v 17.0474 46.6489 -18.7708
v 9.2448 54.8340 -19.8994
v 22.5346 44.4328 -8.4804
v 18.6866 41.6244 -19.1552
v 17.0474 46.6489 -18.7708
v 7.8212 119.9279 10.8858
v 9.2466 114.3148 6.3461
v 4.6987 116.8786 6.7338
v 13.6787 113.9488 10.1129
v 12.7749 135.0561 3.3767
v 9.0197 137.5546 3.8095
v 9.2283 136.8478 4.4900
v 5.3322 139.4985 1.1887
v 4.2777 139.4714 0.0296
v 3.9294 137.6400 3.3343
v -0.9337 126.8414 -0.2294
v -0.2498 121.3045 -0.0360
v -0.6363 126.5592 0.9682
v 8.8211 133.5865 6.1603
v 6.1552 134.6840 6.2644
v 3.3495 133.2979 5.4353
v 1.9564 138.0405 -1.7521
v 2.6397 138.0018 1.2991
v 3.8961 139.4348 -1.5328
v 6.3464 137.7788 3.9163
v 7.1029 139.4985 1.1887
v 6.2223 140.0000 -1.5459
v 13.8529 107.2174 6.9906
v 12.9542 113.3091 5.0500
v 9.2466 114.3148 6.3461
v 16.0579 110.0316 4.5879
v 15.0043 114.5231 2.1056
v 11.4425 117.0979 -0.1193
v 5.9950 118.1551 1.0151
v 9.1728 114.6284 5.0397
v 3.5652 132.8202 5.0336
v 7.9719 133.0426 5.6561
v 16.7491 120.6030 -0.3828
v 15.5586 116.5427 -0.4463
v 15.7160 115.8625 -1.4965
v 17.7142 111.4277 -0.5344
v 0.0000 118.1435 5.2154
v 4.4629 116.8844 6.0777
v 1.4336 117.6933 3.7735
v -0.1559 130.6497 1.9851
v -0.5210 130.7329 1.6008
v 8.2910 139.4653 -0.2330
v -0.1348 134.7740 1.7094
v 10.2822 138.0149 1.0917
v 11.6551 114.6772 3.8479
v -0.6229 122.0457 -1.5959
v -1.0401 126.9649 -0.7736
v 17.0913 124.0681 1.5273
v 17.2914 124.0620 0.4109
v 12.2954 114.1168 4.5123
v 14.1371 114.7263 2.6565
v 13.2657 117.0161 -0.1284
v 16.8534 124.0720 2.1971
v 2.1999 94.7045 -28.6092
v 4.3146 98.4960 -29.4300
v 3.9602 91.6491 -27.3095
v 2.0678 91.6640 -27.4681
v 0.0000 111.7754 -28.5442
v 0.0000 111.9127 -22.3345
v 1.3433 110.9525 -28.2584
v 2.2535 109.0796 -25.9234
v 2.3573 111.9835 -22.2320
v 1.4904 80.4481 -27.3470
v 1.5886 81.8949 -31.7513
v 1.9735 82.3814 -20.3393
v 1.7515 110.1628 -32.0508
v 2.6992 104.7137 -28.7459
v 1.9568 108.3713 -34.7552
v 0.0000 94.7140 -28.7937
v 0.9465 91.6729 -31.1711
v 0.0000 92.2268 -31.6552
v 1.7658 122.7385 -9.8924
v 0.0000 122.6903 -10.6485
v 0.0000 123.0118 -7.4582
v 0.8458 80.0714 -23.7651
v 0.0000 80.1764 -17.6791
v 0.0000 79.0139 -23.5467
v 2.5589 115.4346 -20.1971
v 1.2848 114.1467 -24.1497
v 1.8982 117.7040 -26.2599
v 1.9729 122.5856 -26.9678
v 2.4851 121.9173 -14.4974
v 1.0832 125.5932 -15.5900
v 1.7222 126.7282 -19.6408
v 9.0459 94.9620 -6.8915
v 10.9630 98.6293 6.5901
v 6.0929 100.5968 -0.1931
v 6.6203 94.9464 3.6866
v 10.3572 96.0497 6.8830
v 10.3896 93.4701 7.8597
v 8.9233 89.0841 -2.6602
v 9.8872 90.7471 9.5651
v 7.3676 88.3273 11.9772
v 4.3543 86.5472 13.8635
v 10.3896 93.4701 7.8597
v 9.8872 90.7471 9.5651
v 11.0963 93.5808 6.0231
v 12.3866 90.8767 8.3325
v 9.1020 88.0885 10.9932
v 10.3572 96.0497 6.8830
v 11.3666 96.1552 7.6004
v 11.9599 92.9607 8.0189
v 10.9630 98.6293 6.5901
v 13.4481 97.8793 8.3922
v 7.3676 88.3273 11.9772
v 0.0000 122.0775 37.5474
v 4.6331 120.2147 37.9937
v 9.7649 119.4838 37.2061
v 5.0397 119.3758 38.6821
v 4.7545 118.2591 39.8388
v 7.9731 115.8222 41.2474
v 0.0000 112.8613 44.3285
v 2.8511 117.1937 41.4158
v 0.0000 117.9398 41.5262
v 2.4445 118.0325 40.7274
v 2.7297 119.1492 39.5707
v 3.6082 120.0054 38.4924
v 3.8760 117.4029 40.9171
v 2.8075 113.6154 35.4144
v 0.0000 123.0118 -7.4582
v 0.4097 128.7466 -8.7693
v 1.7658 122.7385 -9.8924
v 8.2910 139.3924 -3.3419
v 6.2223 140.0000 -1.5459
v 8.8382 139.4348 -1.5328
v 17.7377 112.4258 -5.5292
v 14.9018 117.6167 -5.8181
v 15.7160 115.8625 -1.4965
v 16.6283 113.1133 -9.7981
v 12.2658 117.7827 -12.2383
v 10.7834 120.6026 -11.0533
v 6.7390 121.3408 -13.2858
v 4.5794 122.2181 -10.8023
v 4.6535 124.1791 -11.5176
v 4.5794 122.2181 -10.8023
v 17.7142 111.4277 -0.5344
v 4.2777 139.3902 -3.4346
v 3.8961 139.4348 -1.5328
v 0.0000 80.1764 -17.6791
v 3.2528 82.2454 -20.1932
v 5.1089 82.1093 -19.3168
v 9.7121 111.6065 -19.7936
v 16.0289 96.3572 8.5807
v 14.5303 91.5185 8.4255
v 18.1376 93.9551 7.3314
v 24.9672 96.7699 -5.1132
v 23.7281 93.2404 -1.2784
v 23.9090 92.2567 -5.6699
v 10.9630 98.6293 6.5901
v 13.4481 97.8793 8.3922
v 13.4194 101.9877 7.1566
v 13.8529 107.2174 6.9906
v 19.1298 107.1771 -13.9645
v 13.7067 88.6384 7.5876
v 15.9081 89.5377 6.6999
v 0.0000 79.7368 4.1350
v 0.0000 78.4456 0.8763
v 2.1871 79.7368 4.1350
v 22.5157 95.4750 3.1397
v 24.0152 99.4065 -0.7251
v 21.9962 100.4961 3.7747
v 23.7782 96.1095 -0.1864
v 21.0774 96.8794 5.3166
v 19.2601 98.9606 6.8189
v 19.9357 92.2686 4.8481
v 17.5885 109.9837 -11.4523
v 18.7748 108.7529 -5.6513
v 24.6917 100.0624 -8.6363
v 24.2595 97.0536 -10.7190
v 24.1564 93.1946 -9.8960
v 22.5196 89.8552 -8.1232
v 21.0091 87.6087 -3.1564
v 17.7142 111.4277 -0.5344
v 17.7377 112.4258 -5.5292
v 17.5294 107.4703 1.4861
v 16.0579 110.0316 4.5879
v 8.8968 81.9266 -17.0511
v 4.9686 80.7236 -17.5666
v 5.1089 82.1093 -19.3168
v 0.0000 80.1764 -17.6791
v 16.7555 83.5121 -5.9840
v 20.8789 87.1874 -11.1033
v 14.1734 113.8112 -14.0935
v 8.1937 88.7632 -24.5057
v 6.0832 78.5033 -2.0766
v 4.7743 77.3991 -4.6642
v 8.4914 78.5521 -4.1966
v -5.4283 43.2115 -41.5284
v -2.7321 47.0750 -44.0296
v -3.3346 42.1500 -42.6920
v -2.7321 47.0750 -44.0296
v -5.4283 43.2115 -41.5284
v -5.6619 46.9475 -41.5561
v -1.4330 51.9503 -44.4026
v 0.0000 51.4647 -45.7637
v -5.4826 48.8792 -34.7613
v -10.3453 46.5439 -29.2299
v -5.9938 50.6048 -30.1441
v -9.2600 37.6682 -36.0427
v -11.8574 34.5447 -31.0168
v -12.8609 37.4450 -30.0178
v -9.2649 42.8086 -34.6192
v -4.7960 48.7090 -39.9718
v -12.4818 41.4176 -29.2562
v -25.0828 66.2918 -6.3187
v -23.6601 66.7408 -2.7575
v -25.0828 66.7945 -2.9405
v -15.5278 74.8713 -0.9584
v -12.6352 73.7262 1.2845
v -12.0931 75.7062 -0.5118
v -27.8012 73.8519 -11.2497
v -25.0828 74.7606 -6.8528
v -25.0828 73.6558 -10.9127
v -25.0828 74.2524 -2.3441
v -26.8501 70.4746 -1.2576
v -25.0828 70.4585 -1.3363
v -25.0828 67.1788 -10.0318
v -27.8012 70.5731 -11.9235
v -25.0828 70.5747 -11.7808
v -22.2378 70.4804 -11.6475
v -22.1637 66.9015 -9.8481
v -22.2375 73.6146 -10.6601
v -26.8501 66.7887 -2.9133
v -23.6601 70.4261 -1.1951
v -5.4795 79.8814 -5.4646
v -4.9601 79.8805 -1.0755
v -18.0250 31.8928 -15.9036
v -15.9011 31.3179 -20.1910
v -16.1915 28.9786 -15.9334
v -16.6283 113.1133 -9.7981
v -12.2658 117.7827 -12.2383
v -14.1734 113.8112 -14.0935
v -4.9686 80.7236 -17.5666
v -5.1089 82.1093 -19.3168
v -17.4848 63.1396 0.4688
v -13.1772 70.3819 2.6537
v -17.4406 64.5458 -0.3471
v -21.0091 87.6087 -3.1564
v -23.7281 93.2404 -1.2784
v -23.9090 92.2567 -5.6699
v -15.6964 104.7696 5.5436
v -16.0579 110.0316 4.5879
v -17.5294 107.4703 1.4858
v -17.7142 111.4277 -0.5344
v -18.7748 108.7529 -5.6513
v -22.5157 95.4750 3.1397
v -24.0152 99.4065 -0.7251
v -23.7782 96.1095 -0.1864
v -21.6607 105.2628 -12.4720
v -21.5481 101.4832 -16.5554
v -19.5069 34.0668 -5.2886
v -21.1223 37.5548 -9.9525
v -18.6991 32.6829 -10.9441
v -4.2448 79.8823 -10.5573
v -5.4795 79.8814 -5.4646
v -8.8931 75.4887 -10.5082
v -5.1763 78.3520 -11.5676
v -5.5402 74.9042 -12.9256
v -8.1330 71.0508 6.5660
v -4.9610 71.1036 9.0740
v -3.5615 78.3962 2.7175
v -6.9052 78.3919 -0.0476
v -11.0899 70.9996 3.2708
v -5.2334 78.3941 1.3348
v -11.1930 74.1905 1.3174
v -9.2085 76.6344 -0.4456
v -16.1994 70.2587 1.8012
v -17.4406 64.5458 -0.3471
v -13.1772 70.3819 2.6537
v -3.7305 79.8820 0.1208
v -42.6664 74.0779 2.6052
v -40.5184 72.2999 3.6277
v -36.2980 74.5757 0.9227
v -43.4400 71.5437 3.4587
v -43.5641 69.2341 3.0262
v -42.2141 70.5619 4.2158
v -35.9284 72.3252 2.7157
v -45.1927 73.7101 2.5360
v -45.1573 71.2381 3.2400
v -46.2697 74.4427 -3.3355
v -43.2323 75.0732 -0.2675
v -43.4070 75.1519 -6.4279
v -36.2980 75.1724 -6.6737
v -36.2980 75.3999 -3.8321
v -51.3256 73.6613 -15.7303
v -52.9962 71.7277 -16.8693
v -53.0920 73.7088 -15.9685
v -62.0671 71.2973 -14.5898
v -61.9720 71.5437 -12.3500
v -62.1004 72.7620 -12.9207
v -61.7822 71.5437 3.6927
v -62.0305 72.7620 3.1628
v -62.3566 71.2973 1.5258
v -47.7525 71.2723 -3.4267
v -48.4101 73.6741 -4.4583
v -48.4101 71.6325 -3.5819
v -56.4400 73.7534 -4.0465
v -54.6864 71.7426 -3.3703
v -54.6864 73.7897 -4.3088
v -54.6864 71.7426 -9.7780
v -56.4400 73.7534 -9.1017
v -54.6864 73.7897 -8.8394
v -64.5818 71.2784 -6.5743
v -64.4314 72.8014 -8.3294
v -64.2334 71.5328 -8.9141
v -64.4314 72.8014 -4.8188
v -64.2334 71.5328 -4.2341
v -48.4101 73.6741 -8.6900
v -47.8467 71.2595 -9.9576
v -48.4101 71.6325 -9.5663
v -55.1036 73.6738 -11.5127
v -53.6493 71.7277 -10.7196
v -53.5535 73.7088 -11.6201
v -54.7224 73.6738 3.0692
v -52.9590 71.7277 3.5661
v -53.0593 73.7088 2.6659
v -62.3987 72.7620 -0.1428
v -61.2536 74.0807 1.4031
v -53.6432 71.7277 -2.5799
v -55.2513 73.6738 -1.6831
v -53.5431 73.7088 -1.6801
v -62.2727 71.5437 -0.7144
v -54.5988 73.6738 -16.2675
v -32.1103 73.9532 -11.3660
v -36.2980 74.9448 -9.5154
v -32.1103 74.7420 -6.9141
v -48.2115 73.6741 -11.0713
v -48.3040 71.6325 -10.1998
v -48.2057 73.6741 -2.1788
v -48.3024 71.6325 -3.0497
v -46.3136 74.4720 -9.7865
v -51.2938 73.6613 2.4945
v -52.8312 73.7406 -4.3088
v -51.7874 73.6613 -11.3818
v -52.8312 73.7406 -8.8394
v -51.7776 73.6613 -1.8515
v -62.8910 71.6459 -3.1159
v -64.2334 71.5328 -4.2341
v -62.5125 69.3012 -3.9712
v -64.5818 71.2784 -6.5743
v -63.8220 69.5611 -6.5743
v -61.7822 71.5437 3.6927
v -61.6389 69.6260 1.4458
v -60.2013 69.3747 3.7674
v -60.1482 68.6634 1.2799
v -60.7470 69.3747 -1.1347
v -62.3566 71.2973 1.5258
v -62.2727 71.5437 -0.7144
v -61.1941 71.6529 -1.9003
v -54.0543 64.8975 10.5149
v -54.6488 65.3117 9.0679
v -54.4655 63.0655 8.9846
v -53.1936 61.6846 10.5149
v -53.6493 71.7277 -10.7196
v -54.0245 69.5724 -11.5664
v -53.2494 69.7468 -11.6201
v -45.7155 62.3795 6.3525
v -47.0640 62.5250 8.9748
v -47.6424 61.2573 7.0733
v -43.8146 63.8296 7.3655
v -45.2695 63.4709 8.0131
v -42.8223 63.0542 4.5092
v -43.5949 64.2197 1.7024
v -41.8578 63.2790 3.8949
v -47.1025 68.0341 -3.3318
v -43.3338 65.5118 -0.6875
v -46.5937 67.5381 -0.4194
v -48.3040 71.6325 -10.1998
v -48.2115 69.5910 -11.0713
v -47.8467 71.2595 -9.9576
v -46.3695 67.4301 -12.9625
v -42.3422 65.4517 -12.5867
v -46.8654 67.9304 -9.5947
v -32.1103 66.2613 -6.5618
v -32.0026 66.7719 -2.8322
v -33.7160 65.2815 0.1995
v -53.5013 61.0285 9.0679
v -52.8351 60.9492 6.7048
v -52.1290 60.2992 8.6585
v -46.4085 63.0981 4.0822
v -47.3422 62.7092 4.5205
v -38.6074 63.6603 -1.0417
v -37.4407 66.0895 -6.5560
v -17.0474 46.6489 -18.7708
v -18.0409 52.1967 -15.8453
v -9.2448 54.8340 -19.8994
v -18.6866 41.6244 -19.1552
v -22.5346 44.4328 -8.4804
v -17.0474 46.6489 -18.7708
v 0.0000 120.1122 0.6866
v -2.3963 119.5890 1.5743
v -1.4336 117.6933 3.7735
v -9.0197 137.5546 3.8095
v -12.7749 135.0561 3.3767
v -9.2283 136.8478 4.4900
v -4.2777 139.4714 0.0296
v -5.3322 139.4985 1.1887
v -3.9294 137.6400 3.3343
v 0.2498 121.3045 -0.0360
v 0.9337 126.8414 -0.2294
v 0.6363 126.5592 0.9682
v -2.6397 138.0018 1.2991
v -1.9564 138.0405 -1.7521
v -3.8961 139.4348 -1.5328
v -6.3464 137.7788 3.9163
v -7.1029 139.4985 1.1887
v -6.2223 140.0000 -1.5459
v -12.9542 113.3091 5.0500
v -13.8529 107.2174 6.9906
v -9.2466 114.3148 6.3461
v -15.0043 114.5231 2.1056
v -16.0579 110.0316 4.5879
v -5.9950 118.1551 1.0151
v -11.4425 117.0979 -0.1193
v -9.1728 114.6284 5.0397
v 0.1559 130.6497 1.9851
v -0.5356 132.1513 3.6918
v -1.1371 131.5214 3.0298
v 0.0634 132.9560 3.8580
v -15.7160 115.8625 -1.4965
v -17.7142 111.4277 -0.5344
v 0.5210 130.7329 1.6008
v -8.2910 139.4653 -0.2330
v -4.4629 116.8844 6.0777
v -8.8382 139.4348 -1.5328
v -10.2822 138.0149 1.0917
v -11.6551 114.6772 3.8479
v 0.6229 122.0457 -1.5959
v 1.0401 126.9649 -0.7736
v -16.7491 120.6030 -0.3828
v -17.0913 124.0681 1.5273
v -17.2914 124.0620 0.4109
v -12.2954 114.1168 4.5123
v -14.1371 114.7263 2.6565
v -13.2657 117.0161 -0.1284
v -15.5586 116.5427 -0.4463
v -16.8534 124.0720 2.1971
v -2.3573 111.9835 -22.2320
v -2.5589 115.4346 -20.1971
v 0.0000 113.5867 -24.4691
v -1.2848 114.1467 -24.1497
v -4.3146 98.4960 -29.4300
v -2.1999 94.7045 -28.6092
v -3.9602 91.6491 -27.3095
v -2.0678 91.6640 -27.4681
v -1.8271 105.2033 -35.9811
v -2.6992 104.7137 -28.7459
v -1.9568 108.3713 -34.7552
v -1.7515 110.1628 -32.0508
v -0.8556 96.8413 -31.3297
v -2.3322 98.5299 -29.6490
v -1.6975 100.0740 -34.4569
v -0.9465 91.6729 -31.1711
v -1.7658 122.7385 -9.8924
v -0.8458 80.0714 -23.7651
v -1.9735 82.3814 -20.3393
v -3.2528 82.2454 -20.1932
v -1.8982 117.7040 -26.2599
v -10.9630 98.6293 6.5901
v -9.0459 94.9620 -6.8915
v -6.0929 100.5968 -0.1931
v -6.6203 94.9464 3.6866
v -10.3572 96.0497 6.8830
v -10.3896 93.4701 7.8597
v -8.9233 89.0841 -2.6602
v -9.8872 90.7471 9.5651
v -7.3676 88.3273 11.9772
v -4.3543 86.5472 13.8635
v -9.8872 90.7471 9.5651
v -10.3896 93.4701 7.8597
v -11.0963 93.5808 6.0231
v -12.3866 90.8767 8.3325
v -9.1020 88.0885 10.9932
v -10.3572 96.0497 6.8830
v -11.3666 96.1552 7.6004
v -11.9599 92.9607 8.0189
v -10.9630 98.6293 6.5901
v -13.4481 97.8793 8.3922
v -14.5303 91.5185 8.4255
v -7.3676 88.3273 11.9772
v -2.7297 119.1492 39.5707
v -3.6082 120.0054 38.4924
v -2.8075 113.6154 35.4144
v -5.0397 119.3758 38.6821
v -4.6331 120.2147 37.9937
v -9.7649 119.4838 37.2061
v -7.9734 115.8222 41.2474
v -2.8511 117.1937 41.4158
v -2.4445 118.0325 40.7274
v -4.7545 118.2591 39.8388
v -3.8760 117.4029 40.9171
v -0.4097 128.7466 -8.7693
v -1.7658 122.7385 -9.8924
v -4.6535 124.1791 -11.5176
v -6.2223 140.0000 -1.5459
v -8.2910 139.3924 -3.3419
v -8.8382 139.4348 -1.5328
v -14.9018 117.6167 -5.8181
v -17.7377 112.4258 -5.5292
v -15.7160 115.8625 -1.4965
v -10.7834 120.6026 -11.0533
v -4.5794 122.2181 -10.8023
v -6.7390 121.3408 -13.2858
v -4.5794 122.2181 -10.8023
v -17.7142 111.4277 -0.5344
v -4.2777 139.3902 -3.4346
v -3.8961 139.4348 -1.5328
v -3.2528 82.2454 -20.1932
v -5.1089 82.1093 -19.3168
v -10.7824 108.5842 -23.1556
v -15.2819 110.9430 -15.7413
v -9.7121 111.6065 -19.7936
v -24.9672 96.7699 -5.1132
v -24.4529 101.1110 -5.0058
v -24.6917 100.0624 -8.6363
v -13.8443 81.1262 -2.3200
v -16.7555 83.5121 -5.9840
v -13.8086 81.2427 -7.6458
v -21.0540 90.3076 1.4422
v -13.4481 97.8793 8.3922
v -10.9630 98.6293 6.5901
v -13.4194 101.9877 7.1566
v -13.8529 107.2174 6.9906
v -14.5303 91.5185 8.4255
v -16.0289 96.3572 8.5807
v -15.9081 89.5377 6.6999
v -13.7067 88.6384 7.5876
v -2.1871 79.7368 4.1350
v -20.9859 97.4754 -17.7365
v -21.9962 100.4961 3.7747
v -22.8329 103.4695 -0.6220
v 0.0000 81.8796 9.1783
v 0.0000 81.9098 13.3404
v -3.6057 81.8796 9.1783
v -4.6093 82.4031 12.5495
v -19.2601 98.9606 6.8189
v -21.0774 96.8794 5.3166
v -18.1376 93.9551 7.3314
v -19.9357 92.2686 4.8481
v -17.5885 109.9837 -11.4523
v -18.2270 107.6362 -14.4196
v -23.3490 102.8769 -10.7400
v -23.2977 100.8307 -13.1919
v -17.7377 112.4258 -5.5292
v 19.5069 34.0668 -5.2886
v 17.6322 31.3984 -5.3481
v 18.6991 32.6829 -10.9441
v 16.7915 30.4131 -9.0191
v 21.1223 37.5548 -9.9525
v -19.5069 34.0668 -5.2886
v -17.6322 31.3984 -5.3481
v -18.5256 33.4787 -2.2761
v -16.7918 30.4131 -9.0191
v -17.6322 31.3984 -5.3481
v -18.6991 32.6829 -10.9441
v -11.5487 26.6302 -5.8108
v 11.5487 26.6302 -5.8108
v 18.5256 33.4787 -2.2761
v 21.3623 38.5861 -1.7460
v -21.3623 38.5861 -1.7460
v -21.1223 37.5548 -9.9525
v -23.7419 40.6359 -13.6018
v -22.9174 42.9556 -9.8326
v -21.7171 42.9330 -12.4424
v -9.0279 27.9836 -13.5259
v -11.6490 26.2413 -17.1490
v -11.4672 27.9836 -17.0944
v -9.2844 31.4054 -2.2886
v -8.0756 27.9836 -8.3242
v -8.1903 30.8243 -8.1409
v -23.1053 26.2413 -17.1682
v -25.1362 27.9836 -12.9991
v -23.2984 27.9836 -17.2493
v -18.8199 40.6340 -4.5696
v -14.4348 44.0750 -10.9441
v -20.1395 43.9686 -9.9528
v -10.4375 37.0252 -4.0798
v -13.0348 36.6214 -1.5645
v -9.4022 28.3185 -2.2557
v -16.2528 38.6773 -1.8845
v -16.7308 36.2794 -0.2812
v -21.4365 39.0155 -3.1540
v -19.9543 37.9995 -1.5855
v -20.3277 36.7776 -0.9804
v -11.4947 34.7723 -16.9510
v -17.9256 34.6732 -19.1985
v -17.6480 37.2211 -19.0551
v -17.6068 38.1752 -18.8413
v -24.0438 41.3414 -9.3872
v -10.8935 20.1941 -2.9511
v -17.1276 15.9100 -9.3308
v -17.1276 20.1941 -0.3084
v -8.3111 20.1941 -9.3308
v -23.3618 20.1941 -2.9511
v -25.9442 20.1941 -9.3308
v -10.8935 20.1941 -15.7108
v -17.1276 20.1941 -18.3535
v -23.3618 20.1941 -15.7108
v -8.9629 11.3583 -12.1673
v -10.4890 14.2265 -16.0497
v -7.7392 14.2265 -9.3308
v -25.2881 11.3583 -12.1673
v -23.7663 14.2265 -16.0497
v -23.8074 11.4151 -15.6116
v -8.4487 11.3043 -7.5037
v -10.4890 14.2265 -2.6123
v -9.0432 11.3644 -2.1459
v -25.8023 11.3043 -7.5037
v -23.7663 14.2265 -2.6123
v -26.5161 14.2265 -9.3308
v -11.9769 12.5754 0.0427
v -10.4436 11.4151 -15.6116
v -22.9845 12.0422 13.7412
v -17.1255 11.1579 16.7756
v -17.1255 13.6991 13.8327
v -22.0011 14.0020 9.2210
v -25.6516 11.7109 9.0359
v -22.2738 12.5754 0.0427
v -25.2078 11.3644 -2.1459
v -12.8600 11.4294 -17.8875
v -21.3910 11.4294 -17.8875
v -17.1276 14.2265 0.1708
v -17.1255 13.1973 0.2642
v -25.2130 11.3104 0.7168
v -11.2665 12.0422 13.7412
v -23.5283 7.9829 16.7482
v -26.4633 7.8539 13.4877
v -9.0380 11.3104 0.7168
v -12.2499 14.0020 9.2210
v -8.5994 11.7109 9.0359
v 21.4365 39.0155 -3.1540
v 24.0438 41.3414 -9.3872
v 22.9174 42.9556 -9.8326
v 23.3572 29.4846 -17.3585
v 25.1361 27.9836 -12.9991
v 23.2984 27.9836 -17.2493
v 11.6490 26.2413 -17.1490
v 9.0279 27.9836 -13.5259
v 11.4672 27.9836 -17.0944
v 8.0756 27.9836 -8.3242
v 9.2844 31.4054 -2.2886
v 8.1903 30.8243 -8.1409
v 25.7788 27.9836 -8.3221
v 24.3254 31.9605 -1.0865
v 24.3065 28.3878 -1.1381
v 24.0082 24.5703 -1.8494
v 25.3616 24.4989 -8.3864
v 23.1053 26.2413 -17.1685
v 25.8819 31.8556 -8.2699
v 14.4367 44.0750 -10.9441
v 10.4375 37.0252 -4.0798
v 13.0348 36.6214 -1.5645
v 9.4022 28.3185 -2.2557
v 16.7308 36.2794 -0.2812
v 16.2528 38.6773 -1.8845
v 19.9543 37.9995 -1.5855
v 18.8199 40.6340 -4.5696
v 23.2309 37.8525 -2.4970
v 17.9256 34.6732 -19.1985
v 11.4947 34.7723 -16.9510
v 17.6480 37.2211 -19.0551
v 17.6068 38.1752 -18.8413
v 11.2665 12.0422 13.7412
v 12.2499 14.0020 9.2210
v 8.5994 11.7109 9.0359
v 20.1395 43.9686 -9.9528
v 23.7419 40.6359 -13.6018
v 17.1276 15.9100 -9.3308
v 10.8935 20.1941 -2.9511
v 17.1276 20.1941 -0.3084
v 8.3111 20.1941 -9.3308
v 23.3618 20.1941 -2.9511
v 25.9442 20.1941 -9.3308
v 10.8935 20.1941 -15.7108
v 17.1276 20.1941 -18.3535
v 23.3618 20.1941 -15.7108
v 10.4890 14.2265 -16.0497
v 8.9629 11.3583 -12.1673
v 7.7392 14.2265 -9.3308
v 23.7663 14.2265 -16.0497
v 25.2881 11.3583 -12.1673
v 23.8074 11.4151 -15.6116
v 10.4890 14.2265 -2.6123
v 8.4487 11.3043 -7.5037
v 23.7663 14.2265 -2.6123
v 25.8023 11.3043 -7.5037
v 26.5161 14.2265 -9.3308
v 10.4436 11.4151 -15.6116
v 17.1255 11.1579 16.7756
v 22.9845 12.0422 13.7412
v 17.1255 13.6991 13.8327
v 22.0011 14.0020 9.2210
v 25.6517 11.7109 9.0359
v 22.2738 12.5754 0.0427
v 25.2078 11.3644 -2.1459
v 12.8600 11.4294 -17.8875
v 21.3910 11.4294 -17.8875
v 17.1276 14.2265 0.1708
v 17.1255 13.1973 0.2642
v 25.2130 11.3104 0.7168
v 10.7227 7.9829 16.7482
v 7.7877 7.8539 13.4877
v 23.5283 7.9829 16.7482
v 26.4633 7.8539 13.4877
v -14.4934 59.5683 -19.4873
v -13.8065 63.8750 -16.8357
v -13.6259 60.5484 -20.8517
v -13.1629 64.2765 -18.6195
v -1.8744 71.0523 -30.1286
v 0.0040 71.4538 -29.3703
v -1.9220 65.7385 -33.5205
v -12.7145 67.3267 -15.3670
v -9.4479 71.6331 -14.0920
v -12.0306 67.7602 -17.1237
v -8.7488 71.6957 -16.0542
v -4.8692 53.2848 -32.0667
v -7.9103 53.6050 -29.3684
v -13.8065 55.7143 -22.6920
v -13.1629 57.2788 -23.6415
v -12.7145 53.2469 -25.4711
v -12.0306 54.7754 -26.4420
v -10.0967 55.2324 -26.4572
v -11.3617 57.8227 -23.4060
v -11.9007 60.7607 -21.1409
v -11.3617 63.8958 -19.0478
v -6.1774 74.6349 -14.6773
v -5.5768 74.5776 -16.7988
v 0.0040 76.1759 -14.5459
v 0.0040 76.0591 -16.8705
v 0.0040 49.5753 -33.6355
v -6.1774 50.1964 -32.2155
v 0.0040 51.8182 -34.2666
v -5.5768 52.2272 -32.8381
v -9.4479 50.6005 -29.1857
v -8.7488 52.4609 -29.8577
v 0.0040 76.1759 -14.5459
v 0.0040 75.0095 -13.9428
v 6.1854 74.6349 -14.6773
v 5.7476 73.0369 -13.9492
v 7.4787 50.4129 -27.7850
v 5.4579 50.0143 -30.4711
v 9.4556 50.6005 -29.1857
v 6.1854 50.1964 -32.2155
v 0.0040 49.5753 -33.6355
v 0.0040 49.3761 -32.3385
v 11.7375 53.0343 -23.8282
v 12.7224 53.2469 -25.4711
v 12.8996 55.3882 -21.0534
v 13.8141 55.7143 -22.6920
v 13.4972 58.8314 -18.4566
v 14.5010 59.5683 -19.4873
v 12.8996 62.4149 -16.0109
v 13.8141 63.8750 -16.8357
v 11.7375 65.8147 -14.6563
v 12.7224 67.3267 -15.3670
v 7.9481 70.0854 -13.6674
v 9.4556 71.6331 -14.0920
v 3.1262 72.5363 -25.9347
v 5.5845 74.5776 -16.7988
v 6.1854 74.6349 -14.6773
v 8.7564 71.6957 -16.0542
v 9.4556 71.6331 -14.0920
v 8.0717 11.8256 3.0951
v 6.4056 7.9716 2.7157
v 6.0301 7.8658 8.7882
v 11.3434 14.0633 3.6240
v 22.9076 14.0633 3.6240
v 17.1255 15.1007 4.2591
v 17.1255 14.9848 9.5587
v 0.0000 42.0969 -43.4613
v 6.9699 36.3966 -36.8941
v 8.0500 32.7573 -32.6700
v 3.9465 35.4821 -38.0486
v 4.2487 31.6333 -33.9606
v 10.1413 27.2707 -21.1561
v 4.9698 25.5861 -21.8455
v 0.0000 31.3621 -34.6899
v 0.0000 25.1975 -21.9068
v 15.9011 31.3179 -20.1910
v 11.8574 34.5447 -31.0168
v 10.7632 26.0830 -15.9148
v 16.1909 28.9786 -15.9334
v 5.1056 24.0140 -10.7608
v 5.1306 24.2769 -16.1534
v 11.1686 26.0363 -11.2812
v 11.1686 26.0363 -11.2812
v 11.5487 26.6302 -5.8108
v 5.1056 24.0140 -10.7608
v 5.1876 24.5758 -4.1835
v 11.8900 28.4719 -0.7296
v 5.6381 27.5996 3.0905
v 0.0000 35.0383 -38.5516
v 12.9518 56.4662 10.7837
v 11.1387 62.9532 9.3842
v 6.3147 56.5110 14.6090
v 5.8989 62.9731 12.8874
v 14.4239 42.9071 9.9369
v 14.1664 49.5582 11.0579
v 6.9754 43.0630 14.1582
v 7.0166 49.6699 15.0434
v 13.0360 32.2049 4.4244
v 6.1722 32.0414 8.6198
v 13.0360 32.2049 4.4244
v 13.9688 37.3074 7.5888
v 6.1722 32.0414 8.6198
v 6.6307 37.1860 11.5902
v 9.2600 37.6682 -36.0427
v 18.9529 37.5529 -19.4605
v 15.9011 31.3179 -20.1910
v 18.6866 41.6244 -19.1552
v 17.0474 46.6489 -18.7708
v 0.0000 52.1412 -30.8445
v 0.0000 50.5480 -35.1502
v 0.0000 58.2558 -21.7921
v 9.2448 54.8340 -19.8994
v 22.2378 66.1929 -6.0752
v 21.4258 66.3985 -2.2862
v 18.0961 63.8381 -5.0699
v 18.3786 62.6857 -5.0357
v 17.0721 64.9728 -9.6789
v 17.1398 63.7921 -9.9512
v 17.1398 63.7921 -9.9512
v 17.4848 63.1396 0.4688
v 12.2048 76.5898 -5.9264
v 15.4546 75.9194 -6.2470
v 15.3078 74.3335 -10.5155
v 12.3539 74.7118 -10.5430
v 8.9855 77.4195 -5.6021
v 7.5995 78.3932 -5.5042
v -9.6267 84.0865 9.2768
v -9.1829 82.6437 6.7692
v -20.8789 87.1874 -11.1033
v -22.0310 91.5939 -13.8184
v 18.9529 37.5529 -19.4605
v 20.2032 37.5810 -14.6749
v 15.9011 31.3179 -20.1910
v 18.0247 31.8928 -15.9036
v 21.6381 50.6145 -8.4639
v 22.4281 43.4247 0.0906
v 21.9242 49.7684 0.5594
v 19.7966 57.4640 -8.1320
v 18.3786 62.6857 -5.0357
v 20.1007 56.5550 0.6540
v 17.4848 63.1396 0.4688
v 0.0000 74.5471 -14.1783
v 0.0000 69.7743 -16.0216
v 6.8293 70.0018 -14.4879
v 0.0000 78.5753 -12.9356
v 11.2848 70.6982 -12.7276
v 0.0000 65.1009 -17.8344
v 7.7685 64.8170 -15.9816
v 7.5995 78.3932 -5.5042
v 14.3961 64.7261 -12.4720
v 50.2808 67.0367 4.8158
v 49.5421 68.3474 7.0733
v 52.5082 66.4443 5.7415
v 51.7447 67.8312 8.0933
v 54.0544 64.8975 10.5149
v 52.9477 65.8739 10.5921
v 36.2980 69.5537 -15.2538
v 32.1103 70.5713 -12.0666
v 36.2980 73.4654 -14.0362
v 32.1103 73.9532 -11.3660
v 47.9715 74.5199 -0.0760
v 47.7375 73.6741 2.0269
v 47.7647 73.6741 -15.2792
v 47.6722 71.6325 -16.1509
v 45.2958 73.5289 -15.2477
v 45.2766 70.6113 -16.0472
v 41.9868 69.6639 -16.1436
v 45.7975 74.3842 -12.7511
v 36.2980 69.5537 -15.2538
v 55.9925 71.6578 -17.6355
v 56.1060 73.6387 -16.5667
v 57.8004 71.6578 -18.0580
v 57.9209 73.6387 -16.9220
v 60.1317 71.6664 -2.3820
v 60.1317 73.7171 -3.6100
v 58.1936 71.6664 -2.6284
v 58.1936 73.7171 -3.7842
v 60.1317 73.7171 -9.5382
v 63.1289 73.4511 -9.0227
v 60.1317 71.6664 -10.7663
v 62.8910 71.6459 -10.0324
v 58.1936 73.7171 -9.3641
v 58.1936 71.6664 -10.5198
v 58.6237 71.6578 -10.3029
v 58.5032 73.6387 -11.4386
v 56.7673 71.6578 -10.3362
v 56.6538 73.6387 -11.4053
v 60.8873 71.6529 -11.1692
v 61.0111 73.3904 -12.1444
v 60.1955 71.6529 -17.6861
v 60.5212 73.3904 -16.7586
v 51.2938 73.6613 2.4945
v 51.5357 74.4619 0.3215
v 54.7224 73.6738 3.0692
v 54.9868 74.5394 0.6930
v 53.0593 73.7088 2.6659
v 53.3012 74.5294 0.4929
v 58.1988 73.6387 3.8373
v 58.5038 74.5492 1.0969
v 56.3857 73.6387 3.4724
v 56.6727 74.5492 0.8931
v 51.7776 73.6613 -1.8515
v 55.2513 73.6738 -1.6831
v 53.5428 73.7088 -1.6798
v 58.8088 73.6387 -1.6432
v 56.9597 73.6387 -1.6862
v 53.6432 71.7277 -2.5799
v 60.1317 68.8677 -9.5382
v 60.1317 67.9099 -6.5743
v 58.1936 68.9751 -9.3641
v 58.1936 67.9569 -6.5743
v 55.1869 69.5153 -8.9706
v 55.1869 68.1894 -6.5743
v 54.3100 69.6953 -8.8394
v 54.3100 68.2671 -6.5743
v 48.4101 69.5910 -8.6900
v 48.4101 68.7451 -6.5743
v 47.7375 69.5910 2.0269
v 47.6405 71.6325 2.8981
v 58.0725 71.6578 4.9723
v 56.2667 71.6578 4.5410
v 58.1988 68.9458 3.8373
v 56.3857 69.0495 3.4724
v 58.5038 68.0188 1.0969
v 56.6727 68.0643 0.8931
v 53.7688 68.7106 0.5930
v 52.9260 68.9260 0.4929
v 47.9715 68.7451 -0.1162
v 58.8088 68.9458 -1.6432
v 56.9597 69.0495 -1.6862
v 58.9351 71.6578 -2.7785
v 54.1117 65.7134 6.7048
v 54.3969 63.0838 7.4280
v 57.0787 71.6578 -2.7544
v 40.2238 64.4287 5.4417
v 36.3722 63.9107 3.0680
v 41.8578 63.2790 3.8949
v 38.9960 63.4022 0.7964
v 44.6717 66.3479 2.4271
v 45.6597 68.0246 2.1974
v 45.1573 71.2381 3.2400
v 43.5641 69.2341 3.0262
v 46.8654 67.9304 -9.5947
v 47.0771 67.5875 -6.6042
v 47.6722 71.6325 -16.1509
v 47.7647 69.5910 -15.2795
v 57.8004 71.6578 -18.0580
v 57.9209 68.9458 -16.9220
v 55.9925 71.6578 -17.6355
v 56.1060 69.0495 -16.5667
v 58.6237 71.6578 -10.3029
v 56.7673 71.6578 -10.3362
v 58.5032 68.9458 -11.4386
v 56.6538 69.0495 -11.4053
v 58.2122 68.0188 -14.1805
v 56.3799 68.0643 -13.9858
v 53.7829 68.7106 -13.8422
v 53.0185 68.9260 -13.7943
v 47.9880 68.7451 -13.1754
v 42.0192 64.1291 6.4035
v 42.8223 63.0542 4.5092
v 43.8146 63.8296 7.3655
v 45.7155 62.3795 6.3525
v 44.6717 66.3479 2.4271
v 47.8583 67.2615 4.4220
v 43.5641 69.2341 3.0262
v 50.0115 64.4219 3.9227
v 50.2808 67.0367 4.8158
v 9.2448 54.8340 -19.8994
v 10.8910 123.5626 21.1696
v 0.0000 126.4552 21.5505
v 11.2751 123.4907 26.8129
v 0.0000 126.4854 27.2073
v 0.0000 124.9038 16.0786
v 9.7649 122.3105 15.7370
v 0.0000 121.9371 11.1643
v 9.7649 88.7815 11.3230
v 0.0000 86.1882 10.9813
v 8.0155 92.0432 6.9019
v 0.0000 89.7631 6.5389
v 15.4768 106.6580 9.0593
v 13.8529 107.2174 6.9906
v 10.8910 122.0994 32.2827
v 0.0000 124.9923 32.6636
v 0.0000 122.0775 37.5474
v 9.7649 119.4838 37.2061
v 0.0000 83.2733 15.8654
v 10.8910 86.1659 16.2461
v -0.7580 130.8208 0.8611
v -0.1714 134.3637 2.4186
v -0.1263 133.7994 3.1421
v -0.8733 130.8809 0.2495
v 1.1371 131.5214 3.0298
v 2.3963 119.5890 1.5743
v 10.3283 132.2971 4.7856
v 0.5356 132.1513 3.6918
v -0.0634 132.9560 3.8580
v 12.6617 134.2203 4.9332
v 9.5410 135.6369 5.4359
v 15.5052 132.0391 2.5479
v 15.0412 131.5431 4.0398
v 16.9892 128.8036 1.6438
v 16.5642 128.3220 2.9695
v -0.0949 135.2092 -2.5101
v -0.8913 131.1597 -3.4846
v -1.0267 127.5073 -4.1737
v 16.3095 128.0328 3.7647
v 14.7631 131.2454 4.9351
v 3.5389 136.8253 3.8781
v 15.5561 123.9488 1.7646
v 16.1412 124.0010 1.9324
v 14.6594 126.8569 2.8407
v 15.4094 127.3862 3.5551
v 13.7372 130.3858 4.7703
v 13.1928 129.7199 4.3277
v 11.5944 132.6909 5.8819
v -0.5341 122.5679 -4.8570
v 2.9536 135.4529 4.6184
v 12.5937 133.3873 5.8639
v 2.4643 134.0321 5.3343
v 9.8539 134.2612 6.2991
v 0.0000 110.9006 -32.5776
v 0.0000 108.9802 -35.7923
v 0.0000 80.8569 -32.5349
v 0.0000 79.0847 -27.5996
v 0.0000 84.5413 -34.8516
v 1.7774 84.7057 -33.8471
v 0.8556 96.8413 -31.3297
v 0.0000 96.7671 -32.1326
v 1.6975 100.0740 -34.4569
v 0.0000 99.9507 -35.4049
v 2.6586 85.6873 -23.3886
v 1.6950 88.2443 -33.1797
v 4.2579 85.7071 -23.3520
v 0.0000 105.2411 -37.1698
v 1.8271 105.2033 -35.9811
v 0.0000 88.2385 -34.3175
v 3.2528 82.2454 -20.1932
v 2.8304 119.1559 -17.9012
v 1.9683 125.7717 -25.0690
v 3.7579 121.8081 -14.3116
v 0.0000 102.0716 -3.4380
v 0.0000 95.0660 -7.9014
v 0.0000 94.4108 2.4439
v 0.0000 88.4100 -4.4510
v 0.0000 85.9417 14.2662
v 4.3543 86.5472 13.8635
v 4.4717 85.4216 14.0944
v 0.0000 84.5096 14.6514
v 0.0000 85.9417 14.2662
v 5.6388 111.3640 44.1315
v 4.4238 128.6594 -11.5386
v 10.5049 128.6594 -11.5386
v 10.6070 123.6044 -11.2693
v 4.4186 132.2749 -10.6754
v 10.2868 132.2749 -10.6754
v 4.6294 135.6390 -8.8934
v 9.5187 135.6390 -8.6436
v 8.3459 138.2028 -6.5752
v 4.9488 138.2040 -6.5264
v 10.9228 138.3214 -1.5068
v 10.4768 138.2449 -4.7831
v 2.9563 138.2449 -4.7777
v 1.9564 138.0405 -1.7521
v 0.0000 123.0118 -7.4582
v -0.5341 122.5679 -4.8570
v -1.0267 127.5073 -4.1737
v 15.7059 123.8405 -7.3930
v 17.4269 123.9757 -1.7966
v 15.3045 120.4312 -7.0998
v 16.8455 120.5587 -1.6523
v 1.7936 135.6958 -6.2189
v -0.0949 135.2092 -2.5101
v 8.4505 118.6724 -15.9030
v -0.8913 131.1597 -3.4846
v 0.8809 131.7313 -7.9625
v 15.6986 128.7506 -7.6391
v 17.2637 128.8887 -1.7304
v 7.3048 139.3613 -4.6794
v 5.3322 139.3613 -4.6794
v 13.7107 135.4871 -1.4257
v 12.8597 135.6973 -6.1494
v 15.8246 132.4896 -1.4940
v 14.7021 132.3581 -7.1248
v 9.1731 114.7830 -17.8356
v 13.8443 81.1262 -2.3200
v 13.8086 81.2427 -7.6458
v 8.8397 78.5981 -9.6468
v 17.0410 100.6276 7.6870
v 7.6105 80.0733 1.6090
v 0.0000 76.9205 -4.7697
v 4.7880 77.3805 -10.4515
v 0.0000 76.9629 -10.4497
v 21.4227 105.3119 0.3429
v 22.8329 103.4695 -0.6220
v 22.0697 106.3072 -5.2468
v 23.3816 104.1976 -5.1754
v 22.0310 91.5939 -13.8184
v 23.0925 97.2146 -14.2235
v 19.6505 106.5717 1.1432
v 20.2465 107.9083 -5.3963
v 23.3490 102.8769 -10.7400
v 16.6283 113.1133 -9.7981
v 14.1734 113.8112 -14.0935
v 23.2977 100.8307 -13.1919
v 4.2579 85.7071 -23.3520
v -8.0500 32.7573 -32.6700
v -6.9699 36.3966 -36.8941
v -4.2487 31.6333 -33.9606
v -3.9465 35.4821 -38.0486
v -10.1413 27.2707 -21.1561
v -4.9698 25.5858 -21.8455
v -5.1306 24.2769 -16.1534
v -5.1056 24.0140 -10.7608
v -10.7632 26.0830 -15.9148
v -11.1683 26.0363 -11.2812
v -11.5487 26.6302 -5.8108
v -11.1683 26.0363 -11.2812
v -5.1876 24.5758 -4.1835
v -5.1056 24.0140 -10.7608
v -11.8900 28.4719 -0.7296
v -5.6381 27.5996 3.0905
v -11.1387 62.9532 9.3842
v -12.9521 56.4662 10.7837
v -5.8989 62.9731 12.8874
v -6.3147 56.5110 14.6090
v -14.1664 49.5582 11.0579
v -14.4239 42.9071 9.9369
v -7.0166 49.6699 15.0434
v -6.9754 43.0630 14.1582
v -13.0360 32.2049 4.4244
v -6.1722 32.0414 8.6198
v -13.9688 37.3074 7.5888
v -13.0360 32.2049 4.4244
v -6.6307 37.1860 11.5902
v -6.1722 32.0414 8.6198
v -18.9529 37.5529 -19.4605
v -15.9011 31.3179 -20.1910
v -18.6866 41.6244 -19.1552
v -17.0474 46.6489 -18.7708
v -22.2378 66.1929 -6.0752
v -19.8323 74.2149 -1.9076
v -19.4559 70.2544 -0.1559
v -21.4258 66.3985 -2.2862
v -18.3786 62.6857 -5.0357
v -18.0961 63.8381 -5.0699
v -17.1398 63.7921 -9.9512
v -17.0721 64.9728 -9.6789
v -17.4848 63.1396 0.4688
v -15.4546 75.9194 -6.2470
v -12.2048 76.5898 -5.9264
v -13.1187 70.0537 -12.2014
v -14.7017 69.3128 -11.6112
v -12.3539 74.7118 -10.5430
v -15.3078 74.3335 -10.5155
v -7.5995 78.3932 -5.5042
v -8.9855 77.4195 -5.6021
v -4.2579 85.7071 -23.3520
v -18.9529 37.5529 -19.4605
v -15.9011 31.3179 -20.1910
v -20.2035 37.5810 -14.6749
v -18.0250 31.8928 -15.9036
v -21.6381 50.6145 -8.4639
v -21.9242 49.7684 0.5594
v -22.4281 43.4247 0.0906
v -18.9529 37.5529 -19.4605
v -6.8293 70.0018 -14.4879
v -11.2848 70.6982 -12.7276
v -7.7685 64.8170 -15.9816
v -7.5995 78.3932 -5.5042
v -14.3961 64.7261 -12.4720
v -47.7375 73.6741 2.0269
v -47.6405 71.6325 2.8981
v -47.6722 71.6325 -16.1509
v -47.7647 73.6741 -15.2792
v -45.2766 70.6113 -16.0472
v -45.2958 73.5289 -15.2477
v -41.9868 69.6639 -16.1436
v -42.2092 73.7457 -15.0672
v -36.2980 69.5540 -15.2538
v -36.2980 73.4654 -14.0362
v -56.1060 73.6387 -16.5667
v -55.9925 71.6578 -17.6355
v -57.9209 73.6387 -16.9220
v -57.8004 71.6578 -18.0580
v -60.1317 73.7171 -3.6100
v -60.1317 71.6664 -2.3820
v -58.1936 73.7171 -3.7842
v -58.1936 71.6664 -2.6284
v -63.1289 73.4511 -4.1255
v -62.8910 71.6459 -3.1159
v -63.1289 73.4511 -9.0227
v -62.8910 71.6459 -10.0324
v -60.1317 73.7171 -9.5382
v -60.1317 71.6664 -10.7663
v -58.1936 71.6664 -10.5198
v -58.1936 73.7171 -9.3641
v -58.5032 73.6387 -11.4386
v -58.6237 71.6578 -10.3029
v -56.6538 73.6387 -11.4053
v -56.7673 71.6578 -10.3362
v -61.0111 73.3904 -12.1444
v -60.8873 71.6529 -11.1692
v -60.1955 71.6529 -17.6861
v -60.5212 73.3904 -16.7586
v -58.1988 73.6387 3.8373
v -58.0725 71.6578 4.9723
v -56.3857 73.6387 3.4724
v -56.2667 71.6578 4.5410
v -60.8000 73.3904 3.6869
v -60.4691 71.6529 4.6126
v -61.3131 73.3904 -0.9245
v -58.8088 73.6387 -1.6432
v -61.1941 71.6529 -1.9003
v -58.9351 71.6578 -2.7785
v -57.0787 71.6578 -2.7544
v -56.9597 73.6387 -1.6862
v -40.7621 69.5455 5.7364
v -35.8149 70.8916 4.1048
v -60.1317 68.8677 -3.6100
v -60.1317 71.6664 -2.3820
v -52.6842 69.7468 2.6659
v -47.7375 69.5910 2.0269
v -52.9590 71.7277 3.5661
v -47.6405 71.6325 2.8981
v -58.1988 68.9458 3.8373
v -58.5038 68.0188 1.0969
v -56.3857 69.0495 3.4724
v -56.6727 68.0643 0.8931
v -52.9260 68.9260 0.4929
v -47.9715 68.7451 -0.1162
v -58.8088 68.9458 -1.6432
v -56.9597 69.0495 -1.6862
v -53.1679 69.7468 -1.6801
v -48.2057 69.5910 -2.2987
v -58.9351 71.6578 -2.7785
v -51.0809 61.1179 5.7415
v -52.1729 63.6798 4.9015
v -53.4769 63.3303 5.9218
v -49.9032 60.3495 7.9643
v -48.9375 62.0232 4.8158
v -54.3969 63.0838 7.4280
v -54.1117 65.7134 6.7048
v -57.0787 71.6578 -2.7544
v -50.0115 64.4219 3.9227
v -47.3291 65.2208 3.4380
v -44.6717 66.3479 2.4271
v -36.3722 63.9107 3.0680
v -40.2238 64.4287 5.4417
v -38.9960 63.4022 0.7964
v -45.6597 68.0246 2.1974
v -43.5641 69.2341 3.0262
v -45.1573 71.2381 3.2400
v -36.2980 69.5540 -15.2538
v -36.2980 66.3021 -14.9510
v -41.9868 69.6639 -16.1436
v -41.9819 66.5129 -15.9987
v -56.7673 71.6578 -10.3362
v -58.6237 71.6578 -10.3029
v -56.6538 69.0495 -11.4053
v -58.5032 68.9458 -11.4386
v -60.4438 69.3747 -11.9373
v -60.8873 71.6529 -11.1692
v -58.2122 68.0188 -14.1805
v -59.8575 68.6634 -14.3552
v -56.3799 68.0643 -13.9858
v -53.7829 68.7106 -13.8422
v -53.0185 68.9260 -13.7943
v -47.9883 68.7451 -13.1754
v -53.6432 71.7277 -2.5799
v -54.0220 69.5724 -1.6816
v -53.7688 68.7106 0.5930
v -53.5157 69.5724 2.8676
v -42.0192 64.1291 6.4035
v -48.2844 64.9002 3.6677
v -44.6717 66.3479 2.4271
v -47.3291 65.2208 3.4380
v -43.5641 69.2341 3.0262
v -47.8583 67.2615 4.4220
v -41.8712 64.5336 -0.9599
v -9.2448 54.8340 -19.8994
v -2.9197 106.4127 45.6615
v 0.0000 107.1878 45.7637
v -5.6388 111.3640 44.1315
v 0.0000 112.8613 44.3285
v -10.8910 123.5626 21.1696
v -11.2751 123.4907 26.8129
v -9.7649 122.3105 15.7370
v -7.8212 119.9279 10.8858
v -10.8910 122.0994 32.2827
v -9.7649 119.4838 37.2061
v 0.7580 130.8208 0.8611
v 0.1263 133.7994 3.1421
v 0.1714 134.3637 2.4186
v 0.8733 130.8809 0.2495
v -9.5410 135.6369 5.4359
v -12.6617 134.2203 4.9332
v -15.5052 132.0391 2.5479
v -15.0412 131.5431 4.0398
v -16.5642 128.3220 2.9695
v -16.9892 128.8036 1.6438
v 0.0949 135.2092 -2.5101
v 0.1348 134.7740 1.7094
v 0.8913 131.1597 -3.4846
v 1.0267 127.5073 -4.1737
v -16.3096 128.0328 3.7647
v -14.7631 131.2454 4.9351
v 0.5341 122.5679 -4.8570
v -12.5937 133.3873 5.8639
v -9.8539 134.2612 6.2991
v -4.1871 119.1220 -17.6257
v -3.7579 121.8081 -14.3116
v -2.8304 119.1559 -17.9012
v -2.4851 121.9173 -14.4974
v -4.2689 115.2720 -19.9107
v -3.9995 111.9173 -21.7796
v -1.4904 80.4481 -27.3470
v -1.5886 81.8949 -31.7513
v -1.7774 84.7057 -33.8471
v -1.9729 122.5856 -26.9678
v -1.9683 125.7717 -25.0690
v 0.0000 123.2076 -28.0986
v 0.0000 126.5659 -25.8502
v -4.4229 104.6710 -28.4094
v -4.2429 109.0354 -25.6968
v -2.2535 109.0796 -25.9234
v -4.2579 85.7071 -23.3520
v -2.6586 85.6873 -23.3886
v -1.3433 110.9525 -28.2584
v -1.6950 88.2443 -33.1797
v 0.0000 117.4798 -27.1127
v -1.7222 126.7282 -19.6408
v 0.0000 127.6122 -20.4271
v -1.0832 125.5932 -15.5900
v 0.0000 126.3161 -15.5201
v -4.3543 86.5472 13.8635
v -4.4717 85.4216 14.0944
v -5.6388 111.3640 44.1315
v -10.5049 128.6594 -11.5386
v -4.4238 128.6594 -11.5386
v -10.6070 123.6044 -11.2693
v -10.2868 132.2749 -10.6754
v -4.4186 132.2749 -10.6754
v -9.5187 135.6390 -8.6436
v -4.6294 135.6390 -8.8934
v -4.9488 138.2040 -6.5264
v -8.3459 138.2028 -6.5752
v -10.9228 138.3214 -1.5068
v -10.4768 138.2449 -4.7831
v -2.9563 138.2449 -4.7777
v -1.9564 138.0405 -1.7521
v 0.5341 122.5679 -4.8570
v 1.0267 127.5073 -4.1737
v -17.4269 123.9757 -1.7966
v -15.7059 123.8405 -7.3930
v -16.8455 120.5587 -1.6523
v -15.3045 120.4312 -7.0998
v -1.7936 135.6958 -6.2189
v 0.0949 135.2092 -2.5101
v -8.4505 118.6724 -15.9030
v 0.8913 131.1597 -3.4846
v -0.8809 131.7313 -7.9625
v -17.2637 128.8887 -1.7304
v -15.6986 128.7506 -7.6391
v -7.3048 139.3613 -4.6794
v -5.3322 139.3613 -4.6794
v -13.7107 135.4871 -1.4257
v -12.8597 135.6973 -6.1494
v -15.8246 132.4896 -1.4940
v -14.7021 132.3581 -7.1248
v -9.1731 114.7830 -17.8356
v -8.8397 78.5981 -9.6468
v -17.0410 100.6276 7.6870
v -7.6105 80.0733 1.6090
v -24.1564 93.1946 -9.8960
v -22.5196 89.8552 -8.1232
v -4.7880 77.3805 -10.4515
v -19.6505 106.5717 1.1432
v -18.1367 103.5381 5.9423
v -16.7012 87.0886 3.4178
v -17.1038 85.4277 0.1492
v -13.9813 85.8374 5.7766
v -14.0383 84.0264 2.4662
v -21.4227 105.3119 0.3429
v -23.3816 104.1976 -5.1754
v -22.0697 106.3072 -5.2468
v -20.3143 102.2790 5.2907
v -23.0925 97.2146 -14.2235
v -20.2465 107.9083 -5.3963
v -16.6283 113.1133 -9.7981
v -14.1734 113.8112 -14.0935
v -19.1298 107.1771 -13.9645
v -24.2595 97.0536 -10.7190
v -17.6322 31.3984 -5.3481
v -11.8900 28.4719 -0.7296
v 17.6322 31.3984 -5.3481
v 11.8900 28.4719 -0.7296
v -18.6991 32.6829 -10.9441
v 18.0247 31.8928 -15.9036
v 18.6991 32.6829 -10.9441
v -17.9110 26.2413 -18.7376
v -17.9485 27.9836 -18.8513
v -17.0023 31.7354 1.4284
v -17.0456 28.7358 1.5831
v -12.5617 31.6708 0.4453
v -12.5040 28.5900 0.4652
v -24.8821 36.9310 -13.4194
v -22.9433 36.1943 -17.3192
v -21.8275 38.7126 -17.1655
v -21.1848 31.9163 0.7644
v -21.2434 28.6516 0.7964
v -24.3254 31.9605 -1.0865
v -24.3065 28.3878 -1.1381
v -9.0246 30.8460 -13.3285
v -23.2309 37.8522 -2.4970
v -25.5116 37.2369 -8.5536
v -25.8819 31.8556 -8.2699
v -25.2179 31.7406 -13.2062
v -23.4161 31.6839 -17.4677
v -11.4465 29.2708 -17.0611
v -17.9640 29.2775 -18.9700
v -11.4254 31.2565 -17.0279
v -17.9796 31.2697 -19.0890
v -20.6013 39.4841 -17.1173
v -23.3572 29.4846 -17.3585
v -25.7788 27.9836 -8.3221
v -24.0091 35.5193 -1.5624
v -20.8862 34.9559 0.1278
v -16.8168 34.6857 0.5006
v -12.7706 34.6896 -0.3310
v -9.7298 35.0407 -3.2254
v -9.0496 35.1856 -7.8438
v -9.5047 35.1911 -13.2825
v -17.1255 7.9127 18.2660
v -10.7227 7.9829 16.7482
v -17.1255 14.9848 9.5587
v -17.1255 11.5581 -19.0151
v -17.1276 14.2265 -18.8327
v -17.1255 15.1007 4.2591
v -11.3434 14.0633 3.6240
v -7.5125 7.8670 -1.9137
v -6.4056 7.9716 2.7157
v -6.8595 4.3308 -1.9705
v -5.5137 4.2936 2.7437
v -5.1653 4.2838 8.8272
v -6.0301 7.8658 8.7885
v -6.5002 4.3195 -7.9600
v -7.3710 8.0235 -7.9326
v -22.9076 14.0633 3.6240
v -8.0717 11.8256 3.0951
v -28.2209 7.8658 8.7882
v -27.8454 7.9716 2.7157
v -26.1793 11.8256 3.0951
v -7.7877 7.8539 13.4877
v -7.0092 4.3277 13.4417
v 21.0610 24.5703 0.0470
v 21.2434 28.6516 0.7964
v 17.9110 26.2413 -18.7376
v 17.9485 27.9836 -18.8513
v 24.6975 24.4989 -12.9643
v 14.0429 16.0530 -3.6658
v 16.8537 16.0530 -2.4119
v 12.7313 24.5703 -0.1119
v 17.0120 24.5703 0.9694
v 11.6820 16.0530 -6.3144
v 9.8613 24.5703 -2.9945
v 17.0456 28.7358 1.5831
v 17.0023 31.7354 1.4284
v 12.5040 28.5900 0.4652
v 12.5617 31.6708 0.4453
v 24.8821 36.9310 -13.4194
v 21.8275 38.7126 -17.1655
v 22.9433 36.1943 -17.3192
v 21.1848 31.9163 0.7644
v 9.0246 30.8460 -13.3285
v 20.3277 36.7776 -0.9804
v 24.0091 35.5193 -1.5624
v 20.8862 34.9562 0.1278
v 25.5116 37.2369 -8.5536
v 25.2179 31.7406 -13.2062
v 23.4161 31.6839 -17.4677
v 17.9640 29.2775 -18.9700
v 11.4465 29.2708 -17.0611
v 17.9796 31.2697 -19.0890
v 11.4254 31.2565 -17.0279
v -17.6068 38.1752 -18.8413
v -17.6480 37.2211 -19.0551
v 20.6013 39.4841 -17.1173
v 21.7171 42.9330 -12.4424
v 26.1793 11.8256 3.0951
v 17.6068 38.1752 -18.8413
v 17.6480 37.2211 -19.0551
v 12.7706 34.6896 -0.3310
v 16.8168 34.6857 0.5006
v 9.7298 35.0407 -3.2254
v 9.0496 35.1856 -7.8438
v 9.5047 35.1911 -13.2825
v 17.1255 7.9127 18.2660
v 17.1255 11.5581 -19.0151
v 17.1276 14.2265 -18.8327
v -6.1774 74.6349 -14.6773
v -5.7400 73.0369 -13.9492
v -9.4479 71.6331 -14.0920
v -7.9402 70.0854 -13.6674
v -12.7145 67.3267 -15.3670
v -11.7299 65.8147 -14.6563
v -13.8065 63.8750 -16.8357
v -14.4934 59.5683 -19.4873
v -13.8065 55.7143 -22.6920
v -12.7145 53.2469 -25.4711
v -11.7299 53.0343 -23.8282
v -9.4479 50.6005 -29.1857
v -7.4707 50.4129 -27.7850
v -6.1774 50.1964 -32.2155
v -5.4502 50.0143 -30.4711
v -10.0967 67.6525 -17.5440
v -5.3715 71.5553 -26.2483
v -3.5020 69.5730 -30.8869
v 0.0040 52.5393 -31.9813
v 0.0040 52.9163 -33.4750
v 4.8768 53.2848 -32.0667
v 5.5845 52.2272 -32.8381
v 7.9182 53.6050 -29.3684
v 8.7564 52.4609 -29.8577
v 10.1044 55.2324 -26.4572
v 12.0382 54.7754 -26.4420
v 11.3693 57.8227 -23.4060
v 13.1705 57.2788 -23.6415
v 11.9083 60.7607 -21.1409
v 13.6338 60.5484 -20.8517
v 11.3693 63.8958 -19.0478
v 13.1705 64.2765 -18.6195
v 10.1044 67.6525 -17.5440
v 12.0382 67.7602 -17.1237
v 7.9182 70.8574 -16.9876
v 4.8768 73.5298 -17.5382
v 0.0040 74.9631 -17.6529
v -4.8692 73.5298 -17.5382
v -7.9103 70.8574 -16.9876
v 12.7224 67.3267 -15.3670
v 13.8141 63.8750 -16.8357
v 14.5010 59.5683 -19.4873
v 13.8141 55.7143 -22.6920
v 12.7224 53.2469 -25.4711
v 9.4556 50.6005 -29.1857
v 6.1854 50.1964 -32.2155
v 3.6057 81.8796 9.1783
v 9.1829 82.6437 6.7692
v 14.0383 84.0264 2.4662
v 17.1038 85.4277 0.1492
v 24.4529 101.1110 -5.0058
v 20.3143 102.2790 5.2907
v 18.1367 103.5381 5.9423
v 15.6964 104.7696 5.5436
v 24.3434 20.2966 -1.9799
v 23.3618 20.1941 -2.9511
v 17.1276 20.1941 -0.3084
v 17.1276 20.2966 1.0649
v 10.8935 20.1941 -2.9511
v 9.9119 20.2966 -1.9799
v 8.3111 20.1941 -9.3308
v 6.9229 20.2966 -9.3308
v 10.8935 20.1941 -15.7108
v 9.9119 20.2966 -16.6820
v 17.1276 20.1941 -18.3535
v 17.1276 20.2966 -19.7268
v 23.3618 20.1941 -15.7108
v 24.3434 20.2966 -16.6820
v 25.9442 20.1941 -9.3308
v 27.3324 20.2966 -9.3308
v -9.9119 20.2966 -16.6820
v -10.8935 20.1941 -15.7108
v -8.3111 20.1941 -9.3308
v -6.9229 20.2966 -9.3308
v -10.8935 20.1941 -2.9511
v -9.9119 20.2966 -1.9799
v -17.1276 20.1941 -0.3084
v -17.1276 20.2966 1.0649
v -23.3618 20.1941 -2.9511
v -24.3434 20.2966 -1.9799
v -25.9442 20.1941 -9.3308
v -27.3324 20.2966 -9.3308
v -23.3618 20.1941 -15.7108
v -24.3434 20.2966 -16.6820
v -17.1276 20.1941 -18.3535
v -17.1276 20.2966 -19.7268
v 28.2209 7.8658 8.7882
v 27.8454 7.9716 2.7157
v 7.5125 7.8670 -1.9137
v 7.3710 8.0235 -7.9326
v 7.5138 8.0088 -12.1813
v 8.9666 7.9862 -17.5815
v 12.1871 8.0027 -19.9464
v 17.1255 8.0238 -21.4593
v 22.0636 8.0027 -19.9464
v 25.2844 7.9862 -17.5815
v 26.7372 8.0088 -12.1813
v 26.7522 8.0238 -7.9326
v 26.7385 7.8670 -1.9137
v 29.0857 4.2838 8.8272
v 27.2418 4.3277 13.4417
v 23.6260 4.5422 16.9526
v 17.1255 4.8405 18.4100
v 10.6250 4.5422 16.9526
v 7.0092 4.3277 13.4417
v 5.1653 4.2838 8.8272
v 5.5137 4.2936 2.7437
v 6.8595 4.3308 -1.9705
v 6.5002 4.3195 -7.9600
v 6.5917 4.3119 -12.2426
v 8.0912 4.3009 -18.0269
v 11.8305 4.3625 -20.9783
v 17.1255 4.5559 -22.2149
v 22.4205 4.3625 -20.9783
v 26.1598 4.3009 -18.0269
v 27.6593 4.3119 -12.2426
v 27.6950 4.3195 -7.9600
v 27.3915 4.3308 -1.9705
v 28.7373 4.2936 2.7437
v 28.5439 1.9439 8.8236
v 26.5106 1.9439 13.4039
v 23.0498 1.9439 16.4862
v 17.1255 1.9439 17.9381
v 11.2012 1.9439 16.4862
v 7.7404 1.9439 13.4039
v 5.7071 1.9439 8.8236
v 5.9847 1.9439 2.6644
v 7.2438 1.9439 -1.9241
v 7.0376 1.9439 -7.8795
v 7.0410 1.9439 -12.2005
v 8.5362 1.9439 -17.8213
v 11.9836 1.9439 -20.6532
v 17.1255 1.9439 -21.9233
v 22.2674 1.9439 -20.6532
v 25.7148 1.9439 -17.8213
v 27.2100 1.9439 -12.2005
v 27.2131 1.9439 -7.8795
v 27.0072 1.9439 -1.9241
v 28.2664 1.9439 2.6754
v -9.2600 37.6682 -36.0427
v -11.8574 34.5447 -31.0168
v -15.9011 31.3179 -20.1910
v -16.1915 28.9786 -15.9334
v 0.0000 23.9173 -16.4892
v 0.0000 23.3008 -10.7971
v 5.1876 24.5758 -4.1835
v 0.0000 24.1067 -3.7668
v 5.6381 27.5996 3.0905
v 0.0000 27.5450 4.3878
v 0.0000 32.0838 9.8854
v 0.0000 37.3852 13.3682
v 0.0000 43.1414 15.5287
v 0.0000 49.7355 16.4300
v 0.0000 56.6053 16.0265
v 0.0000 62.9731 14.2146
v 0.0000 71.1527 9.9814
v 0.0000 78.4011 3.7439
v 2.5009 79.8835 1.3171
v 0.0000 79.8872 1.7094
v 0.0000 81.0554 -5.2346
v -2.5009 79.8835 1.3171
v 5.4283 43.2115 -41.5284
v 2.7321 47.0750 -44.0296
v -9.2448 54.8340 -19.8994
v 32.1103 74.2524 -1.9336
v 32.1103 74.7420 -6.9141
v 32.1103 73.9532 -11.3660
v 32.1103 70.5713 -12.0666
v 32.1103 67.1846 -10.5463
v 32.1103 66.2613 -6.5618
v 32.0026 66.7719 -2.8322
v 32.0051 70.5231 -1.0218
v 19.4559 70.2544 -0.1559
v 18.9898 65.5323 -1.4208
v 19.1244 64.7852 -5.4460
v 19.4056 65.7732 -9.3201
v 19.8909 69.9018 -11.5529
v 20.1529 73.6899 -10.5271
v 19.9470 74.8765 -6.6222
v 19.8323 74.2149 -1.9076
v 11.2848 70.6982 -12.7276
v 8.8931 75.4887 -10.5082
v 8.9855 77.4195 -5.6021
v 12.0931 75.7062 -0.5118
v 12.6352 73.7262 1.2845
v 15.5567 62.9886 4.5651
v 20.1007 56.5550 0.6540
v 18.2675 56.4031 4.9415
v 21.9242 49.7684 0.5594
v 20.0486 49.5518 4.7145
v 22.4281 43.4247 0.0906
v 20.2304 43.1575 3.5130
v 21.3623 38.5861 -1.7460
v 19.7088 38.1102 1.4666
v 2.5009 79.8835 1.3171
v 3.5615 78.3962 2.7175
v 8.1330 71.0508 6.5660
v 11.1387 62.9532 9.3842
v 12.9518 56.4662 10.7837
v 14.1664 49.5582 11.0579
v 14.4239 42.9071 9.9369
v 13.9688 37.3074 7.5888
v -17.1398 63.7921 -9.9512
v -14.3961 64.7261 -12.4720
v -11.2848 70.6982 -12.7276
v -8.8931 75.4887 -10.5082
v -8.9855 77.4195 -5.6021
v -12.0931 75.7062 -0.5118
v -12.6352 73.7262 1.2845
v -15.5567 62.9886 4.5651
v -20.1007 56.5550 0.6540
v -18.2675 56.4031 4.9415
v -21.9242 49.7684 0.5594
v -20.0486 49.5518 4.7145
v -22.4281 43.4247 0.0906
v -20.2304 43.1575 3.5130
v -21.3623 38.5861 -1.7460
v -19.7088 38.1102 1.4666
v -18.5256 33.4787 -2.2761
v -9.7002 86.5969 10.6241
v -4.5989 84.3034 13.8959
v 0.0000 83.5661 14.5700
v 4.6093 82.4031 12.5495
v 4.5989 84.3034 13.8959
v 9.6267 84.0865 9.2768
v 9.7002 86.5969 10.6241
v 13.9813 85.8374 5.7766
v 16.7012 87.0886 3.4178
v 21.0540 90.3076 1.4422
v -3.9602 91.6491 -27.3095
v -4.3146 98.4960 -29.4300
v -4.4229 104.6710 -28.4094
v -4.2429 109.0354 -25.6968
v -3.9995 111.9173 -21.7796
v -4.2689 115.2720 -19.9107
v -4.1871 119.1220 -17.6257
v -3.7579 121.8081 -14.3116
v -1.7658 122.7385 -9.8924
v 16.3751 58.2689 -13.9797
v 9.2448 54.8340 -19.8994
v 8.6408 58.9967 -17.8197
v 0.0000 58.2558 -21.7921
v 0.0000 60.1503 -20.3588
v -9.2448 54.8340 -19.8994
v -8.6408 58.9967 -17.8197
v -16.3751 58.2689 -13.9800
v -19.7963 57.4640 -8.1320
v -20.1007 56.5550 0.6540
v 50.5926 66.9576 9.9949
v 48.4074 67.5384 8.9748
v 46.4012 67.6946 8.0131
v 44.9465 68.0533 7.3655
v 42.5929 68.8927 6.4492
v 40.7621 69.5455 5.7364
v 35.8149 70.8916 4.1048
v 33.0742 71.6615 1.1878
v 32.1103 74.2524 -1.9336
v 47.9880 74.5199 -13.1754
v 51.5565 74.4619 -13.5561
v 53.3226 74.5294 -13.7943
v 54.8514 74.5394 -13.8901
v 56.3799 74.5492 -13.9858
v 58.2122 74.5492 -14.1805
v 60.9635 74.0807 -14.4724
v 61.7493 72.7620 -16.2284
v 61.5037 71.5437 -16.7595
v 45.1573 71.2381 3.2400
v 47.6405 71.6325 2.8981
v 52.9590 71.7277 3.5661
v 57.0787 71.6578 -2.7544
v 58.9351 71.6578 -2.7785
v 61.1941 71.6529 -1.9003
v 62.2727 71.5437 -0.7144
v 62.3566 71.2973 1.5258
v 61.7822 71.5437 3.6927
v 60.4691 71.6529 4.6126
v 58.0725 71.6578 4.9723
v 56.2667 71.6578 4.5410
v 53.1936 61.6846 10.5149
v 52.2391 63.6621 11.3016
v 51.7468 61.3921 10.5921
v 49.5070 64.3942 10.8203
v 49.1654 61.6312 9.9949
v 47.3639 65.1314 9.8003
v 47.0640 62.5250 8.9748
v 45.5004 65.6726 8.7567
v 45.2695 63.4709 8.0131
v 44.0537 66.0291 8.0912
v 43.8146 63.8296 7.3655
v 42.0463 66.4595 7.1258
v 42.0192 64.1291 6.4035
v 40.0392 66.8902 6.1600
v 40.2238 64.4287 5.4417
v 35.6130 67.7913 4.4800
v 36.3722 63.9107 3.0680
v 32.9180 68.8519 1.5084
v 33.7160 65.2815 0.1995
v 32.0051 70.5231 -1.0218
v 32.0026 66.7719 -2.8322
v 46.4616 74.7664 -6.5056
v 48.4101 74.5199 -6.5743
v 52.8312 74.5681 -6.5743
v 54.6864 74.6376 -6.5743
v 56.4400 74.6480 -6.5743
v 58.1936 74.6581 -6.5743
v 60.1317 74.6581 -6.5743
v 63.3376 74.1642 -6.5743
v 60.1317 68.8677 -3.6100
v 58.1936 68.9751 -3.7842
v 55.1869 69.5153 -4.1777
v 54.3100 69.6953 -4.3088
v 48.4101 69.5910 -4.4583
v 46.3695 67.4301 -12.9625
v 62.8910 71.6459 -3.1159
v 60.1317 71.6664 -2.3820
v 58.1936 71.6664 -2.6284
v 54.6864 71.7426 -3.3703
v 48.4101 71.6325 -3.5819
v 64.5818 71.2784 -6.5743
v 64.2334 71.5328 -8.9141
v 62.8910 71.6459 -10.0324
v 60.1317 71.6664 -10.7663
v 58.1936 71.6664 -10.5198
v 54.6864 71.7426 -9.7780
v 48.4101 71.6325 -9.5663
v 52.5082 66.4443 5.7415
v 52.1729 63.6798 4.9015
v 53.4769 63.3303 5.9218
v 52.8351 60.9492 6.7048
v 53.5013 61.0285 9.0679
v 52.1290 60.2992 8.6585
v 51.7468 61.3921 10.5921
v 49.9032 60.3495 7.9643
v 49.1654 61.6312 9.9949
v 47.6424 61.2573 7.0733
v 47.0640 62.5250 8.9748
v 45.2695 63.4709 8.0131
v 51.0809 61.1179 5.7415
v 48.9375 62.0232 4.8158
v 47.3422 62.7092 4.5205
v 46.4085 63.0981 4.0822
v 47.3291 65.2208 3.4380
v 43.5949 64.2197 1.7024
v 17.1398 63.7921 -9.9512
v -17.1398 63.7921 -9.9512
v -18.3786 62.6857 -5.0357
v -17.4848 63.1396 0.4688
v 11.2751 84.7747 21.7159
v 0.0000 81.7802 21.3218
v 10.8910 84.7027 27.3592
v 0.0000 81.8104 26.9785
v 9.7649 85.9551 32.7921
v 0.0000 83.3615 32.4504
v 7.9731 88.4460 37.6432
v 0.0000 86.3285 37.3644
v 5.6388 92.0060 41.5830
v 0.0000 90.5086 41.3859
v 2.9197 96.3923 44.3422
v 0.0000 95.6172 44.2404
v 0.0000 101.3063 45.7335
v -2.9197 96.3923 44.3422
v -5.0555 98.5101 44.6210
v -5.6388 92.0060 41.5830
v -9.7649 96.0967 42.1213
v -7.9734 88.4460 37.6432
v -13.8086 94.2314 38.4049
v -9.7649 85.9551 32.7921
v -16.9114 93.0406 33.7248
v -10.8910 84.7027 27.3592
v -18.8620 92.6056 28.4000
v -11.2751 84.7747 21.7159
v -19.5273 92.9564 22.7929
v -10.8910 86.1659 16.2461
v -18.8620 94.0689 17.2866
v -9.7649 88.7815 11.3230
v -16.4645 95.8670 12.2557
v -8.0155 92.0432 6.9019
v -10.9630 98.6293 6.5901
v -6.6203 94.9464 3.6866
v 16.9114 115.2250 14.8042
v 18.8620 115.6597 20.1291
v 19.5273 115.3092 25.7358
v 18.8620 114.1967 31.2422
v 16.9114 112.3986 36.2733
v 7.9731 115.8222 41.2474
v 13.8086 110.0371 40.4858
v 5.6388 111.3640 44.1315
v 9.7649 107.2732 43.5928
v 2.9197 106.4127 45.6615
v 5.0555 104.2952 45.3827
v 5.8373 101.4026 45.0020
v 5.0555 98.5101 44.6210
v 11.2751 101.6851 42.8571
v 9.7649 96.0967 42.1213
v 15.9444 102.1341 39.4453
v 13.8086 94.2314 38.4049
v 19.5273 102.7195 34.9989
v 16.9114 93.0406 33.7248
v 21.7796 103.4012 29.8211
v 18.8620 92.6056 28.4000
v 22.5477 104.1330 24.2644
v 19.5273 92.9564 22.7932
v 21.7796 104.8644 18.7080
v 18.8620 94.0689 17.2866
v 19.3318 105.5459 13.5301
v 16.4645 95.8670 12.2557
v 10.9630 98.6293 6.5901
v 0.0000 94.4108 2.4439
v 6.6203 94.9464 3.6866
v 0.0000 118.6294 7.0404
v -4.6987 116.8786 6.7338
v -9.2466 114.3148 6.3461
v -13.6787 113.9488 10.1129
v -13.8529 107.2174 6.9906
v -15.4768 106.6580 9.0593
v -19.3318 105.5459 13.5298
v -21.7796 104.8644 18.7080
v -22.5477 104.1330 24.2644
v -21.7796 103.4012 29.8211
v -19.5273 102.7195 34.9989
v -15.9444 102.1341 39.4453
v -11.2751 101.6851 42.8571
v -5.8373 101.4026 45.0020
v -3.5652 132.8202 5.0336
v -3.3495 133.2979 5.4353
v -2.4643 134.0321 5.3343
v -2.9536 135.4529 4.6184
v -3.5389 136.8253 3.8781
v 6.2988 137.1218 4.5614
v 6.2268 135.9852 5.4539
v 8.8382 139.4348 -1.5328
v 10.9228 138.3214 -1.5068
v 13.7107 135.4871 -1.4257
v 15.8246 132.4896 -1.4940
v 17.2637 128.8887 -1.7304
v 17.4269 123.9757 -1.7966
v 16.8455 120.5587 -1.6523
v 4.6987 116.8786 6.7338
v 0.0000 118.6294 7.0404
v -4.6987 116.8786 6.7338
v -16.8455 120.5587 -1.6523
v -17.4269 123.9757 -1.7966
v -17.2637 128.8887 -1.7304
v -15.8246 132.4896 -1.4940
v -13.7107 135.4871 -1.4257
v -10.9228 138.3214 -1.5068
v 4.1871 119.1220 -17.6257
v 4.2689 115.2720 -19.9107
v 3.9995 111.9173 -21.7796
v 4.2429 109.0354 -25.6968
v 4.4229 104.6710 -28.4094
v 2.3322 98.5299 -29.6490
v 14.5303 91.5185 8.4255
v 13.7067 88.6384 7.5876
v 9.7002 86.5969 10.6241
v 4.5989 84.3034 13.8959
v 0.0000 83.5661 14.5700
v -4.5989 84.3034 13.8959
v -9.7002 86.5969 10.6241
v -13.7067 88.6384 7.5876
v 1.7658 122.7385 -9.8924
v 3.7579 121.8081 -14.3116
v 4.1871 119.1220 -17.6257
v 4.2689 115.2720 -19.9107
v 3.9995 111.9173 -21.7796
v 4.2429 109.0354 -25.6968
v 4.4229 104.6710 -28.4094
v 4.3146 98.4960 -29.4300
v 3.9602 91.6491 -27.3095
v -5.1876 24.5758 -4.1835
v -5.6381 27.5996 3.0905
v -32.1103 74.2524 -1.9336
v -32.1103 74.7420 -6.9141
v -32.1103 73.9532 -11.3660
v -32.1103 70.5713 -12.0666
v -32.1103 67.1846 -10.5463
v -32.1103 66.2613 -6.5618
v -32.0026 66.7719 -2.8322
v -32.0051 70.5231 -1.0218
v -19.9470 74.8765 -6.6222
v -20.1529 73.6899 -10.5271
v -19.8909 69.9018 -11.5529
v -19.4056 65.7732 -9.3201
v -19.1244 64.7852 -5.4460
v -18.9898 65.5323 -1.4208
v -2.5009 79.8835 1.3171
v -3.5615 78.3962 2.7175
v -8.1330 71.0508 6.5660
v -11.1387 62.9532 9.3842
v -12.9521 56.4662 10.7837
v -14.1664 49.5582 11.0579
v -14.4239 42.9071 9.9369
v -13.9688 37.3074 7.5888
v -53.8253 66.6291 8.6585
v -52.9477 65.8739 10.5921
v -50.5926 66.9576 9.9949
v -51.7447 67.8312 8.0933
v -48.4074 67.5384 8.9748
v -49.5421 68.3474 7.0733
v -46.4012 67.6946 8.0131
v -47.4444 68.3528 6.2174
v -44.9465 68.0533 7.3655
v -45.9702 68.7167 5.6131
v -42.5929 68.8927 6.4492
v -43.1532 70.1007 4.5651
v -45.7374 74.7194 -0.2483
v -47.9715 74.5199 -0.0760
v -51.5357 74.4619 0.3215
v -53.3012 74.5294 0.4929
v -54.9868 74.5394 0.6930
v -56.6727 74.5492 0.8931
v -58.5038 74.5492 1.0969
v -47.8583 67.2615 4.4220
v -50.2808 67.0367 4.8158
v -52.5082 66.4443 5.7415
v -54.1117 65.7134 6.7048
v -54.6488 65.3117 9.0679
v -54.0543 64.8975 10.5149
v -52.2391 63.6621 11.3016
v -53.1936 61.6846 10.5149
v -51.7468 61.3921 10.5921
v -49.1654 61.6312 9.9949
v -49.5070 64.3942 10.8203
v -47.0640 62.5250 8.9748
v -47.3639 65.1314 9.8003
v -45.2695 63.4709 8.0131
v -45.5004 65.6726 8.7567
v -43.8146 63.8296 7.3655
v -44.0537 66.0291 8.0912
v -42.0192 64.1291 6.4035
v -42.0463 66.4595 7.1258
v -40.2238 64.4287 5.4417
v -40.0392 66.8902 6.1600
v -36.3722 63.9107 3.0680
v -35.6130 67.7913 4.4800
v -33.7160 65.2815 0.1995
v -32.9180 68.8519 1.5084
v -32.0026 66.7719 -2.8322
v -32.0051 70.5231 -1.0218
v -33.0742 71.6615 1.1878
v -32.1103 74.2524 -1.9336
v -42.7531 74.5385 -12.1929
v -45.7975 74.3842 -12.7511
v -47.9879 74.5199 -13.1754
v -51.5565 74.4619 -13.5561
v -53.3226 74.5294 -13.7943
v -54.8514 74.5394 -13.8901
v -56.3799 74.5492 -13.9858
v -58.2122 74.5492 -14.1805
v -60.9635 74.0807 -14.4724
v -61.7493 72.7620 -16.2284
v -61.5037 71.5437 -16.7595
v -36.2980 73.4654 -14.0362
v -32.1103 73.9532 -11.3660
v -32.1103 70.5713 -12.0666
v -32.1103 67.1846 -10.5463
v -36.2980 64.8087 -12.1310
v -45.5544 68.2052 -15.8944
v -47.7647 69.5910 -15.2795
v -52.7876 69.7468 -15.9685
v -53.5413 69.5724 -16.1180
v -56.1060 69.0495 -16.5667
v -57.9209 68.9458 -16.9220
v -59.9231 69.3747 -16.8421
v -61.3488 69.6260 -14.5135
v -61.9720 71.5437 -12.3500
v -46.4616 74.7664 -6.5056
v -48.4101 74.5199 -6.5743
v -52.8312 74.5681 -6.5743
v -54.6864 74.6376 -6.5743
v -56.4400 74.6480 -6.5743
v -58.1936 74.6581 -6.5743
v -60.1317 74.6581 -6.5743
v -63.3376 74.1642 -6.5743
v -58.1939 68.9751 -3.7842
v -58.1936 71.6664 -2.6284
v -55.1869 69.5153 -4.1777
v -54.6864 71.7426 -3.3703
v -54.3100 69.6953 -4.3088
v -48.4101 71.6325 -3.5819
v -48.4101 69.5910 -4.4583
v -47.7525 71.2723 -3.4267
v -62.1678 68.5664 -6.5743
v -60.1317 67.9099 -6.5743
v -58.1939 67.9569 -6.5743
v -55.1869 68.1894 -6.5743
v -54.3100 68.2671 -6.5743
v -48.4101 68.7451 -6.5743
v -47.0771 67.5875 -6.6042
v -42.8519 65.7647 -6.7378
v -62.5125 69.3012 -9.1771
v -60.1317 68.8677 -9.5382
v -58.1939 68.9751 -9.3641
v -55.1869 69.5153 -8.9706
v -54.3100 69.6953 -8.8394
v -48.4101 69.5910 -8.6900
v -64.2334 71.5328 -8.9141
v -62.8910 71.6459 -10.0324
v -60.1317 71.6664 -10.7663
v -58.1936 71.6664 -10.5198
v -54.6864 71.7426 -9.7780
v -48.4101 71.6325 -9.5663
v -60.4691 71.6529 4.6126
v -58.0725 71.6578 4.9723
v -56.2667 71.6578 4.5410
v -48.3024 71.6325 -3.0497
v -49.1654 61.6312 9.9949
v -51.7468 61.3921 10.5921
v -52.5082 66.4443 5.7415
v -50.2808 67.0367 4.8158
v -47.8583 67.2615 4.4220
v -45.2766 70.6113 -16.0472
v -47.6722 71.6325 -16.1509
v -52.9962 71.7277 -16.8693
v -55.9925 71.6578 -17.6355
v -57.8004 71.6578 -18.0580
v -60.1955 71.6529 -17.6861
v -61.5037 71.5437 -16.7595
v -62.0671 71.2973 -14.5898
v -16.9114 115.2250 14.8042
v -18.8620 115.6597 20.1291
v -19.5273 115.3092 25.7358
v -18.8620 114.1967 31.2422
v -16.9114 112.3986 36.2733
v -13.8086 110.0371 40.4858
v -7.9734 115.8222 41.2474
v -9.7649 107.2732 43.5928
v -5.0555 104.2952 45.3827
v -6.2988 137.1218 4.5614
v -6.2268 135.9852 5.4539
v -6.1552 134.6840 6.2644
v -8.8211 133.5865 6.1603
v -7.9719 133.0426 5.6561
v -10.3283 132.2971 4.7856
v -13.1928 129.7199 4.3277
v -14.6594 126.8569 2.8407
v -15.5561 123.9488 1.7646
v -16.1412 124.0010 1.9324
v -15.4094 127.3862 3.5551
v -13.7372 130.3858 4.7703
v -11.5944 132.6909 5.8819
v -24.0082 24.5703 -1.8494
v -21.0610 24.5703 0.0470
v -17.0120 24.5703 0.9694
v -12.7313 24.5703 -0.1119
v -9.8613 24.5703 -2.9945
v -8.5978 24.4989 -8.6109
v -9.4397 24.4989 -13.5994
v -11.8308 24.4989 -17.2036
v -17.8734 24.4989 -18.6238
v -22.9119 24.4989 -17.0874
v -24.6975 24.4989 -12.9640
v -25.3616 24.4989 -8.3864
v -23.3078 16.0530 -8.8342
v -22.0426 16.0530 -5.0632
v -20.0407 16.0530 -3.3944
v -16.8537 16.0530 -2.4119
v -14.0429 16.0530 -3.6658
v -11.6820 16.0530 -6.3141
v -10.7059 16.0530 -10.8416
v -11.1595 16.0530 -13.0345
v -12.8789 16.0530 -16.4700
v -17.6614 16.0530 -17.4016
v -21.4084 16.0530 -15.9713
v -22.8137 16.0530 -12.7663
v -17.1276 17.2615 3.5588
v -17.1276 15.1154 2.4802
v -8.9666 15.1154 -0.9791
v -8.2211 17.2615 -0.2166
v -5.5863 15.1154 -9.3308
v -4.5321 17.2615 -9.3308
v -8.9666 15.1154 -17.6825
v -8.2211 17.2615 -18.4454
v -17.1276 15.1154 -21.1421
v -17.1276 17.2615 -22.2207
v -25.2887 15.1154 -17.6825
v -26.0338 17.2615 -18.4454
v -28.6690 15.1154 -9.3308
v -29.7232 17.2615 -9.3308
v -25.2887 15.1154 -0.9791
v -26.0338 17.2615 -0.2166
v -17.1276 14.2265 0.1708
v -10.4890 14.2265 -2.6123
v -7.7392 14.2265 -9.3308
v -10.4890 14.2265 -16.0497
v -17.1276 14.2265 -18.8327
v -23.7663 14.2265 -16.0497
v -26.5161 14.2265 -9.3308
v -23.7663 14.2265 -2.6123
v -25.2887 19.4077 -0.9791
v -17.1276 19.4077 2.4802
v -8.9666 19.4077 -0.9791
v -5.5863 19.4077 -9.3308
v -8.9666 19.4077 -17.6825
v -17.1276 19.4077 -21.1421
v -25.2887 19.4077 -17.6825
v -28.6690 19.4077 -9.3308
v -27.3324 20.2966 -9.3308
v -24.3434 20.2966 -1.9799
v -17.1276 20.2966 1.0649
v -9.9119 20.2966 -1.9799
v -6.9229 20.2966 -9.3308
v -9.9119 20.2966 -16.6820
v -17.1276 20.2966 -19.7268
v -24.3434 20.2966 -16.6820
v -25.7148 1.9439 -17.8213
v -25.7148 0.0000 -17.8213
v -27.2100 0.0000 -12.2005
v -27.2100 1.9439 -12.2005
v -27.2134 0.0000 -7.8795
v -27.2134 1.9439 -7.8795
v -27.0072 0.0000 -1.9241
v -27.0072 1.9439 -1.9241
v -28.2664 0.0000 2.6754
v -28.2664 1.9439 2.6754
v -28.5439 0.0000 8.8236
v -28.5439 1.9439 8.8236
v -26.5106 0.0000 13.4039
v -26.5106 1.9439 13.4039
v -23.0498 0.0000 16.4862
v -23.0498 1.9439 16.4862
v -17.1255 0.0000 17.9381
v -17.1255 1.9439 17.9381
v -11.2012 0.0000 16.4862
v -11.2012 1.9439 16.4862
v -7.7404 0.0000 13.4039
v -7.7404 1.9439 13.4039
v -5.7071 0.0000 8.8236
v -5.7071 1.9439 8.8236
v -5.9847 0.0000 2.6757
v -5.9847 1.9439 2.6644
v -7.2438 0.0000 -1.9241
v -7.2438 1.9439 -1.9241
v -7.0376 0.0000 -7.8795
v -7.0376 1.9439 -7.8795
v -7.0410 0.0000 -12.2005
v -7.0410 1.9439 -12.2005
v -8.5362 0.0000 -17.8213
v -8.5362 1.9439 -17.8213
v -11.9836 0.0000 -20.6532
v -11.9836 1.9439 -20.6532
v -17.1255 0.0000 -21.9233
v -17.1255 1.9439 -21.9233
v -22.2674 0.0000 -20.6532
v -22.2674 1.9439 -20.6532
v -11.2012 0.0000 16.4862
v -17.1255 0.0000 17.9381
v -23.0498 0.0000 16.4862
v -7.7404 0.0000 13.4039
v -26.5106 0.0000 13.4039
v -5.7071 0.0000 8.8236
v -28.5439 0.0000 8.8236
v -5.9847 0.0000 2.6757
v -28.2664 0.0000 2.6754
v -7.2438 0.0000 -1.9241
v -27.0072 0.0000 -1.9241
v -7.0376 0.0000 -7.8795
v -27.2134 0.0000 -7.8795
v -7.0410 0.0000 -12.2005
v -27.2100 0.0000 -12.2005
v -8.5362 0.0000 -17.8213
v -25.7148 0.0000 -17.8213
v -11.9836 0.0000 -20.6532
v -22.2674 0.0000 -20.6532
v -17.1255 0.0000 -21.9233
v -7.5138 8.0088 -12.1813
v -8.9666 7.9862 -17.5815
v -12.1871 8.0027 -19.9464
v -17.1255 8.0238 -21.4593
v -22.0636 8.0027 -19.9464
v -25.2844 7.9862 -17.5815
v -26.7372 8.0088 -12.1813
v -26.7522 8.0238 -7.9326
v -26.7385 7.8670 -1.9137
v -10.6250 4.5422 16.9526
v -7.7404 1.9439 13.4039
v -11.2012 1.9439 16.4862
v -27.2100 1.9439 -12.2005
v -27.6593 4.3119 -12.2426
v -26.1598 4.3009 -18.0269
v -25.7148 1.9439 -17.8213
v -22.4205 4.3625 -20.9783
v -22.2674 1.9439 -20.6532
v -17.1255 4.5559 -22.2149
v -17.1255 1.9439 -21.9233
v -11.8305 4.3625 -20.9783
v -11.9836 1.9439 -20.6532
v -8.0912 4.3009 -18.0269
v -8.5362 1.9439 -17.8213
v -6.5917 4.3119 -12.2426
v -7.0410 1.9439 -12.2005
v -7.0376 1.9439 -7.8795
v -7.2438 1.9439 -1.9241
v -5.9847 1.9439 2.6644
v -5.7071 1.9439 8.8236
v -27.6950 4.3195 -7.9600
v -27.3915 4.3308 -1.9705
v -28.7373 4.2936 2.7437
v -29.0857 4.2838 8.8272
v -27.2418 4.3277 13.4417
v -23.6260 4.5422 16.9526
v -17.1255 4.8405 18.4100
v -27.2134 1.9439 -7.8795
v -27.0072 1.9439 -1.9241
v -28.2664 1.9439 2.6754
v -28.5439 1.9439 8.8236
v -26.5106 1.9439 13.4039
v -23.0498 1.9439 16.4862
v -17.1255 1.9439 17.9381
v 20.0407 16.0530 -3.3944
v 22.9119 24.4989 -17.0874
v 17.8734 24.4989 -18.6238
v 11.8308 24.4989 -17.2036
v 9.4397 24.4989 -13.5994
v 8.5978 24.4989 -8.6109
v 10.7059 16.0530 -10.8416
v 11.1595 16.0530 -13.0345
v 12.8789 16.0530 -16.4700
v 17.6614 16.0530 -17.4016
v 21.4084 16.0530 -15.9713
v 22.8137 16.0530 -12.7663
v 23.3078 16.0530 -8.8342
v 22.0426 16.0530 -5.0632
v 17.1276 15.1154 2.4802
v 17.1276 17.2615 3.5588
v 8.2211 17.2615 -0.2166
v 8.9666 15.1154 -0.9791
v 4.5321 17.2615 -9.3308
v 5.5863 15.1154 -9.3308
v 8.2211 17.2615 -18.4454
v 8.9666 15.1154 -17.6825
v 17.1276 17.2615 -22.2207
v 17.1276 15.1154 -21.1421
v 26.0338 17.2615 -18.4454
v 25.2887 15.1154 -17.6825
v 29.7232 17.2615 -9.3308
v 28.6690 15.1154 -9.3308
v 26.0338 17.2615 -0.2166
v 25.2887 15.1154 -0.9791
v 17.1276 14.2265 0.1708
v 10.4890 14.2265 -2.6123
v 7.7392 14.2265 -9.3308
v 10.4890 14.2265 -16.0497
v 17.1276 14.2265 -18.8327
v 23.7663 14.2265 -16.0497
v 26.5161 14.2265 -9.3308
v 23.7663 14.2265 -2.6123
v 25.2887 19.4077 -0.9791
v 17.1276 19.4077 2.4802
v 8.9666 19.4077 -0.9791
v 5.5863 19.4077 -9.3308
v 8.9666 19.4077 -17.6825
v 17.1276 19.4077 -21.1421
v 25.2887 19.4077 -17.6825
v 28.6690 19.4077 -9.3308
v 27.3324 20.2966 -9.3308
v 24.3434 20.2966 -1.9799
v 17.1276 20.2966 1.0649
v 9.9119 20.2966 -1.9799
v 6.9229 20.2966 -9.3308
v 9.9119 20.2966 -16.6820
v 17.1276 20.2966 -19.7268
v 24.3434 20.2966 -16.6820
v 27.2100 1.9439 -12.2005
v 27.2100 0.0000 -12.2005
v 25.7148 0.0000 -17.8213
v 25.7148 1.9439 -17.8213
v 22.2674 0.0000 -20.6532
v 22.2674 1.9439 -20.6532
v 17.1255 0.0000 -21.9233
v 17.1255 1.9439 -21.9233
v 11.9836 0.0000 -20.6532
v 11.9836 1.9439 -20.6532
v 8.5362 0.0000 -17.8213
v 8.5362 1.9439 -17.8213
v 7.0410 0.0000 -12.2005
v 7.0410 1.9439 -12.2005
v 7.0376 0.0000 -7.8795
v 7.0376 1.9439 -7.8795
v 7.2438 0.0000 -1.9241
v 7.2438 1.9439 -1.9241
v 5.9847 0.0000 2.6754
v 5.9847 1.9439 2.6644
v 5.7071 0.0000 8.8236
v 5.7071 1.9439 8.8236
v 7.7404 0.0000 13.4039
v 7.7404 1.9439 13.4039
v 11.2012 0.0000 16.4862
v 11.2012 1.9439 16.4862
v 17.1255 0.0000 17.9381
v 17.1255 1.9439 17.9381
v 23.0498 0.0000 16.4862
v 23.0498 1.9439 16.4862
v 26.5106 0.0000 13.4039
v 26.5106 1.9439 13.4039
v 28.5439 0.0000 8.8236
v 28.5439 1.9439 8.8236
v 28.2664 0.0000 2.6754
v 28.2664 1.9439 2.6754
v 27.0072 0.0000 -1.9241
v 27.0072 1.9439 -1.9241
v 27.2131 0.0000 -7.8795
v 27.2131 1.9439 -7.8795
v 23.0498 0.0000 16.4862
v 17.1255 0.0000 17.9381
v 11.2012 0.0000 16.4862
v 26.5106 0.0000 13.4039
v 7.7404 0.0000 13.4039
v 28.5439 0.0000 8.8236
v 5.7071 0.0000 8.8236
v 28.2664 0.0000 2.6754
v 5.9847 0.0000 2.6754
v 27.0072 0.0000 -1.9241
v 7.2438 0.0000 -1.9241
v 27.2131 0.0000 -7.8795
v 7.0376 0.0000 -7.8795
v 27.2100 0.0000 -12.2005
v 7.0410 0.0000 -12.2005
v 25.7148 0.0000 -17.8213
v 8.5362 0.0000 -17.8213
v 22.2674 0.0000 -20.6532
v 11.9836 0.0000 -20.6532
v 17.1255 0.0000 -21.9233
v 29.7232 17.2615 -9.3308
v 26.0338 17.2615 -18.4454
v 17.1276 17.2615 -22.2207
v 8.2211 17.2615 -18.4454
v 4.5321 17.2615 -9.3308
v 8.2211 17.2615 -0.2166
v -29.7232 17.2615 -9.3308
v -26.0338 17.2615 -18.4454
v -17.1276 17.2615 -22.2207
v -4.5321 17.2615 -9.3308
v -8.2211 17.2615 -0.2166
v -21.4084 16.0530 -15.9713
v -12.8789 16.0530 -16.4700
v -54.3100 68.2671 -6.5743
v -53.5413 69.5724 -16.1180
v -52.7876 69.7468 -15.9685
v -43.1532 70.1007 4.5651
v -42.5929 68.8927 6.4492
v -45.9702 68.7167 5.6131
v -44.9465 68.0533 7.3655
v -49.5421 68.3474 7.0733
v -18.9898 65.5323 -1.4208
v -20.1529 73.6899 -10.5271
v -32.1103 74.2524 -1.9336
v 2.3322 98.5299 -29.6490
v -26.0338 17.2615 -0.2166
v 43.5949 64.2197 1.7024
v -8.2211 17.2615 -18.4454
v 46.4085 63.0981 4.0822
v 47.6424 61.2573 7.0733
v 49.9032 60.3495 7.9643
v 2.8304 119.1559 -17.9012
v -23.1053 26.2413 -17.1682
v -4.6093 82.4031 12.5495
v 0.0000 81.9098 13.3404
v -5.0397 119.3758 38.6821
v -9.0459 94.9620 -6.8915
v -9.0459 94.9620 -6.8915
v 26.0338 17.2615 -0.2166
v -2.6992 104.7137 -28.7459
v -3.6082 120.0054 38.4924
v -15.5586 116.5427 -0.4463
v -15.5586 116.5427 -0.4463
v 60.1317 68.8677 -9.5382
v -54.5988 73.6738 -16.2675
v 0.0000 120.1122 0.6866
v -46.4085 63.0981 4.0822
v 19.4056 65.7732 -9.3201
v 45.9702 68.7167 5.6131
v 12.8996 55.3882 -21.0534
v -43.5949 64.2197 1.7024
v -3.8760 117.4029 40.9171
v -1.4330 51.9503 -44.4026
v 58.1936 68.9751 -9.3641
v -1.9683 125.7717 -25.0690
v -51.7874 73.6613 -11.3818
v -47.1025 68.0341 -3.3318
v -32.1103 73.9532 -11.3660
v 41.8712 64.5336 -0.9599
v 25.0828 67.1788 -10.0318
v -53.5535 73.7088 -11.6201
v -47.8467 71.2595 -9.9576
v -47.8467 71.2595 -9.9576
v -9.5150 54.9755 -26.4966
v 17.5294 107.4703 1.4861
v -47.7525 71.2723 -3.4267
v -47.7525 71.2723 -3.4267
v 9.5227 67.7678 -17.3164
v -46.2697 74.4427 -3.3355
v -42.2141 70.5619 4.2158
v -60.1317 68.8677 -9.5382
v -4.7545 118.2591 39.8388
v -10.3572 96.0497 6.8830
v -2.8075 113.6154 35.4144
v -17.4406 64.5458 -0.3471
v -17.4406 64.5458 -0.3471
v -13.1772 70.3819 2.6537
v -1.8271 105.2033 -35.9811
v -57.9209 68.9458 -16.9220
v -12.5937 133.3873 5.8639
v -25.0828 67.1788 -10.0318
v -13.1629 64.2765 -18.6195
v 4.7545 118.2591 39.8388
v -25.0828 73.6558 -10.9127
v -23.6601 66.7408 -2.7575
v -8.7488 52.4609 -29.8577
v 42.2092 73.7457 -15.0672
v -58.1988 68.9458 3.8373
v -12.8920 62.4149 -16.0109
v 43.5641 69.2341 3.0262
v -46.3136 74.4720 -9.7865
v -46.3136 74.4720 -9.7865
v -22.2375 73.6146 -10.6601
v 16.3095 128.0328 3.7647
v 2.7297 119.1492 39.5707
v 0.0000 95.0660 -7.9014
v -47.7375 73.6741 2.0269
v -47.7375 69.5910 2.0269
v 11.4425 117.0979 -0.1193
v 0.0000 88.2385 -34.3175
v 2.8075 113.6154 35.4144
v 0.0000 123.0118 -7.4582
v 0.0000 123.0118 -7.4582
v -25.0828 66.7945 -2.9405
v -44.6717 66.3479 2.4271
v 47.7525 71.2723 -3.4267
v 47.7525 71.2723 -3.4267
v -45.1927 73.7101 2.5360
v -11.9599 92.9607 8.0189
v 21.1223 37.5548 -9.9525
v 3.6082 120.0054 38.4924
v 42.2141 70.5619 4.2158
v -17.1276 17.2615 3.5588
v -11.0963 93.5808 6.0231
v -11.0963 93.5808 6.0231
v 21.4258 66.3985 -2.2862
v 2.0678 91.6640 -27.4681
v 23.6601 66.7408 -2.7575
v -17.4848 63.1396 0.4688
v 11.0963 93.5808 6.0231
v 11.0963 93.5808 6.0231
v -11.7299 53.0343 -23.8282
v 9.2466 114.3148 6.3461
v -55.2513 73.6738 -1.6831
v 5.0397 119.3758 38.6821
v -2.4851 121.9173 -14.4974
v 0.0634 132.9560 3.8580
v 1.8982 117.7040 -26.2599
v -11.9769 12.5754 0.0427
v -11.9769 12.5754 0.0427
v 17.4406 64.5458 -0.3471
v 58.1988 68.9458 3.8373
v -9.8872 90.7471 9.5651
v 5.9950 118.1551 1.0151
v 13.1772 70.3819 2.6537
v 0.0000 113.5867 -24.4691
v -47.6424 61.2573 7.0733
v 22.2375 73.6146 -10.6601
v 0.0040 49.3761 -32.3385
v -17.1276 14.2265 0.1708
v -17.1276 14.2265 0.1708
v -13.2657 117.0161 -0.1284
v 1.9683 125.7717 -25.0690
v 25.0828 74.2524 -2.3441
v 0.0000 123.2076 -28.0986
v 52.7876 69.7468 -15.9685
v 56.4400 73.7534 -4.0465
v 22.1637 66.9015 -9.8481
v 1.4330 51.9503 -44.4026
v -22.1637 66.9015 -9.8481
v 7.5263 70.3956 -16.8437
v 36.2980 73.4654 -14.0362
v 0.2498 121.3045 -0.0360
v 0.0000 84.5413 -34.8516
v 7.9481 70.0854 -13.6674
v 7.6443 53.8076 -28.8978
v 2.4445 118.0325 40.7274
v -10.7834 120.6026 -11.0533
v 13.6338 60.5484 -20.8517
v -4.1737 52.7690 -30.9732
v 2.8511 117.1937 41.4158
v 2.8511 117.1937 41.4158
v 27.8012 73.8519 -11.2497
v 1.9568 108.3713 -34.7552
v -0.1263 133.7994 3.1421
v -12.8920 55.3882 -21.0534
v -51.0809 61.1179 5.7415
v 15.7160 115.8625 -1.4965
v 15.7160 115.8625 -1.4965
v -16.8534 124.0720 2.1971
v -13.4896 58.8314 -18.4566
v -4.4641 72.4637 -16.9892
v 56.1060 69.0495 -16.5667
v -11.3031 60.5542 -20.8795
v 53.5535 73.7088 -11.6201
v -22.2738 12.5754 0.0427
v -22.2738 12.5754 0.0427
v 4.4717 72.4637 -16.9892
v -10.8553 57.4893 -22.8997
v 10.8630 57.4893 -22.8997
v -4.8692 53.2848 -32.0667
v 52.6842 69.7468 2.6659
v -9.5150 67.7678 -17.3164
v 0.0000 52.6418 -44.7784
v 0.0000 52.6418 -44.7784
v 14.1371 114.7263 2.6565
v 1.8271 105.2033 -35.9811
v 25.0828 66.7945 -2.9405
v -43.5641 69.2341 3.0262
v 0.0000 80.1764 -17.6791
v 0.0000 80.1764 -17.6791
v -14.9018 117.6167 -5.8181
v 0.0000 110.9006 -32.5776
v 5.7476 73.0369 -13.9492
v 9.5227 54.9755 -26.4966
v 1.9735 82.3814 -20.3393
v 13.8529 107.2174 6.9906
v 32.1103 73.9532 -11.3660
v 46.2694 74.4427 -3.3355
v -47.3422 62.7092 4.5205
v -23.3572 29.4846 -17.3585
v -2.7297 119.1492 39.5707
v -12.0306 67.7602 -17.1237
v 11.9769 12.5754 0.0427
v 11.9769 12.5754 0.0427
v 57.9209 68.9458 -16.9220
v 2.5589 115.4346 -20.1971
v 55.1036 73.6738 -11.5127
v 15.5586 116.5427 -0.4463
v 15.5586 116.5427 -0.4463
v 8.9233 89.0841 -2.6602
v 54.6864 73.7897 -4.3088
v 43.1532 70.1007 4.5651
v -17.5294 107.4703 1.4858
v 41.9819 66.5129 -15.9987
v -7.5186 70.3956 -16.8437
v 2.2535 109.0796 -25.9234
v -52.6842 69.7468 2.6659
v -1.9568 108.3713 -34.7552
v 10.7834 120.6026 -11.0533
v 1.7515 110.1628 -32.0508
v 46.3137 74.4720 -9.7865
v 32.0026 66.7719 -2.8322
v -22.9119 24.4989 -17.0874
v 0.0040 52.5393 -31.9813
v 11.9599 92.9607 8.0189
v -5.5768 52.2272 -32.8381
v 47.4444 68.3528 6.2174
v 16.8534 124.0720 2.1971
v -11.4425 117.0979 -0.1193
v -4.6331 120.2147 37.9937
v -4.6331 120.2147 37.9937
v 11.3107 60.5542 -20.8795
v 14.9018 117.6167 -5.8181
v 1.7774 84.7057 -33.8471
v -1.8982 117.7040 -26.2599
v 0.0000 99.9507 -35.4049
v -7.6364 53.8076 -28.8978
v -5.9950 118.1551 1.0151
v 13.2657 117.0161 -0.1284
v 53.5413 69.5724 -16.1180
v 10.9630 98.6293 6.5901
v 10.9630 98.6293 6.5901
v 0.0000 126.5659 -25.8502
v 9.0459 94.9620 -6.8915
v 9.0459 94.9620 -6.8915
v 26.8501 66.7887 -2.9133
v 1.9729 122.5856 -26.9678
v -0.2498 121.3045 -0.0360
v 56.6538 69.0495 -11.4053
v 11.7375 53.0343 -23.8282
v 2.4851 121.9173 -14.4974
v 53.0593 73.7088 2.6659
v -12.0306 54.7754 -26.4420
v 0.0000 111.7754 -28.5442
v -6.0929 100.5968 -0.1931
v 58.5032 68.9458 -11.4386
v -25.0828 74.2524 -2.3441
v 2.6992 104.7137 -28.7459
v 53.5157 69.5724 2.8676
v 0.0040 74.9631 -17.6529
v 0.0000 92.2268 -31.6552
v 9.8872 90.7471 9.5651
v 0.0000 79.0139 -23.5467
v 24.3065 28.3878 -1.1381
v 6.0929 100.5968 -0.1931
v 10.3572 96.0497 6.8830
v -2.8511 117.1937 41.4158
v -2.8511 117.1937 41.4158
v 17.4848 63.1396 0.4688
v 4.6331 120.2147 37.9937
v 4.6331 120.2147 37.9937
v -8.9233 89.0841 -2.6602
v 0.0000 126.3161 -15.5201
v 19.8323 74.2149 -1.9076
v 10.8630 63.5096 -18.5793
v -49.9032 60.3495 7.9643
v -32.0026 66.7719 -2.8322
v -48.4101 73.6741 -4.4583
v 56.3857 69.0495 3.4724
v -17.1255 13.1973 0.2642
v 23.3572 29.4846 -17.3585
v 23.2984 27.9836 -17.2493
v 23.1053 26.2413 -17.1685
v -45.5544 68.2052 -15.8944
v 17.1276 17.2615 3.5588
v 7.4787 50.4129 -27.7850
v 55.1869 68.1894 -6.5743
v 58.8088 68.9458 -1.6432
v -13.8529 107.2174 6.9906
v 0.0040 75.0095 -13.9428
v 0.0000 108.9802 -35.7923
v 12.8789 16.0530 -16.4700
v 17.1276 14.2265 0.1708
v 17.1276 14.2265 0.1708
v 48.4101 68.7451 -6.5743
v 17.1255 13.1973 0.2642
v -13.6259 60.5484 -20.8517
v 0.0000 94.7140 -28.7937
v 0.0000 94.7140 -28.7937
v 0.0000 94.7140 -28.7937
v 0.0000 94.7140 -28.7937
v 0.0000 94.7140 -28.7937
v -60.1317 68.8677 -3.6100
v -13.1629 57.2788 -23.6415
v 0.0040 76.0591 -16.8705
v -48.9375 62.0232 4.8158
v 0.0000 111.9127 -22.3345
v 0.0000 111.9127 -22.3345
v 0.0000 111.9127 -22.3345
v 0.0000 111.9127 -22.3345
v 0.0000 111.9127 -22.3345
v 0.0040 51.8182 -34.2666
v -1.9735 82.3814 -20.3393
v 5.4579 50.0143 -30.4711
v -0.1559 130.6497 1.9851
v 12.8996 62.4149 -16.0109
v 11.7375 65.8147 -14.6563
v 5.5845 74.5776 -16.7988
v -26.8501 66.7887 -2.9133
v 8.7564 71.6957 -16.0542
v 0.0000 105.2411 -37.1698
v 24.3254 31.9605 -1.0865
v 12.3866 90.8767 8.3325
v -41.9819 66.5129 -15.9987
v -23.2984 27.9836 -17.2493
v 18.9529 37.5529 -19.4605
v 18.0961 63.8381 -5.0699
v 17.0721 64.9728 -9.6789
v 17.0721 64.9728 -9.6789
v -53.5157 69.5724 2.8676
v -47.4444 68.3528 6.2174
v 15.3078 74.3335 -10.5155
v -2.4445 118.0325 40.7274
v -14.7631 131.2454 4.9351
v -47.7647 69.5910 -15.2795
v 0.0000 122.6903 -10.6485
v 0.0000 122.6903 -10.6485
v 49.5421 68.3474 7.0733
v 51.7447 67.8312 8.0933
v 0.0000 88.4100 -4.4510
v 47.7375 73.6741 2.0269
v 47.7375 69.5910 2.0269
v 45.2958 73.5289 -15.2477
v 20.2032 37.5810 -14.6749
v 60.1317 68.8677 -3.6100
v 58.1936 68.9751 -3.7842
v -42.2092 73.7457 -15.0672
v 47.8467 71.2595 -9.9576
v 47.8467 71.2595 -9.9576
v 51.2938 73.6613 2.4945
v 44.6717 66.3479 2.4271
v 44.6717 66.3479 2.4271
v 42.8223 63.0542 4.5092
v 45.7155 62.3795 6.3525
v 1.1371 131.5214 3.0298
v -2.5589 115.4346 -20.1971
v 2.3963 119.5890 1.5743
v 45.6597 68.0246 2.1974
v -0.0634 132.9560 3.8580
v -0.0634 132.9560 3.8580
v 0.0040 52.9163 -33.4750
v 14.7631 131.2454 4.9351
v -48.2115 73.6741 -11.0713
v 51.0809 61.1179 5.7415
v 12.5937 133.3873 5.8639
v 0.0000 80.8569 -32.5349
v -10.8553 63.5096 -18.5793
v 0.0000 79.0847 -27.5996
v 2.6586 85.6873 -23.3886
v 45.1927 73.7101 2.5360
v -2.0678 91.6640 -27.4681
v -19.8323 74.2149 -1.9076
v -21.4258 66.3985 -2.2862
v 0.0040 73.6384 -16.8397
v -18.0961 63.8381 -5.0699
v -17.0721 64.9728 -9.6789
v -15.3078 74.3335 -10.5155
v -2.6586 85.6873 -23.3886
v -47.7647 73.6741 -15.2792
v -36.2980 73.4654 -14.0362
v -56.1060 69.0495 -16.5667
v 0.0000 96.7671 -32.1326
v 4.1816 52.7690 -30.9732
v 22.2738 12.5754 0.0427
v 22.2738 12.5754 0.0427
v -58.5032 68.9458 -11.4386
v -58.8088 68.9458 -1.6432
v 13.4972 58.8314 -18.4566
v -56.9597 69.0495 -1.6862
v -11.7299 65.8147 -14.6563
v 25.0828 73.6558 -10.9127
v 0.0000 102.0716 -3.4380
v -16.3096 128.0328 3.7647
v -2.8304 119.1559 -17.9012
v -56.3857 69.0495 3.4724
v -12.3866 90.8767 8.3325
v -1.9729 122.5856 -26.9678
v -2.2535 109.0796 -25.9234
v 0.0000 117.4798 -27.1127
v -45.2958 73.5289 -15.2477
v 0.0000 127.6122 -20.4271
v -24.3065 28.3878 -1.1381
v -24.3254 31.9605 -1.0865
v -23.4161 31.6839 -17.4677
v -17.1276 14.2265 -18.8327
v 24.0091 35.5193 -1.5624
v -27.8012 73.8519 -11.2497
v 23.4161 31.6839 -17.4677
v -5.7400 73.0369 -13.9492
v -7.9402 70.0854 -13.6674
v -7.4707 50.4129 -27.7850
v -51.7447 67.8312 8.0933
v -5.4502 50.0143 -30.4711
v 10.1044 55.2324 -26.4572
v 12.0382 54.7754 -26.4420
v 13.1705 57.2788 -23.6415
v 13.1705 64.2765 -18.6195
v 12.0382 67.7602 -17.1237
v 4.8768 73.5298 -17.5382
v 3.8760 117.4029 40.9171
v -2.3322 98.5299 -29.6490
v -10.9630 98.6293 6.5901
v -10.9630 98.6293 6.5901
v 32.1103 74.2524 -1.9336
v 20.1529 73.6899 -10.5271
v -16.3602 124.2163 0.1675
v -16.0076 119.8190 -0.3157
v -13.7687 123.6755 5.5869
v -13.5381 119.3048 4.8377
v -12.1420 136.0706 0.7138
v -14.1268 133.3522 0.7193
v -10.7242 136.1051 3.6109
v -12.1438 132.9410 4.8377
v -3.9824 132.7428 6.3315
v -0.9218 133.0316 3.1360
v -4.8530 135.9666 4.6441
v -2.6422 136.1704 2.3853
v -3.3596 128.3940 7.3872
v 0.3438 128.7454 3.4981
v -3.1311 123.4141 7.5659
v 0.8513 123.7932 3.3693
v -3.3928 119.0562 6.7155
v 0.4072 119.4170 2.7227
v -3.9544 115.6465 5.1196
v -0.5808 115.9546 1.7018
v -4.9332 113.3756 2.9469
v -2.4655 113.5998 0.4612
v -15.0537 116.2926 -0.8056
v -12.8993 115.8555 3.5700
v -1.9433 113.9003 -2.7410
v 0.0936 116.3774 -2.8096
v 1.1237 119.9179 -2.6208
v 1.5892 124.3206 -2.2618
v 1.0289 129.2313 -1.6969
v -0.3486 133.4251 -1.0774
v -13.0418 113.8448 -1.3513
v -11.4700 113.5272 1.8268
v -15.6510 129.1367 0.5399
v -13.2449 128.6359 5.5588
v -8.2690 132.7083 6.9815
v -7.9402 135.9416 5.1123
v -8.5499 128.3519 8.1745
v -8.7156 123.3689 8.4127
v -8.7195 119.0132 7.5232
v -8.6594 115.6087 5.8334
v -8.3727 113.3479 3.4685
v -2.2090 136.4388 -0.4993
v 16.3605 124.2163 0.1675
v 13.7687 123.6755 5.5869
v 16.0079 119.8190 -0.3157
v 13.5381 119.3048 4.8377
v 12.1420 136.0706 0.7138
v 10.7245 136.1051 3.6109
v 14.1268 133.3522 0.7193
v 12.1438 132.9410 4.8377
v 3.9828 132.7428 6.3315
v 4.8533 135.9666 4.6441
v 0.9218 133.0316 3.1360
v 2.6425 136.1704 2.3853
v 3.3596 128.3940 7.3872
v -0.3438 128.7454 3.4981
v 3.1311 123.4141 7.5659
v -0.8513 123.7932 3.3693
v 3.3931 119.0562 6.7155
v -0.4072 119.4170 2.7227
v 3.9544 115.6465 5.1196
v 0.5808 115.9546 1.7018
v 4.9335 113.3756 2.9469
v 2.4655 113.5998 0.4612
v 15.0541 116.2926 -0.8056
v 12.8993 115.8555 3.5700
v 1.9436 113.9003 -2.7410
v -0.0933 116.3774 -2.8096
v -1.1237 119.9179 -2.6208
v -1.5889 124.3206 -2.2618
v -1.0286 129.2313 -1.6969
v 0.3486 133.4251 -1.0774
v 13.0421 113.8448 -1.3513
v 11.4700 113.5272 1.8268
v 15.6510 129.1367 0.5399
v 13.2449 128.6359 5.5588
v 8.2690 132.7083 6.9815
v 7.9402 135.9416 5.1123
v 8.5499 128.3519 8.1745
v 8.7156 123.3689 8.4127
v 8.7195 119.0132 7.5232
v 8.6598 115.6087 5.8334
v 8.3730 113.3479 3.4685
v 2.2093 136.4388 -0.4993
vt 0.3410 0.6545
vt 0.3410 0.5895
vt 0.3450 0.6215
vt 0.3930 0.5795
vt 0.4020 0.5505
vt 0.3800 0.5735
vt 0.3930 0.6775
vt 0.4020 0.7015
vt 0.4100 0.6705
vt 0.3800 0.5505
vt 0.3800 0.5305
vt 0.4230 0.6275
vt 0.3980 0.6405
vt 0.3760 0.7185
vt 0.4020 0.7125
vt 0.4230 0.5485
vt 0.4040 0.5385
vt 0.3760 0.5305
vt 0.4290 0.5725
vt 0.4360 0.5655
vt 0.4240 0.6965
vt 0.4290 0.6775
vt 0.4390 0.6505
vt 0.4390 0.5985
vt 0.4360 0.6795
vt 0.4440 0.6485
vt 0.4470 0.6225
vt 0.4440 0.5955
vt 0.3760 0.6295
vt 0.3870 0.6105
vt 0.3980 0.6185
vt 0.3800 0.6295
vt 0.3870 0.6485
vt 0.3800 0.6575
vt 0.4020 0.7015
vt 0.3930 0.6775
vt 0.4100 0.6705
vt 0.3980 0.6405
vt 0.4020 0.5505
vt 0.4230 0.6275
vt 0.4100 0.5865
vt 0.4390 0.5985
vt 0.4020 0.7125
vt 0.4040 0.5385
vt 0.4230 0.5485
vt 0.3800 0.6835
vt 0.3800 0.7015
vt 0.4360 0.5655
vt 0.4290 0.5725
vt 0.4240 0.6965
vt 0.4290 0.6775
vt 0.4390 0.6505
vt 0.4360 0.6795
vt 0.4470 0.6225
vt 0.4440 0.6485
vt 0.4440 0.5955
vt 0.9590 0.1845
vt 0.8460 0.0945
vt 0.8740 0.1305
vt 0.8740 0.1305
vt 0.9600 0.2295
vt 0.8790 0.1895
vt 0.9590 0.2875
vt 0.8810 0.3135
vt 0.8930 0.2345
vt 0.8280 0.3475
vt 0.8530 0.3105
vt 0.8240 0.1445
vt 0.9600 0.2295
vt 0.8790 0.1895
vt 0.8930 0.2345
vt 0.8810 0.3135
vt 0.9590 0.2875
vt 0.8280 0.3475
vt 0.8530 0.3105
vt 0.8460 0.1985
vt 0.8100 0.1665
vt 0.8560 0.2355
vt 0.0900 0.3905
vt 0.0900 0.3905
vt 0.0900 0.3905
vt 0.0900 0.3905
vt 0.0900 0.3905
vt 0.0900 0.3905
vt 0.0900 0.3905
vt 0.0900 0.3905
vt 0.2600 0.1695
vt 0.2600 0.1695
vt 0.2600 0.1695
vt 0.2600 0.1695
vt 0.2600 0.1695
vt 0.2600 0.1695
vt 0.2600 0.1695
vt 0.2600 0.1695
vt 0.6190 0.5505
vt 0.6320 0.5725
vt 0.6010 0.5735
vt 0.0320 0.7725
vt 0.0480 0.7925
vt 0.0510 0.7755
vt 0.0140 0.7545
vt 0.0260 0.7545
vt 0.2270 0.1355
vt 0.2230 0.1365
vt 0.2270 0.1415
vt 0.5430 0.0685
vt 0.5580 0.0635
vt 0.5460 0.0595
vt 0.5480 0.0975
vt 0.5610 0.0905
vt 0.5450 0.0905
vt 0.5570 0.0775
vt 0.5710 0.0635
vt 0.5750 0.0675
vt 0.5820 0.0555
vt 0.5750 0.0585
vt 0.5830 0.0545
vt 0.5680 0.0595
vt 0.5430 0.0815
vt 0.2120 0.0835
vt 0.2200 0.0745
vt 0.2130 0.0745
vt 0.2000 0.1465
vt 0.1960 0.1295
vt 0.1960 0.1495
vt 0.1880 0.0745
vt 0.1830 0.0545
vt 0.1830 0.0745
vt 0.2030 0.0645
vt 0.1950 0.0745
vt 0.2030 0.0745
vt 0.2280 0.0545
vt 0.2240 0.0745
vt 0.2290 0.0745
vt 0.2280 0.0915
vt 0.2240 0.0915
vt 0.1830 0.0915
vt 0.2130 0.0645
vt 0.2030 0.0835
vt 0.1020 0.0215
vt 0.0710 0.0115
vt 0.0730 0.0215
vt 0.2360 0.4415
vt 0.2200 0.4365
vt 0.2070 0.4825
vt 0.0950 0.1045
vt 0.1300 0.1665
vt 0.1340 0.1545
vt 0.7400 0.4215
vt 0.7210 0.4115
vt 0.7360 0.4105
vt 0.8510 0.3755
vt 0.9520 0.3785
vt 0.2050 0.2405
vt 0.1970 0.2485
vt 0.2070 0.2515
vt 0.2060 0.1485
vt 0.1970 0.1455
vt 0.1980 0.1485
vt 0.2090 0.1485
vt 0.2080 0.1515
vt 0.2060 0.1575
vt 0.2110 0.1595
vt 0.4280 0.7775
vt 0.4350 0.7575
vt 0.4620 0.7765
vt 0.0810 0.0985
vt 0.0780 0.0345
vt 0.0610 0.0345
vt 0.0940 0.0775
vt 0.0920 0.0505
vt 0.2110 0.1185
vt 0.2030 0.1305
vt 0.2030 0.1435
vt 0.0600 0.0215
vt 0.5550 0.0815
vt 0.5450 0.0775
vt 0.5510 0.0845
vt 0.5380 0.0795
vt 0.5430 0.0765
vt 0.5290 0.0725
vt 0.5450 0.0785
vt 0.5420 0.0805
vt 0.5280 0.0775
vt 0.5190 0.0415
vt 0.5290 0.0455
vt 0.5290 0.0345
vt 0.5490 0.0765
vt 0.5510 0.0695
vt 0.5450 0.0695
vt 0.5440 0.0395
vt 0.5420 0.0315
vt 0.5450 0.0535
vt 0.5290 0.0535
vt 0.5290 0.0605
vt 0.5670 0.0275
vt 0.5640 0.0305
vt 0.5680 0.0295
vt 0.5880 0.0385
vt 0.5890 0.0335
vt 0.5890 0.0375
vt 0.5570 0.0585
vt 0.5550 0.0615
vt 0.5570 0.0615
vt 0.5710 0.0615
vt 0.5750 0.0595
vt 0.5710 0.0595
vt 0.5900 0.0625
vt 0.5940 0.0575
vt 0.5910 0.0595
vt 0.5750 0.0465
vt 0.5710 0.0455
vt 0.5710 0.0475
vt 0.5940 0.0485
vt 0.5940 0.0535
vt 0.5940 0.0475
vt 0.5940 0.0595
vt 0.5550 0.0445
vt 0.5570 0.0485
vt 0.5570 0.0455
vt 0.5690 0.0425
vt 0.5720 0.0405
vt 0.5690 0.0405
vt 0.5880 0.0785
vt 0.5870 0.0735
vt 0.5860 0.0795
vt 0.5890 0.0695
vt 0.5870 0.0675
vt 0.5710 0.0285
vt 0.5190 0.0525
vt 0.5560 0.0415
vt 0.5560 0.0445
vt 0.5560 0.0645
vt 0.5560 0.0625
vt 0.5520 0.0615
vt 0.5520 0.0455
vt 0.5670 0.0595
vt 0.5650 0.0415
vt 0.5670 0.0475
vt 0.5540 0.0855
vt 0.5440 0.0815
vt 0.5700 0.0875
vt 0.5690 0.0925
vt 0.5710 0.0935
vt 0.6190 0.8245
vt 0.6200 0.8145
vt 0.6140 0.8135
vt 0.6130 0.8245
vt 0.6140 0.8345
vt 0.5820 0.7845
vt 0.5790 0.7815
vt 0.5790 0.7855
vt 0.6110 0.7815
vt 0.6070 0.7775
vt 0.6060 0.7815
vt 0.6110 0.7905
vt 0.6050 0.7915
vt 0.6080 0.8015
vt 0.6140 0.7905
vt 0.6130 0.7995
vt 0.6090 0.8045
vt 0.5850 0.7595
vt 0.5830 0.7535
vt 0.5850 0.7595
vt 0.5800 0.7535
vt 0.5820 0.8075
vt 0.5840 0.8035
vt 0.5810 0.8035
vt 0.5840 0.8445
vt 0.5820 0.8415
vt 0.5810 0.8455
vt 0.5010 0.8745
vt 0.5600 0.7785
vt 0.5620 0.7815
vt 0.5440 0.7995
vt 0.5580 0.8105
vt 0.5560 0.7985
vt 0.5420 0.8245
vt 0.5620 0.8425
vt 0.5620 0.8395
vt 0.5600 0.8385
vt 0.5390 0.8635
vt 0.5510 0.8635
vt 0.5520 0.8625
vt 0.5400 0.8495
vt 0.5390 0.8635
vt 0.5020 0.8085
vt 0.5030 0.8235
vt 0.5090 0.7955
vt 0.5380 0.8005
vt 0.5260 0.8015
vt 0.5220 0.8235
vt 0.5180 0.8475
vt 0.5790 0.8665
vt 0.5820 0.8635
vt 0.5800 0.8635
vt 0.6060 0.8705
vt 0.6100 0.8665
vt 0.6050 0.8665
vt 0.6120 0.8575
vt 0.6120 0.8485
vt 0.6100 0.8575
vt 0.6070 0.8465
vt 0.6040 0.8565
vt 0.6080 0.8435
vt 0.5030 0.8405
vt 0.5180 0.8585
vt 0.5620 0.8065
vt 0.5600 0.8105
vt 0.5620 0.8095
vt 0.2140 0.2095
vt 0.1750 0.1685
vt 0.1880 0.1525
vt 0.2030 0.2255
vt 0.2220 0.2315
vt 0.2220 0.2205
vt 0.5830 0.0475
vt 0.5910 0.0535
vt 0.5900 0.0505
vt 0.5850 0.0545
vt 0.9570 0.5475
vt 0.9330 0.5305
vt 0.9340 0.5355
vt 0.9090 0.5175
vt 0.9020 0.5175
vt 0.9000 0.5305
vt 0.8690 0.6045
vt 0.8730 0.6415
vt 0.8710 0.6055
vt 0.9320 0.5575
vt 0.9150 0.5505
vt 0.8970 0.5595
vt 0.8880 0.5275
vt 0.8920 0.5275
vt 0.9000 0.5175
vt 0.9160 0.5295
vt 0.9210 0.5175
vt 0.9150 0.5145
vt 0.9640 0.7385
vt 0.9590 0.6965
vt 0.9350 0.6895
vt 0.9790 0.7185
vt 0.9720 0.6885
vt 0.9490 0.6705
vt 0.9140 0.6635
vt 0.9340 0.6875
vt 0.8980 0.5635
vt 0.9260 0.5615
vt 0.9830 0.6465
vt 0.9750 0.6745
vt 0.9760 0.6795
vt 0.9890 0.7095
vt 0.8750 0.6635
vt 0.9040 0.6725
vt 0.8840 0.6665
vt 0.8740 0.5775
vt 0.8710 0.5775
vt 0.9280 0.5175
vt 0.8740 0.5495
vt 0.9410 0.5275
vt 0.9500 0.6875
vt 0.8710 0.6365
vt 0.8680 0.6035
vt 0.9850 0.6225
vt 0.9870 0.6225
vt 0.9540 0.6905
vt 0.9660 0.6865
vt 0.9610 0.6715
vt 0.9840 0.6225
vt 0.4040 0.3475
vt 0.4000 0.3165
vt 0.3710 0.3605
vt 0.3910 0.3735
vt 0.4420 0.1865
vt 0.3880 0.1705
vt 0.4380 0.1935
vt 0.4140 0.2065
vt 0.3800 0.1725
vt 0.3760 0.4785
vt 0.4120 0.4745
vt 0.3260 0.4445
vt 0.4660 0.2095
vt 0.4310 0.2515
vt 0.4830 0.2325
vt 0.4090 0.3475
vt 0.4230 0.3805
vt 0.4310 0.3835
vt 0.2990 0.0585
vt 0.3150 0.0395
vt 0.3270 0.1695
vt 0.3480 0.4745
vt 0.3010 0.4595
vt 0.3460 0.4825
vt 0.3830 0.1335
vt 0.4120 0.1535
vt 0.4350 0.1255
vt 0.4490 0.0805
vt 0.3530 0.0595
vt 0.3680 0.0275
vt 0.4010 0.0255
vt 0.7340 0.7875
vt 0.7470 0.7535
vt 0.7190 0.7615
vt 0.7230 0.7535
vt 0.7470 0.7825
vt 0.7470 0.8245
vt 0.7340 0.8245
vt 0.7470 0.8725
vt 0.7240 0.8725
vt 0.7090 0.8725
vt 0.9620 0.8545
vt 0.9530 0.8905
vt 0.9670 0.8385
vt 0.9740 0.8815
vt 0.9480 0.9245
vt 0.9590 0.8005
vt 0.9660 0.7985
vt 0.9710 0.8485
vt 0.9630 0.7605
vt 0.9820 0.7715
vt 0.9340 0.9255
vt 0.0030 0.8815
vt 0.0260 0.8955
vt 0.0520 0.8965
vt 0.0280 0.9045
vt 0.0270 0.9165
vt 0.0430 0.9385
vt 0.0030 0.9725
vt 0.0170 0.9315
vt 0.0030 0.9275
vt 0.0150 0.9225
vt 0.0160 0.9095
vt 0.0210 0.8995
vt 0.0220 0.9275
vt 0.0180 0.9235
vt 0.9240 0.0915
vt 0.9250 0.0715
vt 0.9280 0.0925
vt 0.9420 0.0345
vt 0.9380 0.0325
vt 0.9430 0.0345
vt 0.9620 0.1285
vt 0.9560 0.1095
vt 0.9610 0.1155
vt 0.9600 0.1255
vt 0.9510 0.1095
vt 0.9470 0.0995
vt 0.9490 0.0605
vt 0.9440 0.0435
vt 0.9340 0.0875
vt 0.9340 0.0935
vt 0.9650 0.1315
vt 0.9330 0.0345
vt 0.9330 0.0345
vt 0.9340 0.4675
vt 0.9420 0.4405
vt 0.9450 0.4425
vt 0.9570 0.1555
vt 0.6210 0.2465
vt 0.6240 0.2905
vt 0.6330 0.2685
vt 0.7440 0.2425
vt 0.7100 0.2745
vt 0.7490 0.2845
vt 0.6110 0.1905
vt 0.6140 0.2245
vt 0.6240 0.1945
vt 0.6120 0.1495
vt 0.8220 0.1485
vt 0.6330 0.3175
vt 0.6390 0.3095
vt 0.6660 0.3995
vt 0.6910 0.4115
vt 0.6660 0.3995
vt 0.6710 0.2545
vt 0.7050 0.2175
vt 0.6650 0.2075
vt 0.7000 0.2485
vt 0.6510 0.2415
vt 0.6380 0.2225
vt 0.6560 0.2835
vt 0.8030 0.1145
vt 0.7460 0.1335
vt 0.7750 0.2115
vt 0.7940 0.2395
vt 0.7870 0.2755
vt 0.7840 0.3065
vt 0.7270 0.3275
vt 0.6940 0.0895
vt 0.7400 0.0865
vt 0.6860 0.1465
vt 0.6380 0.1135
vt 0.8510 0.3755
vt 0.8710 0.3935
vt 0.9040 0.3765
vt 0.8700 0.4215
vt 0.7520 0.3655
vt 0.8020 0.3275
vt 0.9550 0.1235
vt 0.9520 0.3785
vt 0.7210 0.4115
vt 0.7400 0.4215
vt 0.7360 0.4105
vt 0.0480 0.7925
vt 0.0320 0.7725
vt 0.0510 0.7755
vt 0.5810 0.0675
vt 0.5750 0.0765
vt 0.5750 0.0675
vt 0.5820 0.0555
vt 0.5860 0.0585
vt 0.5580 0.0635
vt 0.5430 0.0685
vt 0.5460 0.0595
vt 0.5610 0.0905
vt 0.5480 0.0975
vt 0.5450 0.0905
vt 0.5570 0.0775
vt 0.5710 0.0635
vt 0.5430 0.0815
vt 0.2200 0.0745
vt 0.2120 0.0835
vt 0.2130 0.0745
vt 0.1960 0.1295
vt 0.2000 0.1465
vt 0.1960 0.1495
vt 0.1830 0.0545
vt 0.1880 0.0745
vt 0.1830 0.0745
vt 0.1950 0.0745
vt 0.2030 0.0645
vt 0.2030 0.0745
vt 0.2240 0.0745
vt 0.2280 0.0545
vt 0.2290 0.0745
vt 0.2280 0.0915
vt 0.2240 0.0915
vt 0.1830 0.0915
vt 0.2130 0.0645
vt 0.2030 0.0835
vt 0.1020 0.0215
vt 0.0730 0.0215
vt 0.2200 0.4365
vt 0.2360 0.4415
vt 0.2070 0.4825
vt 0.9600 0.1255
vt 0.9510 0.1095
vt 0.9550 0.1235
vt 0.8710 0.3935
vt 0.9040 0.3765
vt 0.1300 0.1665
vt 0.0950 0.1045
vt 0.1340 0.1545
vt 0.7270 0.3275
vt 0.7100 0.2745
vt 0.7490 0.2845
vt 0.6400 0.1765
vt 0.6380 0.1135
vt 0.6860 0.1465
vt 0.6940 0.0895
vt 0.7460 0.1335
vt 0.6710 0.2545
vt 0.7050 0.2175
vt 0.7000 0.2485
vt 0.8100 0.1665
vt 0.8460 0.1985
vt 0.1970 0.2485
vt 0.2050 0.2405
vt 0.2070 0.2515
vt 0.2060 0.1485
vt 0.1980 0.1485
vt 0.2060 0.1575
vt 0.2080 0.1515
vt 0.2110 0.1595
vt 0.4350 0.7575
vt 0.4280 0.7775
vt 0.4620 0.7765
vt 0.0780 0.0345
vt 0.0810 0.0985
vt 0.0610 0.0345
vt 0.0940 0.0775
vt 0.0920 0.0505
vt 0.2030 0.1305
vt 0.2110 0.1185
vt 0.2030 0.1435
vt 0.0600 0.0215
vt 0.5430 0.0765
vt 0.5380 0.0795
vt 0.5290 0.0725
vt 0.5450 0.0785
vt 0.5450 0.0775
vt 0.5420 0.0805
vt 0.5280 0.0775
vt 0.5490 0.0765
vt 0.5490 0.0785
vt 0.5520 0.0615
vt 0.5450 0.0695
vt 0.5450 0.0535
vt 0.5290 0.0535
vt 0.5290 0.0605
vt 0.5640 0.0305
vt 0.5670 0.0275
vt 0.5680 0.0295
vt 0.5890 0.0335
vt 0.5880 0.0385
vt 0.5890 0.0375
vt 0.5880 0.0795
vt 0.5880 0.0785
vt 0.5890 0.0735
vt 0.5550 0.0615
vt 0.5570 0.0585
vt 0.5570 0.0615
vt 0.5750 0.0595
vt 0.5710 0.0615
vt 0.5710 0.0595
vt 0.5710 0.0455
vt 0.5750 0.0465
vt 0.5710 0.0475
vt 0.5940 0.0535
vt 0.5940 0.0485
vt 0.5940 0.0475
vt 0.5940 0.0575
vt 0.5940 0.0595
vt 0.5570 0.0485
vt 0.5550 0.0445
vt 0.5570 0.0455
vt 0.5720 0.0405
vt 0.5690 0.0425
vt 0.5690 0.0405
vt 0.5710 0.0775
vt 0.5670 0.0795
vt 0.5680 0.0765
vt 0.5890 0.0695
vt 0.5870 0.0735
vt 0.5690 0.0635
vt 0.5730 0.0655
vt 0.5690 0.0655
vt 0.5890 0.0685
vt 0.5710 0.0285
vt 0.5190 0.0415
vt 0.5290 0.0455
vt 0.5190 0.0525
vt 0.5560 0.0415
vt 0.5560 0.0445
vt 0.5560 0.0645
vt 0.5560 0.0625
vt 0.5520 0.0455
vt 0.5630 0.0765
vt 0.5670 0.0595
vt 0.5650 0.0415
vt 0.5670 0.0475
vt 0.5650 0.0655
vt 0.6160 0.8095
vt 0.6200 0.8145
vt 0.6140 0.8135
vt 0.6220 0.8245
vt 0.6190 0.8245
vt 0.6110 0.7815
vt 0.6110 0.7905
vt 0.6060 0.7815
vt 0.6050 0.7915
vt 0.6080 0.8015
vt 0.6140 0.7905
vt 0.6130 0.7995
vt 0.6090 0.8045
vt 0.5830 0.7535
vt 0.5850 0.7595
vt 0.5850 0.7595
vt 0.5800 0.7535
vt 0.5820 0.8415
vt 0.5840 0.8445
vt 0.5810 0.8455
vt 0.5530 0.7705
vt 0.5570 0.7595
vt 0.5600 0.7675
vt 0.5460 0.7665
vt 0.5510 0.7635
vt 0.5420 0.7775
vt 0.5450 0.7895
vt 0.5380 0.7805
vt 0.5580 0.8105
vt 0.5440 0.7995
vt 0.5560 0.7985
vt 0.5620 0.8395
vt 0.5620 0.8425
vt 0.5600 0.8385
vt 0.5550 0.8505
vt 0.5400 0.8495
vt 0.5570 0.8365
vt 0.5030 0.8235
vt 0.5020 0.8085
vt 0.5090 0.7955
vt 0.5810 0.7595
vt 0.5790 0.7685
vt 0.5760 0.7605
vt 0.5550 0.7795
vt 0.5580 0.7775
vt 0.5260 0.8015
vt 0.5220 0.8235
vt 0.1750 0.1685
vt 0.2140 0.2095
vt 0.1880 0.1525
vt 0.2220 0.2315
vt 0.2030 0.2255
vt 0.2220 0.2205
vt 0.8750 0.6495
vt 0.8900 0.6535
vt 0.8840 0.6665
vt 0.9330 0.5305
vt 0.9570 0.5475
vt 0.9340 0.5355
vt 0.9020 0.5175
vt 0.9090 0.5175
vt 0.9000 0.5305
vt 0.8730 0.6415
vt 0.8690 0.6045
vt 0.8710 0.6055
vt 0.8920 0.5275
vt 0.8880 0.5275
vt 0.9000 0.5175
vt 0.9160 0.5295
vt 0.9210 0.5175
vt 0.9150 0.5145
vt 0.9590 0.6965
vt 0.9640 0.7385
vt 0.9350 0.6895
vt 0.9720 0.6885
vt 0.9790 0.7185
vt 0.9140 0.6635
vt 0.9490 0.6705
vt 0.9340 0.6875
vt 0.8740 0.5775
vt 0.8780 0.5675
vt 0.8820 0.5725
vt 0.8740 0.5625
vt 0.9760 0.6795
vt 0.9890 0.7095
vt 0.8710 0.5775
vt 0.9280 0.5175
vt 0.9040 0.6725
vt 0.9320 0.5175
vt 0.9410 0.5275
vt 0.9500 0.6875
vt 0.8710 0.6365
vt 0.8680 0.6035
vt 0.9830 0.6465
vt 0.9850 0.6225
vt 0.9870 0.6225
vt 0.9540 0.6905
vt 0.9660 0.6865
vt 0.9610 0.6715
vt 0.9750 0.6745
vt 0.9840 0.6225
vt 0.3800 0.1725
vt 0.3830 0.1335
vt 0.4190 0.1575
vt 0.4120 0.1535
vt 0.4000 0.3165
vt 0.4040 0.3475
vt 0.3710 0.3605
vt 0.3910 0.3735
vt 0.4870 0.2645
vt 0.4310 0.2515
vt 0.4830 0.2325
vt 0.4660 0.2095
vt 0.4370 0.3295
vt 0.4220 0.3135
vt 0.4660 0.3095
vt 0.4230 0.3805
vt 0.2990 0.0585
vt 0.3480 0.4745
vt 0.3260 0.4445
vt 0.3020 0.4275
vt 0.4350 0.1255
vt 0.7470 0.7535
vt 0.7340 0.7875
vt 0.7190 0.7615
vt 0.7230 0.7535
vt 0.7470 0.7825
vt 0.7470 0.8245
vt 0.7340 0.8245
vt 0.7470 0.8725
vt 0.7240 0.8725
vt 0.7090 0.8725
vt 0.9530 0.8905
vt 0.9620 0.8545
vt 0.9670 0.8385
vt 0.9740 0.8815
vt 0.9480 0.9245
vt 0.9590 0.8005
vt 0.9660 0.7985
vt 0.9710 0.8485
vt 0.9630 0.7605
vt 0.9820 0.7715
vt 0.9910 0.8715
vt 0.9340 0.9255
vt 0.0160 0.9095
vt 0.0210 0.8995
vt 0.0180 0.9235
vt 0.0280 0.9045
vt 0.0260 0.8955
vt 0.0520 0.8965
vt 0.0430 0.9385
vt 0.0170 0.9315
vt 0.0150 0.9225
vt 0.0270 0.9165
vt 0.0220 0.9275
vt 0.9250 0.0715
vt 0.9280 0.0925
vt 0.9340 0.0875
vt 0.9380 0.0325
vt 0.9420 0.0345
vt 0.9430 0.0345
vt 0.9560 0.1095
vt 0.9620 0.1285
vt 0.9610 0.1155
vt 0.9470 0.0995
vt 0.9440 0.0435
vt 0.9490 0.0605
vt 0.9340 0.0935
vt 0.9650 0.1315
vt 0.9330 0.0345
vt 0.9330 0.0345
vt 0.9420 0.4405
vt 0.9450 0.4425
vt 0.9590 0.1845
vt 0.8460 0.0945
vt 0.9570 0.1555
vt 0.7440 0.2425
vt 0.7430 0.2025
vt 0.7750 0.2115
vt 0.7140 0.3805
vt 0.7520 0.3655
vt 0.7630 0.3865
vt 0.6860 0.3025
vt 0.6140 0.2245
vt 0.6110 0.1905
vt 0.6240 0.1945
vt 0.6120 0.1495
vt 0.6240 0.2905
vt 0.6210 0.2465
vt 0.6390 0.3095
vt 0.6330 0.3175
vt 0.6660 0.3995
vt 0.8560 0.2355
vt 0.6650 0.2075
vt 0.7040 0.1815
vt 0.6190 0.3795
vt 0.5860 0.3795
vt 0.6190 0.3795
vt 0.5930 0.3755
vt 0.6380 0.2225
vt 0.6510 0.2415
vt 0.6330 0.2685
vt 0.6560 0.2835
vt 0.8030 0.1145
vt 0.8240 0.1445
vt 0.7990 0.1935
vt 0.8160 0.2045
vt 0.7400 0.0865
vt 0.1720 0.4175
vt 0.1630 0.4415
vt 0.2060 0.4295
vt 0.1810 0.4615
vt 0.1980 0.2925
vt 0.1720 0.4175
vt 0.1500 0.4235
vt 0.1630 0.4415
vt 0.1810 0.4615
vt 0.1630 0.4415
vt 0.2060 0.4295
vt 0.0900 0.3905
vt 0.0900 0.3905
vt 0.1500 0.4235
vt 0.1900 0.2385
vt 0.1900 0.2385
vt 0.1980 0.2925
vt 0.5870 0.8915
vt 0.5670 0.8835
vt 0.5810 0.8835
vt 0.5870 0.9365
vt 0.6060 0.9405
vt 0.6060 0.9365
vt 0.5260 0.9235
vt 0.5580 0.9365
vt 0.5570 0.9265
vt 0.6060 0.9405
vt 0.5840 0.9365
vt 0.6070 0.9365
vt 0.5430 0.8885
vt 0.5730 0.9195
vt 0.5670 0.8795
vt 0.5360 0.9045
vt 0.5220 0.9055
vt 0.5260 0.9345
vt 0.5240 0.8985
vt 0.5150 0.9065
vt 0.5280 0.8965
vt 0.5220 0.8985
vt 0.5190 0.9045
vt 0.6050 0.9125
vt 0.6170 0.9125
vt 0.6160 0.9035
vt 0.6150 0.8995
vt 0.5640 0.8885
vt 0.3110 0.8835
vt 0.2520 0.8845
vt 0.3350 0.8835
vt 0.2530 0.8835
vt 0.3110 0.8835
vt 0.2530 0.8835
vt 0.1940 0.8835
vt 0.1700 0.8835
vt 0.1940 0.8835
vt 0.6920 0.5725
vt 0.7200 0.5165
vt 0.6740 0.5165
vt 0.6920 0.5725
vt 0.7200 0.5165
vt 0.7120 0.5715
vt 0.6640 0.5735
vt 0.6290 0.5165
vt 0.6320 0.5725
vt 0.6640 0.5735
vt 0.6290 0.5165
vt 0.6740 0.5165
vt 0.6190 0.5505
vt 0.7120 0.5715
vt 0.5310 0.5595
vt 0.5130 0.5765
vt 0.5300 0.5295
vt 0.5500 0.5235
vt 0.5590 0.5665
vt 0.6190 0.5505
vt 0.6320 0.5725
vt 0.7260 0.5715
vt 0.7260 0.5715
vt 0.6180 0.5165
vt 0.6110 0.5385
vt 0.6010 0.5735
vt 0.5310 0.5595
vt 0.5130 0.6485
vt 0.5320 0.6505
vt 0.6010 0.5735
vt 0.5500 0.5235
vt 0.5590 0.5665
vt 0.5280 0.8965
vt 0.5640 0.8885
vt 0.5670 0.8835
vt 0.6070 0.9295
vt 0.5840 0.9365
vt 0.6070 0.9365
vt 0.6060 0.9405
vt 0.5870 0.9365
vt 0.6060 0.9365
vt 0.5580 0.9365
vt 0.5260 0.9235
vt 0.5570 0.9265
vt 0.5580 0.9365
vt 0.5190 0.9215
vt 0.5200 0.9345
vt 0.5240 0.9485
vt 0.5590 0.9445
vt 0.6060 0.9405
vt 0.5580 0.9225
vt 0.5730 0.9195
vt 0.5360 0.9045
vt 0.5220 0.9055
vt 0.5260 0.9345
vt 0.5150 0.9065
vt 0.5240 0.8985
vt 0.5220 0.8985
vt 0.5430 0.8885
vt 0.5260 0.9005
vt 0.6170 0.9125
vt 0.6050 0.9125
vt 0.6160 0.9035
vt 0.6150 0.8995
vt 0.5310 0.5595
vt 0.5500 0.5235
vt 0.5590 0.5665
vt 0.5670 0.8795
vt 0.5870 0.8915
vt 0.2520 0.8845
vt 0.3110 0.8835
vt 0.3350 0.8835
vt 0.2530 0.8835
vt 0.3110 0.8835
vt 0.2530 0.8835
vt 0.1940 0.8835
vt 0.1700 0.8835
vt 0.1940 0.8835
vt 0.7200 0.5165
vt 0.6920 0.5725
vt 0.6740 0.5165
vt 0.7200 0.5165
vt 0.6920 0.5725
vt 0.7120 0.5715
vt 0.6290 0.5165
vt 0.6640 0.5735
vt 0.6290 0.5165
vt 0.6640 0.5735
vt 0.6740 0.5165
vt 0.7120 0.5715
vt 0.5130 0.5765
vt 0.5310 0.5595
vt 0.5300 0.5295
vt 0.5500 0.5235
vt 0.5590 0.5665
vt 0.6190 0.5505
vt 0.6320 0.5725
vt 0.7260 0.5715
vt 0.7260 0.5715
vt 0.6180 0.5165
vt 0.6110 0.5385
vt 0.6010 0.5735
vt 0.5130 0.6485
vt 0.5320 0.6505
vt 0.5130 0.6485
vt 0.5320 0.6505
vt 0.4670 0.6215
vt 0.4630 0.5845
vt 0.4620 0.6225
vt 0.4590 0.5915
vt 0.3870 0.6105
vt 0.3800 0.6015
vt 0.3870 0.6485
vt 0.4560 0.5585
vt 0.4350 0.5295
vt 0.4520 0.5645
vt 0.4310 0.5375
vt 0.4060 0.7145
vt 0.4260 0.7005
vt 0.4630 0.6575
vt 0.4590 0.6535
vt 0.4560 0.6845
vt 0.4520 0.6805
vt 0.4390 0.6775
vt 0.4490 0.6495
vt 0.4530 0.6225
vt 0.4490 0.5955
vt 0.4150 0.5155
vt 0.4110 0.5255
vt 0.3760 0.5065
vt 0.3760 0.5175
vt 0.3760 0.7425
vt 0.4150 0.7325
vt 0.3760 0.7335
vt 0.4110 0.7245
vt 0.4350 0.7165
vt 0.4310 0.7085
vt 0.2520 0.5025
vt 0.2520 0.5065
vt 0.2940 0.5115
vt 0.2910 0.5175
vt 0.3030 0.7155
vt 0.2890 0.7305
vt 0.3170 0.7215
vt 0.2960 0.7385
vt 0.2500 0.7465
vt 0.2500 0.7415
vt 0.3330 0.6815
vt 0.3400 0.6875
vt 0.3410 0.6545
vt 0.3480 0.6605
vt 0.3450 0.6215
vt 0.3520 0.6225
vt 0.3410 0.5895
vt 0.3480 0.5845
vt 0.3330 0.5625
vt 0.3400 0.5575
vt 0.3060 0.5335
vt 0.3170 0.5265
vt 0.3930 0.5795
vt 0.4110 0.5255
vt 0.4150 0.5155
vt 0.4310 0.5375
vt 0.4350 0.5295
vt 0.5740 0.5645
vt 0.5970 0.6485
vt 0.5600 0.6505
vt 0.5840 0.5225
vt 0.5840 0.5225
vt 0.5810 0.5045
vt 0.5500 0.5055
vt 0.0480 0.7545
vt 0.0800 0.7995
vt 0.1030 0.8065
vt 0.0810 0.7795
vt 0.1020 0.7815
vt 0.1560 0.8195
vt 0.1550 0.7855
vt 0.0980 0.7545
vt 0.1530 0.7545
vt 0.1560 0.8605
vt 0.1030 0.8325
vt 0.1770 0.8245
vt 0.1760 0.8505
vt 0.1990 0.7845
vt 0.1760 0.7865
vt 0.1980 0.8265
vt 0.1650 0.4875
vt 0.1340 0.4825
vt 0.0250 0.3805
vt 0.0500 0.3835
vt 0.1080 0.4665
vt 0.0780 0.3845
vt 0.0790 0.7545
vt 0.3730 0.7565
vt 0.3990 0.7565
vt 0.3710 0.7945
vt 0.3950 0.7875
vt 0.3340 0.7605
vt 0.3530 0.7575
vt 0.3210 0.7985
vt 0.3460 0.7985
vt 0.0850 0.4345
vt 0.1030 0.3895
vt 0.3000 0.7715
vt 0.3170 0.7645
vt 0.2770 0.7945
vt 0.2980 0.7975
vt 0.0780 0.8155
vt 0.5180 0.0905
vt 0.5200 0.1055
vt 0.5170 0.0805
vt 0.5160 0.0685
vt 0.5470 0.0555
vt 0.5590 0.0595
vt 0.5240 0.0405
vt 0.5190 0.0485
vt 0.2190 0.0915
vt 0.2120 0.0955
vt 0.2170 0.1155
vt 0.2170 0.1175
vt 0.2210 0.1205
vt 0.2200 0.1245
vt 0.2200 0.1215
vt 0.2110 0.1195
vt 0.1900 0.1485
vt 0.1890 0.1305
vt 0.1840 0.1315
vt 0.1840 0.1475
vt 0.1970 0.1535
vt 0.1160 0.0345
vt 0.6200 0.3585
vt 0.6400 0.3725
vt 0.8020 0.3275
vt 0.8200 0.3015
vt 0.2230 0.2405
vt 0.1980 0.2925
vt 0.2240 0.2545
vt 0.2160 0.2535
vt 0.2030 0.2125
vt 0.1870 0.2285
vt 0.1860 0.2145
vt 0.2020 0.1975
vt 0.1960 0.1855
vt 0.1860 0.1995
vt 0.1860 0.1845
vt 0.2130 0.1595
vt 0.2160 0.1705
vt 0.2140 0.1695
vt 0.2110 0.1515
vt 0.2100 0.1685
vt 0.2200 0.1805
vt 0.2160 0.1815
vt 0.1980 0.1515
vt 0.2100 0.1815
vt 0.5610 0.0825
vt 0.5590 0.0885
vt 0.5660 0.0845
vt 0.5650 0.0905
vt 0.5700 0.0965
vt 0.5670 0.0975
vt 0.5180 0.8605
vt 0.5030 0.8465
vt 0.5090 0.8665
vt 0.4990 0.8735
vt 0.5560 0.0695
vt 0.5550 0.0755
vt 0.5550 0.0315
vt 0.5550 0.0295
vt 0.5490 0.0315
vt 0.5490 0.0295
vt 0.5420 0.0295
vt 0.5510 0.0375
vt 0.5290 0.0315
vt 0.5740 0.0255
vt 0.5750 0.0285
vt 0.5790 0.0245
vt 0.5790 0.0275
vt 0.5840 0.0645
vt 0.5840 0.0605
vt 0.5800 0.0635
vt 0.5800 0.0605
vt 0.5840 0.0455
vt 0.5910 0.0475
vt 0.5840 0.0425
vt 0.5900 0.0445
vt 0.5800 0.0465
vt 0.5800 0.0435
vt 0.5810 0.0435
vt 0.5800 0.0415
vt 0.5760 0.0435
vt 0.5760 0.0415
vt 0.5860 0.0415
vt 0.5860 0.0395
vt 0.5840 0.0255
vt 0.5850 0.0275
vt 0.5630 0.0765
vt 0.5640 0.0705
vt 0.5710 0.0775
vt 0.5720 0.0715
vt 0.5680 0.0765
vt 0.5680 0.0715
vt 0.5800 0.0795
vt 0.5800 0.0725
vt 0.5750 0.0785
vt 0.5760 0.0725
vt 0.5650 0.0655
vt 0.5730 0.0655
vt 0.5690 0.0655
vt 0.5810 0.0655
vt 0.5770 0.0655
vt 0.5690 0.0635
vt 0.6050 0.8365
vt 0.6050 0.8245
vt 0.5980 0.8355
vt 0.5980 0.8245
vt 0.5890 0.8345
vt 0.5890 0.8245
vt 0.5850 0.8335
vt 0.5850 0.8245
vt 0.5620 0.8325
vt 0.5620 0.8245
vt 0.5600 0.7885
vt 0.5600 0.7845
vt 0.5980 0.7765
vt 0.5910 0.7775
vt 0.5980 0.7805
vt 0.5920 0.7825
vt 0.5990 0.7925
vt 0.5930 0.7935
vt 0.5830 0.7945
vt 0.5800 0.7945
vt 0.5610 0.7975
vt 0.6010 0.8035
vt 0.5940 0.8035
vt 0.6010 0.8085
vt 0.5830 0.7685
vt 0.5840 0.7655
vt 0.5940 0.8085
vt 0.5320 0.7745
vt 0.5180 0.7835
vt 0.5380 0.7805
vt 0.5280 0.7935
vt 0.5490 0.7865
vt 0.5520 0.7875
vt 0.5500 0.7835
vt 0.5450 0.7845
vt 0.5570 0.8365
vt 0.5580 0.8245
vt 0.5600 0.8635
vt 0.5600 0.8605
vt 0.5970 0.8715
vt 0.5970 0.8675
vt 0.5900 0.8705
vt 0.5910 0.8655
vt 0.6000 0.8395
vt 0.5930 0.8395
vt 0.5990 0.8445
vt 0.5930 0.8445
vt 0.5980 0.8555
vt 0.5920 0.8545
vt 0.5830 0.8545
vt 0.5800 0.8545
vt 0.5610 0.8515
vt 0.5390 0.7705
vt 0.5420 0.7775
vt 0.5460 0.7665
vt 0.5530 0.7705
vt 0.5010 0.8745
vt 0.5010 0.8745
vt 0.5010 0.8745
vt 0.5680 0.7805
vt 0.5690 0.7765
vt 0.5300 0.0535
vt 0.5670 0.0425
vt 0.5670 0.0395
vt 0.5580 0.0425
vt 0.5580 0.0395
vt 0.5750 0.0405
vt 0.5760 0.0445
vt 0.5830 0.0445
vt 0.5830 0.0845
vt 0.5830 0.0875
vt 0.5900 0.0805
vt 0.5900 0.0825
vt 0.5860 0.0625
vt 0.5900 0.0625
vt 0.5500 0.0445
vt 0.5490 0.0405
vt 0.5410 0.0445
vt 0.5420 0.0475
vt 0.5760 0.0905
vt 0.5750 0.0875
vt 0.8700 0.5765
vt 0.8740 0.5525
vt 0.8740 0.5565
vt 0.8690 0.5765
vt 0.8820 0.5725
vt 0.8900 0.6535
vt 0.9420 0.5665
vt 0.8780 0.5675
vt 0.8740 0.5625
vt 0.9570 0.5535
vt 0.9370 0.5435
vt 0.9750 0.5685
vt 0.9720 0.5715
vt 0.9850 0.5905
vt 0.9820 0.5935
vt 0.8740 0.5465
vt 0.8690 0.5745
vt 0.8680 0.5995
vt 0.9800 0.5955
vt 0.9700 0.5735
vt 0.8980 0.5355
vt 0.9750 0.6235
vt 0.9790 0.6235
vt 0.9700 0.6035
vt 0.9740 0.6005
vt 0.9640 0.5795
vt 0.9600 0.5845
vt 0.9500 0.5645
vt 0.8710 0.6335
vt 0.8940 0.5455
vt 0.9560 0.5595
vt 0.8910 0.5545
vt 0.9390 0.5535
vt 0.4710 0.2035
vt 0.4920 0.2285
vt 0.4160 0.4865
vt 0.3770 0.4905
vt 0.4410 0.4565
vt 0.4330 0.4525
vt 0.4370 0.3295
vt 0.4440 0.3325
vt 0.4660 0.3095
vt 0.4760 0.3085
vt 0.3550 0.4205
vt 0.4350 0.4185
vt 0.3320 0.4055
vt 0.4960 0.2665
vt 0.4870 0.2645
vt 0.4430 0.4205
vt 0.3020 0.4275
vt 0.3740 0.0925
vt 0.4410 0.0465
vt 0.3290 0.0765
vt 0.6870 0.7655
vt 0.6870 0.7875
vt 0.6870 0.7535
vt 0.6870 0.8245
vt 0.6870 0.8725
vt 0.9090 0.9515
vt 0.9110 0.9665
vt 0.8760 0.9805
vt 0.8760 0.9615
vt 0.0310 0.9815
vt 0.9340 0.0715
vt 0.9470 0.0715
vt 0.9470 0.0895
vt 0.9340 0.0585
vt 0.9460 0.0585
vt 0.9340 0.0475
vt 0.9450 0.0475
vt 0.9420 0.0385
vt 0.9350 0.0385
vt 0.9480 0.0375
vt 0.9470 0.0385
vt 0.9310 0.0385
vt 0.9280 0.0385
vt 0.8830 0.0615
vt 0.8830 0.0825
vt 0.9110 0.0855
vt 0.9580 0.0885
vt 0.9620 0.0875
vt 0.9570 0.1005
vt 0.9600 0.0995
vt 0.9280 0.0475
vt 0.9240 0.0495
vt 0.9530 0.0865
vt 0.9380 0.0875
vt 0.9260 0.0605
vt 0.9580 0.0715
vt 0.9610 0.0705
vt 0.9400 0.0345
vt 0.9360 0.0345
vt 0.9540 0.0475
vt 0.9520 0.0475
vt 0.9580 0.0585
vt 0.9560 0.0585
vt 0.9550 0.1245
vt 0.7140 0.3805
vt 0.7630 0.3865
vt 0.7840 0.4105
vt 0.6290 0.2075
vt 0.6870 0.3965
vt 0.7410 0.4265
vt 0.7920 0.4205
vt 0.7910 0.4225
vt 0.6960 0.1645
vt 0.7040 0.1815
vt 0.7450 0.1545
vt 0.7450 0.1735
vt 0.8200 0.3015
vt 0.8250 0.2385
vt 0.6900 0.1545
vt 0.7470 0.1395
vt 0.7990 0.1935
vt 0.7860 0.0725
vt 0.8290 0.0645
vt 0.8160 0.2045
vt 0.9430 0.4085
vt 0.1030 0.8065
vt 0.0800 0.7995
vt 0.1020 0.7815
vt 0.0810 0.7795
vt 0.1560 0.8195
vt 0.1550 0.7855
vt 0.1760 0.7865
vt 0.1990 0.7845
vt 0.1770 0.8245
vt 0.1980 0.8265
vt 0.1340 0.4825
vt 0.1650 0.4875
vt 0.0500 0.3835
vt 0.0250 0.3805
vt 0.1080 0.4665
vt 0.0780 0.3845
vt 0.3990 0.7565
vt 0.3730 0.7565
vt 0.3950 0.7875
vt 0.3710 0.7945
vt 0.3530 0.7575
vt 0.3340 0.7605
vt 0.3460 0.7985
vt 0.3210 0.7985
vt 0.0850 0.4345
vt 0.1030 0.3895
vt 0.3170 0.7645
vt 0.3000 0.7715
vt 0.2980 0.7975
vt 0.2770 0.7945
vt 0.5180 0.0905
vt 0.5200 0.1055
vt 0.5170 0.0805
vt 0.5160 0.0685
vt 0.2190 0.0915
vt 0.1950 0.1055
vt 0.2030 0.1075
vt 0.2120 0.0955
vt 0.2170 0.1175
vt 0.2170 0.1155
vt 0.2200 0.1245
vt 0.2210 0.1205
vt 0.2110 0.1195
vt 0.1890 0.1305
vt 0.1900 0.1485
vt 0.2270 0.1415
vt 0.2270 0.1355
vt 0.1840 0.1475
vt 0.1840 0.1315
vt 0.1160 0.0345
vt 0.1970 0.1535
vt 0.9430 0.4085
vt 0.2230 0.2405
vt 0.2240 0.2545
vt 0.1980 0.2925
vt 0.1980 0.2925
vt 0.2030 0.2125
vt 0.1860 0.2145
vt 0.1870 0.2285
vt 0.2490 0.2725
vt 0.2140 0.1695
vt 0.2100 0.1685
vt 0.2160 0.1815
vt 0.1980 0.1515
vt 0.2100 0.1815
vt 0.5550 0.0755
vt 0.5550 0.0775
vt 0.5550 0.0295
vt 0.5550 0.0315
vt 0.5490 0.0295
vt 0.5490 0.0315
vt 0.5420 0.0295
vt 0.5420 0.0315
vt 0.5290 0.0315
vt 0.5290 0.0345
vt 0.5750 0.0285
vt 0.5740 0.0255
vt 0.5790 0.0275
vt 0.5790 0.0245
vt 0.5840 0.0605
vt 0.5840 0.0645
vt 0.5800 0.0605
vt 0.5800 0.0635
vt 0.5910 0.0595
vt 0.5900 0.0625
vt 0.5910 0.0475
vt 0.5900 0.0445
vt 0.5840 0.0455
vt 0.5840 0.0425
vt 0.5800 0.0435
vt 0.5800 0.0465
vt 0.5800 0.0415
vt 0.5810 0.0435
vt 0.5760 0.0415
vt 0.5760 0.0435
vt 0.5860 0.0395
vt 0.5860 0.0415
vt 0.5840 0.0255
vt 0.5850 0.0275
vt 0.5800 0.0795
vt 0.5790 0.0825
vt 0.5750 0.0785
vt 0.5750 0.0815
vt 0.5860 0.0795
vt 0.5850 0.0815
vt 0.5870 0.0675
vt 0.5810 0.0655
vt 0.5870 0.0655
vt 0.5810 0.0635
vt 0.5770 0.0635
vt 0.5770 0.0655
vt 0.5390 0.0845
vt 0.5270 0.0805
vt 0.6050 0.8115
vt 0.6050 0.8065
vt 0.5790 0.7855
vt 0.5600 0.7885
vt 0.5790 0.7815
vt 0.5600 0.7845
vt 0.5980 0.7805
vt 0.5990 0.7925
vt 0.5920 0.7825
vt 0.5930 0.7935
vt 0.5800 0.7945
vt 0.5610 0.7975
vt 0.6010 0.8035
vt 0.5940 0.8035
vt 0.5810 0.8035
vt 0.5620 0.8065
vt 0.6010 0.8085
vt 0.5720 0.7725
vt 0.5760 0.7765
vt 0.5810 0.7725
vt 0.5680 0.7635
vt 0.5640 0.7765
vt 0.5840 0.7655
vt 0.5830 0.7685
vt 0.5940 0.8085
vt 0.5680 0.7805
vt 0.5580 0.7825
vt 0.5490 0.7865
vt 0.5180 0.7835
vt 0.5320 0.7745
vt 0.5280 0.7935
vt 0.5520 0.7875
vt 0.5450 0.7845
vt 0.5500 0.7835
vt 0.5180 0.8605
vt 0.5180 0.8585
vt 0.5390 0.8635
vt 0.5390 0.8635
vt 0.5930 0.8395
vt 0.6000 0.8395
vt 0.5930 0.8445
vt 0.5990 0.8445
vt 0.6070 0.8465
vt 0.6080 0.8435
vt 0.5980 0.8555
vt 0.6040 0.8565
vt 0.5920 0.8545
vt 0.5830 0.8545
vt 0.5800 0.8545
vt 0.5610 0.8515
vt 0.5820 0.8075
vt 0.5840 0.8035
vt 0.5830 0.7945
vt 0.5820 0.7845
vt 0.5390 0.7705
vt 0.5620 0.7815
vt 0.5010 0.8745
vt 0.5010 0.8745
vt 0.5010 0.8745
vt 0.5010 0.8745
vt 0.5380 0.8005
vt 0.5300 0.0535
vt 0.5280 0.0635
vt 0.5280 0.0625
vt 0.5310 0.0575
vt 0.5310 0.0555
vt 0.5670 0.0425
vt 0.5580 0.0425
vt 0.5760 0.0445
vt 0.5830 0.0475
vt 0.5500 0.0445
vt 0.5420 0.0475
vt 0.8700 0.5765
vt 0.8740 0.5565
vt 0.8740 0.5525
vt 0.8690 0.5765
vt 0.9370 0.5435
vt 0.9570 0.5535
vt 0.9750 0.5685
vt 0.9720 0.5715
vt 0.9820 0.5935
vt 0.9850 0.5905
vt 0.8740 0.5465
vt 0.8740 0.5495
vt 0.8690 0.5745
vt 0.8680 0.5995
vt 0.9800 0.5955
vt 0.9700 0.5735
vt 0.8710 0.6335
vt 0.9560 0.5595
vt 0.9390 0.5535
vt 0.3490 0.1035
vt 0.3290 0.0765
vt 0.3740 0.0925
vt 0.3530 0.0595
vt 0.3590 0.1405
vt 0.3670 0.1745
vt 0.3760 0.4785
vt 0.4120 0.4745
vt 0.4330 0.4525
vt 0.4490 0.0805
vt 0.4410 0.0465
vt 0.4590 0.0775
vt 0.4480 0.0405
vt 0.4050 0.2525
vt 0.3910 0.2085
vt 0.4140 0.2065
vt 0.3320 0.4055
vt 0.3550 0.4205
vt 0.4380 0.1935
vt 0.4350 0.4185
vt 0.4450 0.1245
vt 0.4010 0.0255
vt 0.4080 0.0185
vt 0.3680 0.0275
vt 0.3690 0.0205
vt 0.9090 0.9515
vt 0.9110 0.9665
vt 0.0310 0.9815
vt 0.9470 0.0715
vt 0.9340 0.0715
vt 0.9470 0.0895
vt 0.9460 0.0585
vt 0.9340 0.0585
vt 0.9450 0.0475
vt 0.9340 0.0475
vt 0.9350 0.0385
vt 0.9420 0.0385
vt 0.9480 0.0375
vt 0.9470 0.0385
vt 0.9310 0.0385
vt 0.9280 0.0385
vt 0.8830 0.0825
vt 0.9110 0.0855
vt 0.9620 0.0875
vt 0.9580 0.0885
vt 0.9600 0.0995
vt 0.9570 0.1005
vt 0.9280 0.0475
vt 0.9240 0.0495
vt 0.9530 0.0865
vt 0.9380 0.0875
vt 0.9260 0.0605
vt 0.9610 0.0705
vt 0.9580 0.0715
vt 0.9400 0.0345
vt 0.9360 0.0345
vt 0.9540 0.0475
vt 0.9520 0.0475
vt 0.9580 0.0585
vt 0.9560 0.0585
vt 0.9550 0.1245
vt 0.7840 0.4105
vt 0.6290 0.2075
vt 0.6870 0.3965
vt 0.7870 0.2755
vt 0.7840 0.3065
vt 0.7920 0.4205
vt 0.6900 0.1545
vt 0.6480 0.1845
vt 0.6690 0.3315
vt 0.6970 0.3475
vt 0.6500 0.3435
vt 0.6770 0.3585
vt 0.6960 0.1645
vt 0.7450 0.1735
vt 0.7450 0.1545
vt 0.6520 0.1915
vt 0.8250 0.2385
vt 0.7470 0.1395
vt 0.7860 0.0725
vt 0.8290 0.0645
vt 0.8220 0.1485
vt 0.7940 0.2395
vt 0.0900 0.3905
vt 0.0900 0.3905
vt 0.0900 0.3905
vt 0.0900 0.3905
vt 0.1980 0.2925
vt 0.1980 0.2925
vt 0.1980 0.2925
vt 0.6150 0.9405
vt 0.6150 0.9365
vt 0.5060 0.9225
vt 0.5050 0.9335
vt 0.5110 0.9235
vt 0.5110 0.9335
vt 0.5860 0.9045
vt 0.6070 0.9065
vt 0.6060 0.8985
vt 0.5090 0.9225
vt 0.5090 0.9335
vt 0.5190 0.9215
vt 0.5200 0.9345
vt 0.5850 0.9255
vt 0.5260 0.9005
vt 0.5600 0.9035
vt 0.5580 0.9225
vt 0.5850 0.9225
vt 0.6080 0.9225
vt 0.6060 0.9305
vt 0.6160 0.9305
vt 0.6050 0.9245
vt 0.6170 0.9245
vt 0.6060 0.8955
vt 0.6070 0.9295
vt 0.5580 0.9365
vt 0.5220 0.9095
vt 0.5130 0.9115
vt 0.5110 0.9125
vt 0.5150 0.9125
vt 0.5310 0.9115
vt 0.5560 0.9105
vt 0.5850 0.9105
vt 0.5040 0.6495
vt 0.5130 0.6485
vt 0.5500 0.5055
vt 0.7330 0.5685
vt 0.7310 0.5165
vt 0.5810 0.5045
vt 0.5840 0.5225
vt 0.6240 0.6505
vt 0.5970 0.6485
vt 0.6250 0.7025
vt 0.5970 0.7035
vt 0.5600 0.7035
vt 0.5600 0.6505
vt 0.6610 0.7025
vt 0.6610 0.6485
vt 0.5840 0.5225
vt 0.5740 0.5645
vt 0.5600 0.6505
vt 0.5970 0.6485
vt 0.5740 0.5645
vt 0.5320 0.6505
vt 0.5330 0.7025
vt 0.5130 0.9485
vt 0.5090 0.9335
vt 0.6150 0.9405
vt 0.6150 0.9365
vt 0.5840 0.9445
vt 0.5330 0.9785
vt 0.5270 0.9785
vt 0.5140 0.9485
vt 0.5080 0.9485
vt 0.5480 0.9785
vt 0.5300 0.9485
vt 0.5050 0.9335
vt 0.5060 0.9225
vt 0.5110 0.9335
vt 0.5110 0.9235
vt 0.5860 0.9045
vt 0.6060 0.8985
vt 0.6070 0.9065
vt 0.5090 0.9225
vt 0.5850 0.9255
vt 0.5190 0.9045
vt 0.5220 0.9095
vt 0.5130 0.9115
vt 0.5600 0.9035
vt 0.5850 0.9225
vt 0.6080 0.9225
vt 0.6160 0.9305
vt 0.6060 0.9305
vt 0.6170 0.9245
vt 0.6050 0.9245
vt 0.5960 0.8715
vt 0.6030 0.8665
vt 0.6060 0.8955
vt 0.5810 0.8835
vt 0.5740 0.5645
vt 0.5960 0.8715
vt 0.6030 0.8665
vt 0.5150 0.9125
vt 0.5110 0.9125
vt 0.5310 0.9115
vt 0.5560 0.9105
vt 0.5850 0.9105
vt 0.5040 0.6495
vt 0.7330 0.5685
vt 0.7310 0.5165
vt 0.2940 0.5115
vt 0.2910 0.5175
vt 0.3170 0.5265
vt 0.3060 0.5335
vt 0.3400 0.5575
vt 0.3330 0.5625
vt 0.3480 0.5845
vt 0.3520 0.6225
vt 0.3480 0.6605
vt 0.3400 0.6875
vt 0.3330 0.6815
vt 0.3170 0.7215
vt 0.3030 0.7155
vt 0.2960 0.7385
vt 0.2890 0.7305
vt 0.4390 0.5675
vt 0.4100 0.5865
vt 0.3980 0.6185
vt 0.3800 0.7185
vt 0.3760 0.7235
vt 0.4060 0.7145
vt 0.4110 0.7245
vt 0.4260 0.7005
vt 0.4310 0.7085
vt 0.4390 0.6775
vt 0.4520 0.6805
vt 0.4490 0.6495
vt 0.4590 0.6535
vt 0.4530 0.6225
vt 0.4620 0.6225
vt 0.4490 0.5955
vt 0.4590 0.5915
vt 0.4390 0.5675
vt 0.4520 0.5645
vt 0.4260 0.5465
vt 0.4060 0.5345
vt 0.3760 0.5275
vt 0.4060 0.5345
vt 0.4260 0.5465
vt 0.4560 0.5585
vt 0.4630 0.5845
vt 0.4670 0.6215
vt 0.4630 0.6575
vt 0.4560 0.6845
vt 0.4350 0.7165
vt 0.4150 0.7325
vt 0.6190 0.3795
vt 0.6400 0.3725
vt 0.6770 0.3585
vt 0.6970 0.3475
vt 0.7430 0.2025
vt 0.6520 0.1915
vt 0.6480 0.1845
vt 0.6400 0.1765
vt 0.2250 0.8825
vt 0.2250 0.8825
vt 0.2250 0.8825
vt 0.2250 0.8825
vt 0.2250 0.8825
vt 0.2250 0.8825
vt 0.2250 0.8825
vt 0.2250 0.8825
vt 0.2250 0.8825
vt 0.2250 0.8825
vt 0.2250 0.8825
vt 0.2250 0.8825
vt 0.2250 0.8825
vt 0.2250 0.8825
vt 0.2250 0.8825
vt 0.2250 0.8825
vt 0.2250 0.8825
vt 0.2250 0.8825
vt 0.2250 0.8825
vt 0.2250 0.8825
vt 0.2250 0.8825
vt 0.2250 0.8825
vt 0.2250 0.8825
vt 0.2250 0.8825
vt 0.2250 0.8825
vt 0.2250 0.8825
vt 0.2250 0.8825
vt 0.2250 0.8825
vt 0.2250 0.8825
vt 0.2250 0.8825
vt 0.2250 0.8825
vt 0.2250 0.8825
vt 0.5600 0.6505
vt 0.5970 0.6485
vt 0.6240 0.6505
vt 0.6610 0.6485
vt 0.6860 0.6475
vt 0.7180 0.6485
vt 0.7320 0.6485
vt 0.7410 0.6475
vt 0.7320 0.6485
vt 0.7180 0.6485
vt 0.6860 0.6475
vt 0.6600 0.6475
vt 0.6240 0.6505
vt 0.5600 0.7035
vt 0.5330 0.7025
vt 0.5120 0.6985
vt 0.5030 0.6935
vt 0.5120 0.6985
vt 0.5330 0.7025
vt 0.5600 0.7035
vt 0.5970 0.7035
vt 0.6250 0.7025
vt 0.6610 0.7025
vt 0.6860 0.7025
vt 0.7210 0.7035
vt 0.7380 0.7025
vt 0.7460 0.6985
vt 0.7380 0.7025
vt 0.7210 0.7035
vt 0.6860 0.7025
vt 0.6600 0.7025
vt 0.6250 0.7025
vt 0.5970 0.7035
vt 0.5610 0.7465
vt 0.5330 0.7465
vt 0.5150 0.7465
vt 0.5060 0.7465
vt 0.5150 0.7465
vt 0.5330 0.7465
vt 0.5610 0.7465
vt 0.5970 0.7465
vt 0.6240 0.7465
vt 0.6600 0.7465
vt 0.6850 0.7465
vt 0.7190 0.7465
vt 0.7360 0.7465
vt 0.7430 0.7465
vt 0.7360 0.7465
vt 0.7190 0.7465
vt 0.6850 0.7465
vt 0.6600 0.7465
vt 0.6240 0.7465
vt 0.5970 0.7465
vt 0.0780 0.8155
vt 0.1030 0.8325
vt 0.1560 0.8605
vt 0.1760 0.8505
vt 0.1720 0.7545
vt 0.1960 0.7545
vt 0.2230 0.7875
vt 0.2210 0.7545
vt 0.2520 0.7885
vt 0.2530 0.7545
vt 0.2770 0.7545
vt 0.2990 0.7545
vt 0.3200 0.7545
vt 0.3430 0.7545
vt 0.3670 0.7545
vt 0.3900 0.7545
vt 0.4220 0.7545
vt 0.4550 0.7545
vt 0.4690 0.7695
vt 0.4640 0.7545
vt 0.4870 0.7545
vt 0.4690 0.7695
vt 0.5750 0.0765
vt 0.5810 0.0675
vt 0.5190 0.0485
vt 0.1950 0.0345
vt 0.1880 0.0345
vt 0.1830 0.0345
vt 0.2280 0.0345
vt 0.2250 0.0345
vt 0.2200 0.0345
vt 0.2130 0.0355
vt 0.2030 0.0355
vt 0.2030 0.1075
vt 0.2110 0.1095
vt 0.2170 0.1095
vt 0.2230 0.1075
vt 0.2280 0.1045
vt 0.1830 0.1035
vt 0.1880 0.1045
vt 0.1950 0.1055
vt 0.1800 0.1545
vt 0.1850 0.1675
vt 0.1900 0.1675
vt 0.1070 0.0585
vt 0.1010 0.0815
vt 0.0970 0.1685
vt 0.1420 0.2235
vt 0.1090 0.2245
vt 0.1520 0.2825
vt 0.1190 0.2845
vt 0.1570 0.3375
vt 0.1270 0.3395
vt 0.1620 0.3785
vt 0.1360 0.3835
vt 0.0470 0.0215
vt 0.0450 0.0345
vt 0.0470 0.0985
vt 0.0470 0.1685
vt 0.0490 0.2245
vt 0.0540 0.2845
vt 0.0610 0.3415
vt 0.0720 0.3905
vt 0.2200 0.1215
vt 0.2230 0.1365
vt 0.1800 0.1545
vt 0.1850 0.1675
vt 0.1900 0.1675
vt 0.1070 0.0585
vt 0.1010 0.0815
vt 0.0970 0.1685
vt 0.1420 0.2235
vt 0.1090 0.2245
vt 0.1520 0.2825
vt 0.1190 0.2845
vt 0.1570 0.3375
vt 0.1270 0.3395
vt 0.1620 0.3785
vt 0.1360 0.3835
vt 0.1500 0.4235
vt 0.6090 0.3365
vt 0.5810 0.3575
vt 0.5750 0.3645
vt 0.5930 0.3755
vt 0.5810 0.3575
vt 0.6200 0.3585
vt 0.6090 0.3365
vt 0.6500 0.3435
vt 0.6690 0.3315
vt 0.6860 0.3025
vt 0.9430 0.3505
vt 0.9450 0.2835
vt 0.9450 0.2235
vt 0.9450 0.1805
vt 0.9430 0.1525
vt 0.9440 0.1195
vt 0.9430 0.0815
vt 0.9430 0.0565
vt 0.9380 0.0315
vt 0.2120 0.1955
vt 0.2240 0.2035
vt 0.2200 0.1935
vt 0.2270 0.1955
vt 0.2240 0.1915
vt 0.2240 0.2035
vt 0.2200 0.1935
vt 0.2120 0.1955
vt 0.2020 0.1975
vt 0.1860 0.1995
vt 0.5620 0.0955
vt 0.5570 0.0925
vt 0.5520 0.0905
vt 0.5490 0.0885
vt 0.5430 0.0865
vt 0.5390 0.0845
vt 0.5270 0.0805
vt 0.5210 0.0735
vt 0.5190 0.0655
vt 0.5560 0.0365
vt 0.5640 0.0355
vt 0.5680 0.0355
vt 0.5720 0.0345
vt 0.5750 0.0345
vt 0.5800 0.0345
vt 0.5860 0.0335
vt 0.5880 0.0285
vt 0.5870 0.0275
vt 0.5490 0.0785
vt 0.5550 0.0775
vt 0.5670 0.0795
vt 0.5770 0.0635
vt 0.5810 0.0635
vt 0.5870 0.0655
vt 0.5890 0.0685
vt 0.5890 0.0735
vt 0.5880 0.0795
vt 0.5850 0.0815
vt 0.5790 0.0825
vt 0.5750 0.0815
vt 0.5680 0.0965
vt 0.5660 0.0985
vt 0.5650 0.0975
vt 0.5590 0.0975
vt 0.5580 0.0955
vt 0.5540 0.0955
vt 0.5540 0.0925
vt 0.5500 0.0925
vt 0.5490 0.0905
vt 0.5470 0.0905
vt 0.5460 0.0885
vt 0.5420 0.0885
vt 0.5420 0.0865
vt 0.5370 0.0855
vt 0.5380 0.0835
vt 0.5270 0.0815
vt 0.5290 0.0775
vt 0.5210 0.0735
vt 0.5230 0.0705
vt 0.5190 0.0675
vt 0.5190 0.0625
vt 0.5520 0.0535
vt 0.5570 0.0535
vt 0.5670 0.0535
vt 0.5710 0.0535
vt 0.5750 0.0535
vt 0.5800 0.0535
vt 0.5840 0.0535
vt 0.5920 0.0535
vt 0.6050 0.8115
vt 0.5980 0.8125
vt 0.5890 0.8145
vt 0.5850 0.8145
vt 0.5620 0.8155
vt 0.5550 0.8505
vt 0.6160 0.8095
vt 0.6050 0.8065
vt 0.5980 0.8075
vt 0.5850 0.8105
vt 0.5620 0.8115
vt 0.6220 0.8245
vt 0.6200 0.8335
vt 0.6160 0.8385
vt 0.6050 0.8415
vt 0.5980 0.8405
vt 0.5850 0.8375
vt 0.5620 0.8365
vt 0.5770 0.7725
vt 0.5760 0.7765
vt 0.5810 0.7725
vt 0.5790 0.7685
vt 0.5810 0.7595
vt 0.5760 0.7605
vt 0.5750 0.7525
vt 0.5680 0.7635
vt 0.5650 0.7555
vt 0.5600 0.7675
vt 0.5570 0.7595
vt 0.5510 0.7635
vt 0.5720 0.7725
vt 0.5640 0.7765
vt 0.5580 0.7775
vt 0.5550 0.7795
vt 0.5580 0.7825
vt 0.5450 0.7895
vt 0.2030 0.1845
vt 0.2030 0.1845
vt 0.1960 0.1855
vt 0.1860 0.1845
vt 0.5660 0.0885
vt 0.5670 0.0925
vt 0.5570 0.0895
vt 0.5580 0.0925
vt 0.5490 0.0875
vt 0.5490 0.0905
vt 0.5410 0.0845
vt 0.5420 0.0875
vt 0.5350 0.0805
vt 0.5350 0.0825
vt 0.5310 0.0755
vt 0.5310 0.0755
vt 0.5280 0.0695
vt 0.5310 0.0755
vt 0.5300 0.0725
vt 0.5350 0.0805
vt 0.5340 0.0755
vt 0.5410 0.0845
vt 0.5400 0.0775
vt 0.5490 0.0875
vt 0.5470 0.0795
vt 0.5570 0.0895
vt 0.5560 0.0795
vt 0.5660 0.0885
vt 0.5650 0.0795
vt 0.5750 0.0875
vt 0.5730 0.0775
vt 0.5830 0.0845
vt 0.5810 0.0755
vt 0.5900 0.0805
vt 0.5900 0.0725
vt 0.5950 0.0765
vt 0.5770 0.0525
vt 0.5690 0.0525
vt 0.5600 0.0525
vt 0.5510 0.0535
vt 0.5430 0.0555
vt 0.5350 0.0515
vt 0.5370 0.0585
vt 0.5310 0.0575
vt 0.5320 0.0625
vt 0.5280 0.0635
vt 0.5290 0.0655
vt 0.5290 0.0695
vt 0.5300 0.0725
vt 0.5330 0.0685
vt 0.5340 0.0755
vt 0.5380 0.0685
vt 0.5400 0.0775
vt 0.5450 0.0675
vt 0.5470 0.0795
vt 0.5530 0.0665
vt 0.5560 0.0795
vt 0.5620 0.0655
vt 0.5650 0.0795
vt 0.5710 0.0645
vt 0.5730 0.0775
vt 0.5790 0.0645
vt 0.5810 0.0755
vt 0.5900 0.0725
vt 0.5970 0.0775
vt 0.5950 0.0765
vt 0.5890 0.0485
vt 0.5900 0.0505
vt 0.5910 0.0535
vt 0.5850 0.0545
vt 0.5900 0.0625
vt 0.5860 0.0625
vt 0.5790 0.0645
vt 0.5710 0.0645
vt 0.5620 0.0655
vt 0.5530 0.0665
vt 0.5450 0.0675
vt 0.5380 0.0685
vt 0.5330 0.0685
vt 0.5290 0.0695
vt 0.8980 0.5635
vt 0.8970 0.5595
vt 0.8910 0.5545
vt 0.8940 0.5455
vt 0.8980 0.5355
vt 0.9160 0.5335
vt 0.9150 0.5415
vt 0.9320 0.5175
vt 0.9450 0.5255
vt 0.9630 0.5445
vt 0.9770 0.5655
vt 0.9860 0.5905
vt 0.9870 0.6235
vt 0.9840 0.6465
vt 0.9050 0.6725
vt 0.8750 0.6605
vt 0.9050 0.6725
vt 0.9840 0.6465
vt 0.9870 0.6235
vt 0.9860 0.5905
vt 0.9770 0.5655
vt 0.9630 0.5445
vt 0.9450 0.5255
vt 0.3490 0.1035
vt 0.3590 0.1405
vt 0.3670 0.1745
vt 0.3910 0.2085
vt 0.4050 0.2525
vt 0.4220 0.3135
vt 0.9910 0.8715
vt 0.9840 0.9165
vt 0.9530 0.9475
vt 0.9120 0.9835
vt 0.8760 0.9955
vt 0.9120 0.9835
vt 0.9530 0.9475
vt 0.9840 0.9165
vt 0.9380 0.0315
vt 0.9430 0.0565
vt 0.9430 0.0815
vt 0.9440 0.1195
vt 0.9430 0.1525
vt 0.9450 0.1805
vt 0.9450 0.2235
vt 0.9450 0.2835
vt 0.9430 0.3505
vt 0.2230 0.7875
vt 0.2520 0.7885
vt 0.1950 0.0345
vt 0.1880 0.0345
vt 0.1830 0.0345
vt 0.2280 0.0345
vt 0.2250 0.0345
vt 0.2200 0.0345
vt 0.2130 0.0355
vt 0.2030 0.0355
vt 0.1880 0.1045
vt 0.1830 0.1035
vt 0.2280 0.1045
vt 0.2230 0.1075
vt 0.2170 0.1095
vt 0.2110 0.1095
vt 0.0470 0.0215
vt 0.0450 0.0345
vt 0.0470 0.0985
vt 0.0470 0.1685
vt 0.0490 0.2245
vt 0.0540 0.2845
vt 0.0610 0.3415
vt 0.0720 0.3905
vt 0.5690 0.0925
vt 0.5670 0.0975
vt 0.5620 0.0955
vt 0.5650 0.0905
vt 0.5570 0.0925
vt 0.5590 0.0885
vt 0.5520 0.0905
vt 0.5540 0.0855
vt 0.5490 0.0885
vt 0.5510 0.0845
vt 0.5430 0.0865
vt 0.5440 0.0815
vt 0.5510 0.0695
vt 0.5560 0.0695
vt 0.5640 0.0705
vt 0.5680 0.0715
vt 0.5720 0.0715
vt 0.5760 0.0725
vt 0.5800 0.0725
vt 0.5550 0.0815
vt 0.5610 0.0825
vt 0.5660 0.0845
vt 0.5700 0.0875
vt 0.5710 0.0935
vt 0.5700 0.0965
vt 0.5660 0.0985
vt 0.5680 0.0965
vt 0.5650 0.0975
vt 0.5580 0.0955
vt 0.5590 0.0975
vt 0.5540 0.0925
vt 0.5540 0.0955
vt 0.5490 0.0905
vt 0.5500 0.0925
vt 0.5460 0.0885
vt 0.5470 0.0905
vt 0.5420 0.0865
vt 0.5420 0.0885
vt 0.5380 0.0835
vt 0.5370 0.0855
vt 0.5290 0.0775
vt 0.5270 0.0815
vt 0.5230 0.0705
vt 0.5210 0.0735
vt 0.5190 0.0625
vt 0.5190 0.0675
vt 0.5210 0.0735
vt 0.5190 0.0655
vt 0.5440 0.0395
vt 0.5510 0.0375
vt 0.5560 0.0365
vt 0.5640 0.0355
vt 0.5680 0.0355
vt 0.5720 0.0345
vt 0.5750 0.0345
vt 0.5800 0.0345
vt 0.5860 0.0335
vt 0.5880 0.0285
vt 0.5870 0.0275
vt 0.5090 0.8665
vt 0.4990 0.8735
vt 0.5030 0.8465
vt 0.5030 0.8405
vt 0.5180 0.8475
vt 0.5520 0.8625
vt 0.5600 0.8605
vt 0.5800 0.8635
vt 0.5820 0.8635
vt 0.5910 0.8655
vt 0.5970 0.8675
vt 0.6050 0.8665
vt 0.6100 0.8575
vt 0.6120 0.8485
vt 0.5520 0.0535
vt 0.5570 0.0535
vt 0.5670 0.0535
vt 0.5710 0.0535
vt 0.5750 0.0535
vt 0.5800 0.0535
vt 0.5840 0.0535
vt 0.5920 0.0535
vt 0.5980 0.8125
vt 0.5980 0.8075
vt 0.5890 0.8145
vt 0.5850 0.8105
vt 0.5850 0.8145
vt 0.5620 0.8115
vt 0.5620 0.8155
vt 0.5600 0.8105
vt 0.6130 0.8245
vt 0.6050 0.8245
vt 0.5980 0.8245
vt 0.5890 0.8245
vt 0.5850 0.8245
vt 0.5620 0.8245
vt 0.5580 0.8245
vt 0.5420 0.8245
vt 0.6140 0.8345
vt 0.6050 0.8365
vt 0.5980 0.8355
vt 0.5890 0.8345
vt 0.5850 0.8335
vt 0.5620 0.8325
vt 0.6200 0.8335
vt 0.6160 0.8385
vt 0.6050 0.8415
vt 0.5980 0.8405
vt 0.5850 0.8375
vt 0.5620 0.8365
vt 0.6070 0.7775
vt 0.5980 0.7765
vt 0.5910 0.7775
vt 0.5620 0.8095
vt 0.5650 0.7555
vt 0.5750 0.7525
vt 0.5770 0.7725
vt 0.5690 0.7765
vt 0.5600 0.7785
vt 0.5510 0.8635
vt 0.5600 0.8635
vt 0.5790 0.8665
vt 0.5900 0.8705
vt 0.5970 0.8715
vt 0.6060 0.8705
vt 0.6100 0.8665
vt 0.6120 0.8575
vt 0.5770 0.0525
vt 0.5690 0.0525
vt 0.5600 0.0525
vt 0.5510 0.0535
vt 0.5430 0.0555
vt 0.5370 0.0585
vt 0.5350 0.0515
vt 0.5320 0.0625
vt 0.5290 0.0655
vt 0.9160 0.5335
vt 0.9150 0.5415
vt 0.9150 0.5505
vt 0.9320 0.5575
vt 0.9260 0.5615
vt 0.9420 0.5665
vt 0.9600 0.5845
vt 0.9700 0.6035
vt 0.9750 0.6235
vt 0.9790 0.6235
vt 0.9740 0.6005
vt 0.9640 0.5795
vt 0.9500 0.5645
vt 0.5240 0.9485
vt 0.5130 0.9485
vt 0.5080 0.9485
vt 0.5140 0.9485
vt 0.5300 0.9485
vt 0.5600 0.9445
vt 0.5870 0.9445
vt 0.6060 0.9445
vt 0.6140 0.9445
vt 0.6060 0.9445
vt 0.5840 0.9445
vt 0.5590 0.9445
vt 0.5610 0.9785
vt 0.5410 0.9785
vt 0.5320 0.9785
vt 0.5270 0.9785
vt 0.5330 0.9785
vt 0.5480 0.9785
vt 0.5720 0.9785
vt 0.5840 0.9785
vt 0.6020 0.9785
vt 0.6070 0.9785
vt 0.6000 0.9785
vt 0.5820 0.9785
vt 0.3710 0.9375
vt 0.3610 0.9775
vt 0.3290 0.9775
vt 0.3360 0.9375
vt 0.2530 0.9775
vt 0.2530 0.9375
vt 0.1760 0.9775
vt 0.1690 0.9375
vt 0.1440 0.9775
vt 0.1350 0.9375
vt 0.1760 0.9775
vt 0.1690 0.9375
vt 0.2530 0.9775
vt 0.2530 0.9375
vt 0.3290 0.9775
vt 0.3360 0.9375
vt 0.3400 0.9935
vt 0.3140 0.9935
vt 0.2530 0.9935
vt 0.1910 0.9935
vt 0.1660 0.9935
vt 0.1910 0.9935
vt 0.2530 0.9935
vt 0.3140 0.9935
vt 0.3290 0.8985
vt 0.3610 0.8985
vt 0.3290 0.8985
vt 0.2530 0.8985
vt 0.1760 0.8985
vt 0.1440 0.8985
vt 0.1760 0.8985
vt 0.2530 0.8985
vt 0.2530 0.8815
vt 0.3200 0.8815
vt 0.3480 0.8815
vt 0.3200 0.8815
vt 0.2530 0.8815
vt 0.1850 0.8815
vt 0.1570 0.8815
vt 0.1850 0.8815
vt 0.5580 0.4715
vt 0.5580 0.4975
vt 0.5550 0.4975
vt 0.5550 0.4715
vt 0.5530 0.4975
vt 0.5530 0.4715
vt 0.5480 0.4935
vt 0.5480 0.4765
vt 0.5440 0.4975
vt 0.5440 0.4715
vt 0.5410 0.4975
vt 0.5410 0.4715
vt 0.5380 0.4975
vt 0.5380 0.4715
vt 0.5360 0.4885
vt 0.5360 0.4765
vt 0.5330 0.4975
vt 0.5330 0.4715
vt 0.5300 0.4975
vt 0.5300 0.4715
vt 0.5270 0.4975
vt 0.5270 0.4715
vt 0.5250 0.4975
vt 0.5250 0.4715
vt 0.5210 0.4975
vt 0.5210 0.4715
vt 0.5180 0.4975
vt 0.5180 0.4715
vt 0.5130 0.4975
vt 0.5130 0.4715
vt 0.5100 0.4975
vt 0.5100 0.4715
vt 0.5070 0.4975
vt 0.5070 0.4715
vt 0.5050 0.4975
vt 0.5050 0.4715
vt 0.5020 0.4975
vt 0.5020 0.4715
vt 0.5600 0.4975
vt 0.5600 0.4765
vt 0.6580 0.9915
vt 0.6870 0.9955
vt 0.7170 0.9915
vt 0.6400 0.9825
vt 0.7350 0.9825
vt 0.6300 0.9695
vt 0.7450 0.9695
vt 0.6310 0.9515
vt 0.7430 0.9515
vt 0.6380 0.9385
vt 0.7370 0.9385
vt 0.6370 0.9205
vt 0.7380 0.9205
vt 0.6370 0.9085
vt 0.7380 0.9085
vt 0.6440 0.8925
vt 0.7310 0.8925
vt 0.6620 0.8835
vt 0.7130 0.8835
vt 0.6870 0.8805
vt 0.6860 0.6475
vt 0.7180 0.6485
vt 0.7320 0.6485
vt 0.7410 0.6475
vt 0.7320 0.6485
vt 0.7180 0.6485
vt 0.6860 0.6475
vt 0.6600 0.6475
vt 0.6240 0.6505
vt 0.5120 0.6985
vt 0.5330 0.7465
vt 0.5150 0.7465
vt 0.6850 0.7465
vt 0.6860 0.7025
vt 0.7210 0.7035
vt 0.7190 0.7465
vt 0.7380 0.7025
vt 0.7360 0.7465
vt 0.7460 0.6985
vt 0.7430 0.7465
vt 0.7380 0.7025
vt 0.7360 0.7465
vt 0.7210 0.7035
vt 0.7190 0.7465
vt 0.6860 0.7025
vt 0.6850 0.7465
vt 0.6600 0.7465
vt 0.6240 0.7465
vt 0.5970 0.7465
vt 0.5610 0.7465
vt 0.6600 0.7025
vt 0.6250 0.7025
vt 0.5970 0.7035
vt 0.5600 0.7035
vt 0.5330 0.7025
vt 0.5120 0.6985
vt 0.5030 0.6935
vt 0.6600 0.7465
vt 0.6240 0.7465
vt 0.5970 0.7465
vt 0.5610 0.7465
vt 0.5330 0.7465
vt 0.5150 0.7465
vt 0.5060 0.7465
vt 0.5320 0.9785
vt 0.6060 0.9445
vt 0.6140 0.9445
vt 0.6060 0.9445
vt 0.5870 0.9445
vt 0.5600 0.9445
vt 0.5720 0.9785
vt 0.5840 0.9785
vt 0.6020 0.9785
vt 0.6070 0.9785
vt 0.6000 0.9785
vt 0.5820 0.9785
vt 0.5610 0.9785
vt 0.5410 0.9785
vt 0.3610 0.9775
vt 0.3710 0.9375
vt 0.3360 0.9375
vt 0.3290 0.9775
vt 0.2530 0.9375
vt 0.2530 0.9775
vt 0.1690 0.9375
vt 0.1760 0.9775
vt 0.1350 0.9375
vt 0.1440 0.9775
vt 0.1690 0.9375
vt 0.1760 0.9775
vt 0.2530 0.9375
vt 0.2530 0.9775
vt 0.3360 0.9375
vt 0.3290 0.9775
vt 0.3400 0.9935
vt 0.3140 0.9935
vt 0.2530 0.9935
vt 0.1910 0.9935
vt 0.1660 0.9935
vt 0.1910 0.9935
vt 0.2530 0.9935
vt 0.3140 0.9935
vt 0.3290 0.8985
vt 0.3610 0.8985
vt 0.3290 0.8985
vt 0.2530 0.8985
vt 0.1760 0.8985
vt 0.1440 0.8985
vt 0.1760 0.8985
vt 0.2530 0.8985
vt 0.2530 0.8815
vt 0.3200 0.8815
vt 0.3480 0.8815
vt 0.3200 0.8815
vt 0.2530 0.8815
vt 0.1850 0.8815
vt 0.1570 0.8815
vt 0.1850 0.8815
vt 0.5550 0.4715
vt 0.5550 0.4975
vt 0.5580 0.4975
vt 0.5580 0.4715
vt 0.5600 0.4975
vt 0.5600 0.4765
vt 0.5020 0.4975
vt 0.5020 0.4715
vt 0.5050 0.4975
vt 0.5050 0.4715
vt 0.5070 0.4975
vt 0.5070 0.4715
vt 0.5100 0.4975
vt 0.5100 0.4715
vt 0.5130 0.4975
vt 0.5130 0.4715
vt 0.5180 0.4975
vt 0.5180 0.4715
vt 0.5210 0.4975
vt 0.5210 0.4715
vt 0.5250 0.4975
vt 0.5250 0.4715
vt 0.5270 0.4975
vt 0.5270 0.4715
vt 0.5300 0.4975
vt 0.5300 0.4715
vt 0.5330 0.4975
vt 0.5330 0.4715
vt 0.5360 0.4885
vt 0.5360 0.4765
vt 0.5380 0.4975
vt 0.5380 0.4715
vt 0.5410 0.4975
vt 0.5410 0.4715
vt 0.5440 0.4975
vt 0.5440 0.4715
vt 0.5480 0.4935
vt 0.5480 0.4765
vt 0.5530 0.4975
vt 0.5530 0.4715
vt 0.7170 0.9915
vt 0.6870 0.9955
vt 0.6580 0.9915
vt 0.7350 0.9825
vt 0.6400 0.9825
vt 0.7450 0.9695
vt 0.6300 0.9695
vt 0.7430 0.9515
vt 0.6310 0.9515
vt 0.7370 0.9385
vt 0.6380 0.9385
vt 0.7380 0.9205
vt 0.6370 0.9205
vt 0.7380 0.9085
vt 0.6370 0.9085
vt 0.7310 0.8925
vt 0.6440 0.8925
vt 0.7130 0.8835
vt 0.6620 0.8835
vt 0.6870 0.8805
vt 0.2530 0.9375
vt 0.1690 0.9375
vt 0.1350 0.9375
vt 0.1690 0.9375
vt 0.2530 0.9375
vt 0.3360 0.9375
vt 0.2530 0.9375
vt 0.1690 0.9375
vt 0.1350 0.9375
vt 0.2530 0.9375
vt 0.3360 0.9375
vt 0.6000 0.9785
vt 0.6020 0.9785
vt 0.5850 0.8245
vt 0.5820 0.8635
vt 0.5800 0.8635
vt 0.5440 0.0815
vt 0.5430 0.0865
vt 0.5510 0.0845
vt 0.5490 0.0885
vt 0.5590 0.0885
vt 0.2110 0.1095
vt 0.1830 0.1035
vt 0.1950 0.0345
vt 0.4220 0.3135
vt 0.3360 0.9375
vt 0.5450 0.7895
vt 0.1690 0.9375
vt 0.5550 0.7795
vt 0.5600 0.7675
vt 0.5680 0.7635
vt 0.3740 0.0925
vt 0.6060 0.9405
vt 0.5930 0.3755
vt 0.5860 0.3795
vt 0.0280 0.9045
vt 0.7340 0.7875
vt 0.7340 0.7875
vt 0.3360 0.9375
vt 0.4310 0.2515
vt 0.0210 0.8995
vt 0.9750 0.6745
vt 0.9750 0.6745
vt 0.6050 0.8365
vt 0.5710 0.0285
vt 0.8750 0.6495
vt 0.5550 0.7795
vt 0.2230 0.1075
vt 0.5510 0.0845
vt 0.3410 0.6545
vt 0.5450 0.7895
vt 0.0220 0.9275
vt 0.5820 0.0555
vt 0.5980 0.8355
vt 0.4410 0.0465
vt 0.5650 0.0415
vt 0.5580 0.8105
vt 0.1830 0.0345
vt 0.5380 0.8005
vt 0.2240 0.0745
vt 0.5690 0.0405
vt 0.5550 0.0445
vt 0.5600 0.8385
vt 0.4360 0.6795
vt 0.6860 0.1465
vt 0.5550 0.0615
vt 0.5600 0.8105
vt 0.4360 0.5655
vt 0.5520 0.0615
vt 0.5420 0.0805
vt 0.6050 0.8365
vt 0.0270 0.9165
vt 0.9590 0.8005
vt 0.0180 0.9235
vt 0.2110 0.1185
vt 0.2110 0.1185
vt 0.0950 0.1045
vt 0.4870 0.2645
vt 0.5970 0.8675
vt 0.9560 0.5595
vt 0.2240 0.0745
vt 0.4590 0.5915
vt 0.0270 0.9165
vt 0.1830 0.0745
vt 0.2120 0.0835
vt 0.4310 0.7085
vt 0.5420 0.0315
vt 0.5980 0.7805
vt 0.3410 0.5895
vt 0.5450 0.0775
vt 0.5520 0.0455
vt 0.5520 0.0455
vt 0.1830 0.0915
vt 0.9800 0.5955
vt 0.0160 0.9095
vt 0.6870 0.7875
vt 0.5550 0.0755
vt 0.5600 0.7885
vt 0.9490 0.6705
vt 0.4430 0.4205
vt 0.0180 0.9235
vt 0.9240 0.0915
vt 0.8830 0.0615
vt 0.2130 0.0745
vt 0.5490 0.7865
vt 0.5550 0.0615
vt 0.5600 0.8105
vt 0.5490 0.0765
vt 0.9710 0.8485
vt 0.1980 0.2925
vt 0.0210 0.8995
vt 0.5420 0.0805
vt 0.3710 0.9375
vt 0.9670 0.8385
vt 0.9670 0.8385
vt 0.2120 0.0955
vt 0.3910 0.3735
vt 0.2120 0.0835
vt 0.1300 0.1665
vt 0.9670 0.8385
vt 0.9670 0.8385
vt 0.3330 0.6815
vt 0.9350 0.6895
vt 0.5730 0.0655
vt 0.0280 0.9045
vt 0.3530 0.0595
vt 0.8740 0.5625
vt 0.4350 0.1255
vt 0.6190 0.5505
vt 0.6190 0.5505
vt 0.2110 0.1185
vt 0.5980 0.7805
vt 0.9530 0.8905
vt 0.9140 0.6635
vt 0.0950 0.1045
vt 0.4190 0.1575
vt 0.5600 0.7675
vt 0.1830 0.0915
vt 0.2500 0.7415
vt 0.6180 0.5165
vt 0.6180 0.5165
vt 0.9610 0.6715
vt 0.4410 0.0465
vt 0.1950 0.0745
vt 0.4590 0.0775
vt 0.5800 0.8635
vt 0.5750 0.0595
vt 0.2240 0.0915
vt 0.5820 0.0555
vt 0.2240 0.0915
vt 0.4230 0.5485
vt 0.5290 0.0345
vt 0.8730 0.6415
vt 0.4410 0.4565
vt 0.3060 0.5335
vt 0.4240 0.6965
vt 0.0150 0.9225
vt 0.9470 0.0995
vt 0.4620 0.6225
vt 0.4020 0.7125
vt 0.0170 0.9315
vt 0.0170 0.9315
vt 0.1830 0.0545
vt 0.4830 0.2325
vt 0.8740 0.5565
vt 0.3410 0.6545
vt 0.5720 0.7725
vt 0.9760 0.6795
vt 0.9610 0.1155
vt 0.9840 0.6225
vt 0.3450 0.6215
vt 0.4040 0.5385
vt 0.5910 0.8655
vt 0.4470 0.6225
vt 0.5690 0.0405
vt 0.6190 0.5505
vt 0.6190 0.5505
vt 0.4040 0.5385
vt 0.4440 0.6485
vt 0.4440 0.6485
vt 0.4060 0.7145
vt 0.5790 0.7855
vt 0.4360 0.5655
vt 0.5830 0.0545
vt 0.5830 0.0545
vt 0.9660 0.6865
vt 0.4870 0.2645
vt 0.2130 0.0745
vt 0.5450 0.0775
vt 0.3010 0.4595
vt 0.3010 0.4595
vt 0.9560 0.1095
vt 0.4710 0.2035
vt 0.2910 0.5175
vt 0.4360 0.6795
vt 0.3260 0.4445
vt 0.6120 0.1495
vt 0.1830 0.0345
vt 0.5520 0.0615
vt 0.5580 0.7775
vt 0.6070 0.9295
vt 0.0160 0.9095
vt 0.4520 0.5645
vt 0.6190 0.5505
vt 0.6190 0.5505
vt 0.5970 0.8675
vt 0.3830 0.1335
vt 0.5720 0.0405
vt 0.9750 0.6745
vt 0.9750 0.6745
vt 0.7340 0.8245
vt 0.5710 0.0595
vt 0.5440 0.0815
vt 0.6860 0.1465
vt 0.5390 0.8635
vt 0.4230 0.5485
vt 0.4140 0.2065
vt 0.5790 0.7855
vt 0.4830 0.2325
vt 0.9470 0.0995
vt 0.4660 0.2095
vt 0.5520 0.0455
vt 0.2130 0.0355
vt 0.6060 0.9445
vt 0.3760 0.7185
vt 0.9710 0.8485
vt 0.4110 0.7245
vt 0.5540 0.0855
vt 0.9840 0.6225
vt 0.9490 0.6705
vt 0.0260 0.8955
vt 0.0260 0.8955
vt 0.4470 0.6225
vt 0.9560 0.1095
vt 0.4330 0.4525
vt 0.4350 0.1255
vt 0.4760 0.3085
vt 0.4240 0.6965
vt 0.9140 0.6635
vt 0.9610 0.6715
vt 0.5820 0.8635
vt 0.7470 0.7535
vt 0.7470 0.7535
vt 0.4480 0.0405
vt 0.7340 0.7875
vt 0.7340 0.7875
vt 0.2130 0.0645
vt 0.4490 0.0805
vt 0.8730 0.6415
vt 0.5930 0.8445
vt 0.3330 0.6815
vt 0.3530 0.0595
vt 0.5680 0.0765
vt 0.4520 0.6805
vt 0.4420 0.1865
vt 0.7190 0.7615
vt 0.5990 0.8445
vt 0.1950 0.0745
vt 0.4310 0.2515
vt 0.5820 0.7845
vt 0.3760 0.5275
vt 0.4310 0.3835
vt 0.9530 0.8905
vt 0.3460 0.4825
vt 0.5200 0.9345
vt 0.7190 0.7615
vt 0.9590 0.8005
vt 0.0170 0.9315
vt 0.0170 0.9315
vt 0.1300 0.1665
vt 0.0260 0.8955
vt 0.0260 0.8955
vt 0.7340 0.8245
vt 0.3690 0.0205
vt 0.1950 0.1055
vt 0.4440 0.5955
vt 0.5680 0.7635
vt 0.2130 0.0355
vt 0.5570 0.0585
vt 0.5920 0.7825
vt 0.6110 0.5385
vt 0.6070 0.9295
vt 0.6070 0.9365
vt 0.6060 0.9405
vt 0.5520 0.8625
vt 0.3710 0.9375
vt 0.3030 0.7155
vt 0.5890 0.8245
vt 0.6010 0.8035
vt 0.6120 0.1495
vt 0.2520 0.5065
vt 0.4920 0.2285
vt 0.6020 0.9785
vt 0.6180 0.5165
vt 0.6180 0.5165
vt 0.5620 0.8245
vt 0.6110 0.5385
vt 0.4620 0.6225
vt 0.4090 0.3475
vt 0.4090 0.3475
vt 0.4090 0.3475
vt 0.4090 0.3475
vt 0.4090 0.3475
vt 0.6050 0.8115
vt 0.4590 0.6535
vt 0.3760 0.5175
vt 0.5640 0.7765
vt 0.3880 0.1705
vt 0.3880 0.1705
vt 0.3880 0.1705
vt 0.3880 0.1705
vt 0.3880 0.1705
vt 0.3760 0.7335
vt 0.3260 0.4445
vt 0.2890 0.7305
vt 0.8740 0.5775
vt 0.3410 0.5895
vt 0.3330 0.5625
vt 0.4110 0.5255
vt 0.2130 0.0645
vt 0.4310 0.5375
vt 0.4960 0.2665
vt 0.5190 0.9215
vt 0.9740 0.8815
vt 0.5390 0.8635
vt 0.6070 0.9365
vt 0.2230 0.2405
vt 0.2170 0.1155
vt 0.2210 0.1205
vt 0.2210 0.1205
vt 0.5820 0.7845
vt 0.5540 0.0855
vt 0.1840 0.1315
vt 0.0150 0.9225
vt 0.9700 0.5735
vt 0.5600 0.8605
vt 0.3150 0.0395
vt 0.3150 0.0395
vt 0.5590 0.0885
vt 0.5650 0.0905
vt 0.6870 0.8245
vt 0.5550 0.0755
vt 0.5600 0.7885
vt 0.5490 0.0315
vt 0.1980 0.2925
vt 0.6050 0.8115
vt 0.5980 0.8125
vt 0.5420 0.0315
vt 0.5550 0.0445
vt 0.5600 0.8385
vt 0.5630 0.0765
vt 0.5490 0.7865
vt 0.5490 0.7865
vt 0.5420 0.7775
vt 0.5530 0.7705
vt 0.8820 0.5725
vt 0.3830 0.1335
vt 0.8900 0.6535
vt 0.5520 0.7875
vt 0.8740 0.5625
vt 0.8740 0.5625
vt 0.3760 0.7235
vt 0.9700 0.5735
vt 0.5560 0.0415
vt 0.5720 0.7725
vt 0.9560 0.5595
vt 0.4160 0.4865
vt 0.4440 0.5955
vt 0.3770 0.4905
vt 0.3550 0.4205
vt 0.5490 0.0765
vt 0.3910 0.3735
vt 0.1950 0.1055
vt 0.2120 0.0955
vt 0.3760 0.5305
vt 0.2170 0.1155
vt 0.2210 0.1205
vt 0.1840 0.1315
vt 0.3550 0.4205
vt 0.5550 0.0315
vt 0.5290 0.0345
vt 0.5910 0.8655
vt 0.4440 0.3325
vt 0.4020 0.7125
vt 0.6190 0.5505
vt 0.6190 0.5505
vt 0.5990 0.8445
vt 0.6010 0.8035
vt 0.3450 0.6215
vt 0.5940 0.8035
vt 0.3330 0.5625
vt 0.1830 0.0745
vt 0.6870 0.7655
vt 0.9800 0.5955
vt 0.3740 0.0925
vt 0.5920 0.7825
vt 0.9740 0.8815
vt 0.4490 0.0805
vt 0.4140 0.2065
vt 0.4450 0.1245
vt 0.5490 0.0315
vt 0.4080 0.0185
vt 0.5200 0.9345
vt 0.5190 0.9215
vt 0.6080 0.9225
vt 0.7310 0.5165
vt 0.5220 0.9095
vt 0.1830 0.0545
vt 0.6080 0.9225
vt 0.2910 0.5175
vt 0.3060 0.5335
vt 0.3030 0.7155
vt 0.5650 0.0905
vt 0.2890 0.7305
vt 0.4390 0.6775
vt 0.4520 0.6805
vt 0.4590 0.6535
vt 0.4590 0.5915
vt 0.4520 0.5645
vt 0.4060 0.5345
vt 0.0220 0.9275
vt 0.4220 0.3135
vt 0.7470 0.7535
vt 0.7470 0.7535
vt 0.1950 0.0345
vt 0.1830 0.1035
vt 0.1020 0.6255
vt 0.1140 0.7735
vt 0.2040 0.6185
vt 0.2120 0.7665
vt 0.2770 0.2175
vt 0.1960 0.3195
vt 0.3330 0.2135
vt 0.2740 0.3135
vt 0.6000 0.3105
vt 0.7240 0.3135
vt 0.5670 0.2115
vt 0.6570 0.2135
vt 0.6230 0.4495
vt 0.7730 0.4535
vt 0.6300 0.6135
vt 0.7910 0.6185
vt 0.6180 0.7615
vt 0.7710 0.7665
vt 0.5940 0.8825
vt 0.7300 0.8865
vt 0.5540 0.9675
vt 0.6540 0.9705
vt 0.1510 0.8925
vt 0.2360 0.8865
vt 0.6760 0.9745
vt 0.7590 0.8925
vt 0.8020 0.7735
vt 0.8220 0.6255
vt 0.8020 0.4605
vt 0.7480 0.3195
vt 0.2310 0.9745
vt 0.2930 0.9705
vt 0.1330 0.4605
vt 0.2270 0.4535
vt 0.4280 0.3105
vt 0.4440 0.2115
vt 0.4150 0.4495
vt 0.4060 0.6135
vt 0.4040 0.7615
vt 0.4050 0.8825
vt 0.4160 0.9675
vt 0.6750 0.2175
vt 0.1020 0.6255
vt 0.2040 0.6185
vt 0.1140 0.7735
vt 0.2120 0.7665
vt 0.2770 0.2175
vt 0.3330 0.2135
vt 0.1960 0.3195
vt 0.2740 0.3135
vt 0.6000 0.3105
vt 0.5670 0.2115
vt 0.7240 0.3135
vt 0.6570 0.2135
vt 0.6230 0.4495
vt 0.7730 0.4535
vt 0.6300 0.6135
vt 0.7910 0.6185
vt 0.6180 0.7615
vt 0.7710 0.7665
vt 0.5940 0.8825
vt 0.7300 0.8865
vt 0.5540 0.9675
vt 0.6540 0.9705
vt 0.1510 0.8925
vt 0.2360 0.8865
vt 0.6760 0.9745
vt 0.7590 0.8925
vt 0.8020 0.7735
vt 0.8220 0.6255
vt 0.8020 0.4605
vt 0.7480 0.3195
vt 0.2310 0.9745
vt 0.2930 0.9705
vt 0.1330 0.4605
vt 0.2270 0.4535
vt 0.4280 0.3105
vt 0.4440 0.2115
vt 0.4150 0.4495
vt 0.4060 0.6135
vt 0.4040 0.7615
vt 0.4050 0.8825
vt 0.4160 0.9675
vt 0.6750 0.2175
vn 0.4882 -0.5088 0.7091
vn 0.5555 -0.4848 0.6755
vn 0.1687 -0.5747 0.8008
vn -0.2769 0.8981 -0.3418
vn -0.3789 0.9249 -0.0306
vn 0.0051 0.9798 -0.2001
vn -0.2549 0.0464 -0.9659
vn -0.3848 -0.2642 -0.8844
vn -0.6766 0.0934 -0.7304
vn 0.0000 0.9995 -0.0317
vn 0.0000 0.9973 0.0736
vn -0.7954 0.3745 -0.4765
vn -0.4503 0.3767 -0.8095
vn 0.0000 -0.3639 -0.9314
vn -0.3980 -0.4379 -0.8061
vn -0.6662 0.7418 0.0768
vn -0.3892 0.9026 0.1841
vn 0.0000 0.9973 0.0736
vn -0.8002 0.5949 -0.0752
vn -0.8976 0.4402 -0.0210
vn -0.6682 -0.3003 -0.6807
vn -0.8039 -0.1299 -0.5805
vn -0.9172 0.1133 -0.3820
vn -0.9097 0.3407 -0.2373
vn -0.9026 -0.1116 -0.4159
vn -0.9507 -0.0751 -0.3008
vn -0.9772 0.1237 -0.1723
vn -0.9516 0.3061 -0.0280
vn 0.0000 0.5593 -0.8290
vn 0.1860 0.8251 -0.5335
vn 0.5019 0.6273 -0.5955
vn 0.0000 0.5593 -0.8290
vn 0.1904 0.2389 -0.9522
vn -0.0000 0.2031 -0.9792
vn 0.3848 -0.2642 -0.8844
vn 0.2446 0.0151 -0.9695
vn 0.6617 0.0969 -0.7435
vn 0.4892 0.4230 -0.7627
vn 0.3790 0.9249 -0.0306
vn 0.7954 0.3745 -0.4765
vn 0.6852 0.6524 -0.3238
vn 0.9138 0.3394 -0.2231
vn 0.3980 -0.4379 -0.8061
vn 0.3892 0.9026 0.1841
vn 0.6662 0.7418 0.0768
vn 0.0000 -0.1412 -0.9900
vn 0.0000 -0.2929 -0.9561
vn 0.9078 0.4191 0.0143
vn 0.7567 0.6474 -0.0911
vn 0.6682 -0.3002 -0.6807
vn 0.7631 -0.1330 -0.6324
vn 0.9204 0.1003 -0.3779
vn 0.9101 -0.1444 -0.3884
vn 0.9772 0.1237 -0.1723
vn 0.9667 -0.0590 -0.2491
vn 0.9672 0.2528 -0.0264
vn 0.4375 0.6347 -0.6370
vn 0.6195 0.6027 -0.5029
vn 0.6784 0.4599 -0.5730
vn -0.6784 0.4599 -0.5730
vn -0.5375 0.3076 -0.7852
vn -0.6973 0.3276 -0.6375
vn -0.4837 -0.1313 -0.8653
vn -0.5189 -0.4675 -0.7157
vn -0.6422 -0.1046 -0.7594
vn -0.5388 -0.7274 -0.4249
vn -0.6734 -0.3577 -0.6469
vn 0.8061 0.5062 -0.3065
vn 0.5375 0.3076 -0.7852
vn 0.6973 0.3276 -0.6375
vn 0.6422 -0.1046 -0.7594
vn 0.5036 -0.4904 -0.7112
vn 0.4837 -0.1313 -0.8653
vn 0.5565 -0.7173 -0.4191
vn 0.6455 -0.3561 -0.6757
vn 0.7612 0.2311 -0.6060
vn 0.7554 0.5701 -0.3232
vn 0.7477 -0.1331 -0.6506
vn -0.6228 -0.7758 -0.1006
vn -0.4469 -0.8932 0.0493
vn -0.6555 -0.7491 0.0960
vn -0.4012 -0.8958 -0.1914
vn 0.4518 -0.8916 0.0289
vn 0.6398 -0.7633 -0.0900
vn 0.6455 -0.7605 0.0707
vn 0.4343 -0.8742 -0.2174
vn 0.5190 0.8464 -0.1193
vn -0.1009 0.7785 -0.6195
vn -0.1862 0.8418 -0.5067
vn 0.3207 0.6406 -0.6977
vn -0.5190 0.8464 -0.1193
vn 0.2018 0.8338 -0.5138
vn 0.0645 0.7680 -0.6372
vn -0.3642 0.6495 -0.6675
vn -0.3148 0.8893 -0.3317
vn -0.8465 0.5265 0.0783
vn -0.6777 0.7109 -0.1882
vn 0.4916 -0.0978 -0.8653
vn 0.7488 -0.1184 -0.6521
vn 0.3938 -0.4050 -0.8252
vn 0.0000 0.0688 -0.9976
vn -0.0553 -0.2377 -0.9698
vn 0.2891 -0.0498 -0.9560
vn 0.5994 0.2516 -0.7599
vn 0.2874 0.2418 -0.9268
vn 0.7524 0.4809 -0.4501
vn 0.5918 0.7455 -0.3065
vn 0.5641 0.7005 -0.4371
vn 0.7525 -0.4331 -0.4962
vn 0.8063 -0.0802 -0.5861
vn 0.8599 0.0738 -0.5051
vn 0.8655 0.2916 -0.4073
vn 0.6030 0.7975 -0.0192
vn 0.8449 0.2212 -0.4870
vn 0.7391 0.3131 -0.5964
vn 0.0000 0.9217 0.3878
vn 0.0000 0.8898 0.4564
vn -0.0972 0.9950 0.0236
vn 0.8230 0.2800 -0.4942
vn 0.0927 -0.9878 0.1250
vn 0.0121 -0.9998 -0.0147
vn 0.0220 -0.9889 0.1471
vn 0.2920 0.5521 0.7810
vn 0.2722 0.8612 0.4293
vn 0.2748 0.9171 0.2889
vn -0.0068 0.9931 -0.1172
vn -0.0562 0.9703 -0.2353
vn -0.0688 0.9626 -0.2620
vn -0.0492 0.0250 0.9985
vn 0.0044 0.2559 0.9667
vn 0.0126 -0.1573 0.9875
vn -0.0600 -0.1992 -0.9781
vn -0.0448 -0.4506 -0.8916
vn -0.0563 -0.0464 -0.9973
vn -0.0136 -0.2640 -0.9644
vn -0.0008 -0.4492 -0.8934
vn -0.0151 0.9605 -0.2778
vn -0.0055 -0.9891 0.1472
vn 0.1649 0.0398 0.9855
vn 0.3707 0.9287 -0.0095
vn -0.0000 1.0000 0.0045
vn 0.3085 0.9423 0.1300
vn 0.6988 -0.5935 -0.3994
vn 0.8969 -0.3870 -0.2143
vn 0.6398 -0.7633 -0.0900
vn 0.7982 0.3209 0.5098
vn 0.8711 0.3851 0.3047
vn 0.8982 0.2415 0.3674
vn -0.1879 -0.9736 0.1298
vn -0.1958 -0.9309 0.3083
vn -0.3425 -0.9264 0.1566
vn -0.4207 -0.7600 -0.4953
vn -0.3815 -0.4874 -0.7855
vn 0.9686 -0.2166 -0.1220
vn 0.8744 -0.4757 0.0961
vn 0.8701 -0.4914 -0.0386
vn 0.3116 0.9278 -0.2051
vn -0.0000 1.0000 0.0045
vn 0.3707 0.9287 -0.0095
vn 0.0299 0.9280 -0.3714
vn 0.5060 0.6205 -0.5992
vn 0.3922 0.7040 -0.5921
vn 0.2755 0.3782 -0.8838
vn 0.2958 0.5300 0.7947
vn 0.5839 0.5020 0.6380
vn 0.3701 0.6563 0.6575
vn 0.5930 0.5150 0.6189
vn 0.5319 0.7419 0.4083
vn 0.4894 0.6516 0.5796
vn 0.3232 0.5575 0.7647
vn 0.4721 0.8444 0.2532
vn 0.8982 0.2415 0.3674
vn 0.3886 0.2100 0.8971
vn 0.2763 0.0616 0.9591
vn 0.2122 0.9528 0.2169
vn 0.3802 0.5451 -0.7472
vn 0.4981 0.6654 -0.5561
vn 0.4680 0.8261 -0.3139
vn -0.0494 0.6007 0.7979
vn -0.0007 0.7669 0.6418
vn -0.1878 0.8704 0.4551
vn 0.1916 0.2355 0.9528
vn 0.2911 0.5536 0.7802
vn -0.2869 0.6474 0.7060
vn -0.0581 0.9750 -0.2143
vn -0.0511 0.9816 -0.1841
vn -0.0797 0.9524 -0.2941
vn 0.1194 0.9274 0.3545
vn 0.1062 0.9774 0.1830
vn 0.0541 0.9896 0.1329
vn -0.0029 0.9806 -0.1959
vn -0.0416 0.9652 -0.2583
vn 0.0618 0.9969 -0.0479
vn -0.0327 0.9963 -0.0798
vn -0.0627 0.9961 0.0618
vn -0.1467 0.4176 -0.8967
vn -0.0895 0.7850 -0.6130
vn -0.0944 0.7947 -0.5996
vn 0.8860 -0.2593 0.3843
vn 0.9790 -0.1751 -0.1039
vn 0.9172 0.3908 0.0775
vn 0.1795 0.7471 0.6400
vn 0.4322 0.2534 0.8654
vn -0.0353 0.3951 0.9179
vn -0.0878 0.4250 0.9009
vn -0.1263 0.4134 0.9017
vn -0.0674 0.4158 0.9069
vn 0.3785 -0.1011 0.9201
vn 0.8705 0.4122 0.2690
vn 0.2633 0.7786 0.5696
vn -0.0961 0.7369 -0.6691
vn -0.0720 0.4109 -0.9088
vn -0.0413 0.7988 -0.6002
vn 0.8705 0.4122 -0.2691
vn 0.9840 -0.1779 0.0000
vn 0.8320 -0.3538 -0.4274
vn 0.8320 -0.3538 0.4274
vn 0.6162 0.0411 -0.7865
vn 0.1051 0.6848 -0.7211
vn 0.0130 -0.1359 -0.9906
vn 0.0112 0.4200 0.9075
vn -0.0537 0.4110 0.9100
vn 0.0343 0.4149 0.9092
vn 0.8791 0.3908 0.2729
vn 0.3638 0.9240 0.1174
vn 0.3165 0.6879 0.6531
vn 0.9176 0.3908 -0.0729
vn 0.3792 0.7840 -0.4916
vn -0.1275 0.7304 -0.6710
vn -0.0627 0.9980 -0.0105
vn 0.2438 0.7818 0.5739
vn 0.0856 0.3935 0.9153
vn 0.2320 0.5995 -0.7660
vn 0.1387 -0.1179 -0.9833
vn 0.2807 0.9556 -0.0901
vn 0.2134 0.9563 -0.1998
vn -0.0291 0.7087 0.7049
vn 0.0696 0.7053 0.7055
vn -0.0307 0.7758 -0.6302
vn 0.2213 0.8621 -0.4558
vn 0.5102 0.8005 -0.3145
vn 0.8238 0.3414 -0.4526
vn 0.6178 0.7713 0.1531
vn 0.9478 0.2814 0.1503
vn 0.7704 -0.6376 -0.0000
vn 0.8320 -0.3538 0.4274
vn 0.5062 -0.6957 0.5096
vn 0.3352 -0.9421 0.0000
vn 0.5062 -0.6957 -0.5096
vn -0.2662 -0.3675 0.8911
vn -0.1850 -0.3824 0.9053
vn -0.1209 -0.3946 0.9109
vn 0.7827 -0.2593 0.5658
vn 0.2715 0.1169 0.9553
vn 0.4132 -0.6244 0.6629
vn 0.7838 -0.6149 0.0872
vn 0.3762 -0.9256 0.0419
vn 0.5488 -0.6244 -0.5558
vn 0.9785 -0.1752 0.1089
vn 0.8879 -0.2593 -0.3799
vn 0.4750 0.1169 -0.8722
vn 0.9478 0.2814 0.1503
vn 0.7053 -0.0013 0.7089
vn 0.9625 -0.2579 0.0838
vn 0.5728 -0.4346 0.6950
vn -0.0051 -0.4035 -0.9150
vn -0.1465 -0.7973 -0.5855
vn 0.0619 -0.6546 -0.7534
vn -0.1733 -0.6256 0.7607
vn -0.0016 -0.4103 0.9119
vn 0.0732 -0.7286 0.6810
vn 0.4279 -0.0406 -0.9029
vn 0.3802 0.5451 -0.7472
vn 0.1835 -0.0993 -0.9780
vn 0.3872 -0.9178 -0.0878
vn 0.6146 -0.7885 0.0220
vn 0.6019 -0.7910 0.1101
vn 0.2230 -0.9743 0.0316
vn 0.4606 -0.7070 0.5366
vn 0.1325 -0.4105 0.9022
vn 0.6162 0.0411 -0.7865
vn -0.1073 0.1543 -0.9822
vn -0.0412 0.1598 -0.9863
vn 0.3563 -0.6029 -0.7138
vn 0.2570 -0.9544 -0.1517
vn 0.1613 -0.9374 -0.3086
vn -0.8676 -0.4019 0.2927
vn -0.1631 -0.9815 -0.1002
vn -0.6565 -0.7423 0.1342
vn 0.3150 -0.8832 -0.3476
vn -0.1240 -0.9624 -0.2415
vn 0.0366 -0.9940 -0.1026
vn -0.1230 -0.9921 -0.0229
vn -0.1878 -0.3867 -0.9029
vn -0.2399 -0.3731 -0.8962
vn -0.1247 -0.3966 -0.9095
vn 0.3502 0.0031 -0.9367
vn 0.7955 -0.3421 -0.5002
vn 0.4165 -0.6244 -0.6608
vn 0.9790 -0.1751 -0.1039
vn 0.8860 -0.2593 0.3843
vn 0.7842 -0.6149 -0.0833
vn 0.5460 -0.6244 0.5586
vn 0.3764 -0.9256 -0.0400
vn 0.5207 -0.0296 0.8533
vn -0.3904 -0.6500 -0.6520
vn -0.3331 -0.6547 -0.6785
vn 0.3590 -0.7754 -0.5195
vn 0.6621 0.0897 -0.7440
vn 0.1387 -0.1179 -0.9833
vn 0.7684 0.2639 -0.5830
vn 0.7553 0.4028 -0.5170
vn 0.4847 0.6060 -0.6308
vn 0.9599 0.0487 -0.2759
vn 0.8987 0.1373 -0.4166
vn 0.7553 0.4028 -0.5170
vn 0.3533 0.7164 -0.6017
vn 0.5712 0.5616 -0.5986
vn 0.2884 0.7420 -0.6052
vn 0.6194 0.5001 -0.6053
vn 0.6705 0.6795 0.2978
vn 0.3672 0.8086 0.4596
vn 0.3132 0.6896 0.6529
vn -0.1625 0.8985 0.4078
vn -0.3922 0.8847 0.2521
vn -0.4426 0.7256 0.5269
vn -0.9761 -0.0853 0.1998
vn -0.8293 -0.1654 0.5338
vn -0.6751 -0.1481 0.7227
vn -0.0466 -0.3592 0.9321
vn -0.1306 0.2516 0.9590
vn -0.1874 -0.4369 0.8798
vn -0.7518 0.6572 -0.0537
vn -0.6346 0.7174 0.2873
vn -0.4986 0.8668 -0.0051
vn -0.0319 0.8096 0.5862
vn 0.1489 0.9108 0.3852
vn -0.0000 0.9997 -0.0234
vn 0.5182 0.2204 0.8264
vn 0.4672 0.4619 0.7539
vn 0.5712 0.5616 -0.5986
vn 0.7854 0.2590 0.5622
vn 0.7414 0.4900 0.4585
vn 0.2192 0.8319 0.5098
vn 0.3705 0.8333 0.4102
vn 0.3422 0.8378 0.4254
vn -0.1798 -0.2785 0.9435
vn 0.0593 -0.3270 0.9432
vn 0.9587 -0.2211 0.1790
vn 0.9112 -0.2633 0.3168
vn 0.9666 -0.2455 -0.0734
vn 0.9298 0.2874 0.2301
vn 0.0241 0.9997 0.0107
vn 0.3410 0.8908 0.3003
vn 0.1212 0.8927 0.4341
vn -0.7709 -0.1177 0.6259
vn -0.9238 -0.0295 0.3817
vn 0.3599 0.9007 0.2433
vn -0.8778 0.4523 0.1578
vn 0.5273 0.7969 0.2950
vn 0.1903 0.8304 0.5236
vn -0.9944 -0.0931 0.0493
vn -0.9987 -0.0494 0.0078
vn 0.9483 -0.1432 0.2834
vn 0.9923 -0.0171 0.1230
vn 0.3120 0.7420 0.5934
vn 0.2877 0.7855 0.5479
vn 0.1850 0.8109 0.5552
vn 0.9263 -0.1815 0.3301
vn 0.1123 -0.3029 -0.9464
vn 0.3184 -0.1512 -0.9358
vn 0.2090 -0.4314 -0.8776
vn 0.0709 -0.4600 -0.8851
vn 0.5334 0.8418 -0.0832
vn 0.7374 0.6729 0.0581
vn 0.8612 0.5071 -0.0331
vn 0.9205 0.3877 -0.0478
vn 0.0986 0.6973 -0.7100
vn 0.8389 -0.5402 -0.0671
vn 0.9347 -0.2899 -0.2058
vn 0.9627 -0.2705 -0.0052
vn 0.9829 0.1831 0.0201
vn 0.9941 0.0560 -0.0932
vn 0.9942 0.0759 -0.0766
vn 0.7992 0.5043 -0.3269
vn 0.8232 0.4502 -0.3460
vn 0.5515 0.5187 -0.6533
vn 0.1142 0.9816 -0.1533
vn 0.0187 0.9893 -0.1449
vn 0.0000 0.9950 -0.1003
vn 0.8091 -0.5775 0.1085
vn 0.8015 -0.5855 0.1215
vn 0.7478 -0.6613 0.0591
vn 0.9894 -0.0912 -0.1129
vn 0.8313 -0.4717 -0.2939
vn 0.9789 -0.1319 -0.1561
vn 0.9966 0.0035 -0.0825
vn 0.9368 0.2984 0.1826
vn 0.7127 0.5990 0.3650
vn 0.9124 0.4081 0.0303
vn -0.3889 -0.7823 0.4866
vn -0.6702 -0.6865 0.2820
vn -0.4282 -0.7051 0.5653
vn 0.4043 -0.5429 -0.7361
vn -0.9879 0.1304 0.0837
vn -0.9908 0.1043 0.0860
vn -0.5210 0.8479 0.0982
vn -0.8625 0.5061 -0.0008
vn -0.6166 0.7869 -0.0248
vn -0.2885 0.9551 0.0669
vn 0.9264 0.1013 0.3626
vn 0.9308 0.0547 0.3615
vn 0.9264 0.1013 0.3626
vn 0.3608 0.2556 0.8969
vn 0.5306 0.1341 0.8370
vn 0.9198 0.1489 0.3629
vn -0.6203 0.0259 0.7840
vn -0.9241 -0.1287 0.3599
vn -0.4537 0.1802 0.8727
vn -0.2049 0.1404 0.9687
vn 0.5042 0.1965 0.8410
vn 0.0630 0.8153 0.5756
vn 0.2049 0.6785 0.7055
vn 0.4996 0.6532 0.5691
vn 0.2049 0.6784 0.7055
vn 0.2049 0.6784 0.7055
vn 0.3885 0.4923 0.7789
vn 0.0305 0.3928 0.9191
vn 0.1635 0.5039 0.8482
vn 0.0000 0.6088 0.7933
vn 0.2048 0.6784 0.7055
vn 0.2048 0.6784 0.7055
vn 0.2048 0.6784 0.7056
vn 0.2048 0.6784 0.7056
vn -0.8757 0.4819 -0.0305
vn -0.9088 -0.0302 -0.4161
vn -0.8204 0.0552 -0.5690
vn -0.6209 -0.0496 -0.7823
vn 0.3261 0.9272 -0.1842
vn -0.0000 0.9997 -0.0234
vn 0.3835 0.9220 0.0535
vn 0.9186 0.3927 -0.0441
vn 0.8286 0.5239 -0.1972
vn 0.9666 -0.2455 -0.0734
vn 0.8204 0.4992 -0.2788
vn 0.6987 0.5866 -0.4095
vn 0.5849 0.7118 -0.3888
vn 0.3739 0.8449 -0.3827
vn 0.2079 0.9650 -0.1600
vn -0.1945 -0.0676 -0.9786
vn -0.1969 -0.3294 -0.9234
vn 0.9298 0.2874 0.2301
vn -0.3412 0.9089 -0.2397
vn -0.4986 0.8668 -0.0051
vn -0.0180 -0.8860 -0.4634
vn 0.1411 -0.7597 -0.6348
vn 0.3428 -0.6923 -0.6350
vn 0.4003 0.6212 -0.6736
vn 0.2324 0.0148 0.9725
vn 0.2489 -0.2057 0.9464
vn 0.5369 -0.1515 0.8299
vn 0.9965 -0.0665 0.0515
vn 0.9050 -0.3469 0.2462
vn 0.9198 -0.3886 0.0549
vn -0.4537 0.1802 0.8727
vn -0.2049 0.1404 0.9687
vn -0.0114 0.2736 0.9618
vn 0.5182 0.2204 0.8264
vn 0.6385 0.6987 -0.3227
vn 0.5907 -0.2757 0.7583
vn 0.5960 -0.4998 0.6285
vn 0.0000 -0.9228 0.3852
vn -0.0353 -0.9559 0.2914
vn 0.1855 -0.9244 0.3333
vn 0.8723 -0.1729 0.4574
vn 0.9517 0.1439 0.2713
vn 0.8524 0.1952 0.4851
vn 0.9592 -0.0692 0.2741
vn 0.7226 -0.0909 0.6853
vn 0.5827 0.0700 0.8096
vn 0.6690 -0.3870 0.6346
vn 0.8757 0.4224 -0.2338
vn 0.8566 0.5151 0.0302
vn 0.9807 0.1414 -0.1349
vn 0.9747 -0.0244 -0.2220
vn 0.9448 -0.2578 -0.2024
vn 0.8711 -0.4835 -0.0859
vn 0.7548 -0.6317 0.1766
vn 0.9298 0.2874 0.2301
vn 0.9186 0.3927 -0.0441
vn 0.9514 0.0597 0.3022
vn 0.7854 0.2590 0.5622
vn 0.3853 -0.7635 -0.5183
vn 0.1667 -0.8817 -0.4413
vn 0.3428 -0.6923 -0.6350
vn -0.0180 -0.8860 -0.4634
vn 0.6545 -0.7553 0.0341
vn 0.7559 -0.6430 -0.1232
vn 0.6938 0.5162 -0.5022
vn 0.3855 -0.4513 -0.8048
vn 0.2064 -0.9351 0.2880
vn 0.1554 -0.9852 0.0729
vn 0.3693 -0.9270 0.0655
vn -0.7089 -0.1828 -0.6812
vn -0.5539 -0.0459 -0.8313
vn -0.3172 -0.4265 -0.8471
vn -0.5539 -0.0459 -0.8313
vn -0.7089 -0.1828 -0.6812
vn -0.8449 0.2212 -0.4870
vn -0.7391 0.3131 -0.5964
vn 0.0000 0.0688 -0.9976
vn -0.6102 0.7421 -0.2773
vn -0.7409 0.4880 -0.4614
vn -0.4601 0.7833 -0.4180
vn -0.7984 -0.1145 -0.5912
vn -0.6675 -0.5737 -0.4748
vn -0.8698 -0.1105 -0.4809
vn -0.8664 0.3051 -0.3954
vn -0.6496 0.7602 -0.0083
vn -0.8425 0.2189 -0.4921
vn -0.0126 -0.9977 -0.0673
vn -0.1373 -0.9745 0.1777
vn -0.0220 -0.9889 0.1471
vn -0.3237 0.7328 0.5985
vn -0.2920 0.5521 0.7810
vn -0.2629 0.9269 0.2680
vn 0.0271 0.9785 -0.2045
vn 0.0042 0.9977 -0.0671
vn 0.0688 0.9626 -0.2620
vn 0.0082 0.2517 0.9678
vn 0.0365 -0.1907 0.9810
vn -0.0126 -0.1573 0.9875
vn 0.0417 -0.4420 -0.8961
vn 0.0385 -0.0772 -0.9963
vn 0.0652 -0.0680 -0.9956
vn 0.0243 -0.1942 -0.9807
vn 0.0008 -0.4492 -0.8934
vn 0.0151 0.9605 -0.2778
vn 0.0024 -0.9900 0.1411
vn -0.1649 0.0398 0.9855
vn -0.3936 0.9170 -0.0643
vn -0.3608 0.9284 0.0893
vn -0.8862 -0.4342 -0.1616
vn -0.7484 -0.5252 -0.4050
vn -0.6228 -0.7758 -0.1006
vn -0.8421 0.4698 -0.2650
vn -0.7140 0.5398 -0.4458
vn -0.6418 0.5430 -0.5416
vn -0.2398 -0.8672 -0.4365
vn -0.2850 -0.7184 -0.6346
vn -0.8656 0.3908 0.3132
vn -0.7982 0.3209 0.5098
vn -0.9203 0.2423 0.3071
vn -0.7548 -0.6317 0.1766
vn -0.9050 -0.3469 0.2462
vn -0.9198 -0.3886 0.0549
vn -0.5320 0.3709 0.7612
vn -0.7854 0.2590 0.5621
vn -0.9514 0.0597 0.3022
vn -0.9298 0.2874 0.2301
vn -0.9136 0.4066 -0.0103
vn -0.8723 -0.1729 0.4574
vn -0.9513 0.1174 0.2850
vn -0.9592 -0.0692 0.2741
vn -0.7376 0.5841 -0.3386
vn -0.7604 0.2573 -0.5963
vn -0.8744 -0.4757 0.0961
vn -0.9607 -0.2482 -0.1244
vn -0.8503 -0.5261 -0.0152
vn -0.2563 0.9273 -0.2727
vn -0.3936 0.9170 -0.0643
vn -0.3958 0.6662 -0.6320
vn -0.4830 0.5870 -0.6498
vn -0.3210 0.3686 -0.8724
vn -0.5744 0.5494 0.6068
vn -0.3528 0.5441 0.7613
vn -0.3630 0.6764 0.6408
vn -0.5244 0.7396 0.4219
vn -0.6171 0.4893 0.6163
vn -0.5375 0.6292 0.5614
vn -0.3232 0.5575 0.7647
vn -0.4491 0.8460 0.2874
vn -0.4475 0.1291 0.8849
vn -0.9203 0.2423 0.3071
vn -0.2763 0.0616 0.9591
vn -0.2624 0.9213 0.2871
vn 0.0007 0.7668 0.6418
vn 0.0499 0.5841 0.8102
vn 0.1878 0.8704 0.4551
vn -0.1916 0.2355 0.9528
vn -0.2197 -0.1645 0.9616
vn -0.3456 0.4520 0.8224
vn 0.2310 0.6359 0.7364
vn -0.1434 0.2940 0.9450
vn -0.2063 -0.0439 0.9775
vn -0.2719 0.9606 -0.0577
vn -0.0541 0.9896 0.1329
vn -0.0618 0.9969 -0.0479
vn 0.0327 0.9963 -0.0798
vn 0.0627 0.9961 0.0618
vn 0.1049 0.6806 -0.7251
vn 0.1572 0.4308 -0.8887
vn 0.0944 0.7947 -0.5996
vn -0.9790 -0.1751 -0.1039
vn -0.8827 -0.3422 0.3220
vn -0.9074 0.3862 0.1655
vn -0.7929 -0.3421 0.5042
vn -0.8507 0.3862 0.3567
vn -0.9785 -0.1752 0.1089
vn -0.4323 0.2533 0.8654
vn -0.0838 0.3677 0.9262
vn 0.0342 0.3942 0.9184
vn 0.0961 0.7370 0.6691
vn 0.0720 0.4109 0.9088
vn 0.0413 0.7988 0.6001
vn 0.0878 0.4250 -0.9009
vn 0.0657 0.8052 -0.5893
vn 0.0483 0.7952 -0.6044
vn -0.9840 -0.1779 -0.0000
vn -0.8908 0.4175 -0.1792
vn -0.8285 -0.2658 -0.4929
vn -0.8705 0.4122 0.2690
vn -0.8320 -0.3538 0.4274
vn -0.1968 0.7582 -0.6217
vn -0.6162 0.0411 -0.7865
vn -0.0034 -0.0329 -0.9995
vn 0.0433 0.7170 0.6957
vn -0.0342 0.4085 0.9121
vn -0.0343 0.4149 0.9092
vn 0.1564 0.7291 0.6662
vn 0.1547 0.4117 0.8981
vn 0.0994 0.7970 0.5958
vn -0.9083 0.3862 -0.1609
vn -0.3323 0.9424 0.0370
vn -0.0472 0.0063 -0.9989
vn -0.0069 0.4138 -0.9103
vn -0.0314 0.7969 -0.6033
vn -0.8844 -0.3421 -0.3176
vn 0.1678 0.4148 -0.8943
vn 0.0897 0.9712 -0.2207
vn 0.0511 0.9816 -0.1841
vn 0.0703 0.9955 -0.0635
vn -0.2193 0.3708 0.9025
vn -0.0883 0.3944 0.9147
vn -0.2433 0.7500 -0.6150
vn -0.1286 0.1246 -0.9838
vn -0.5286 0.2946 -0.7961
vn 0.0829 0.7811 0.6189
vn 0.0307 0.7759 0.6302
vn -0.0911 0.4000 0.9120
vn 0.0291 0.7087 -0.7049
vn -0.0577 0.6793 -0.7316
vn -0.3512 0.0258 0.9359
vn -0.8320 -0.3538 0.4274
vn -0.4689 -0.7467 0.4718
vn -0.9840 -0.1779 -0.0000
vn -0.7704 -0.6376 0.0000
vn -0.7929 -0.3421 0.5042
vn -0.7838 -0.6149 0.0872
vn -0.4027 -0.6726 0.6209
vn -0.4512 -0.8910 0.0502
vn -0.5587 -0.7223 -0.4076
vn -0.9785 -0.1752 0.1089
vn -0.8844 -0.3421 -0.3176
vn -0.4666 0.0256 -0.8841
vn -0.7053 -0.0013 0.7089
vn -0.9630 0.2452 0.1118
vn -0.9325 -0.3262 0.1552
vn -0.5728 -0.4346 0.6950
vn -0.0062 -0.3997 0.9166
vn 0.1969 -0.7873 0.5843
vn -0.0336 -0.7603 0.6487
vn 0.3700 -0.9285 0.0304
vn 0.5629 -0.4833 0.6704
vn 0.5100 -0.7863 0.3486
vn 0.4617 -0.4880 0.7407
vn 0.5404 -0.4370 0.7190
vn 0.1826 -0.9795 -0.0852
vn -0.3274 -0.8676 -0.3742
vn -0.0102 -0.9963 -0.0857
vn -0.5848 -0.8103 -0.0386
vn -0.3991 -0.9047 -0.1488
vn -0.6456 -0.7611 0.0617
vn -0.1508 -0.3939 0.9067
vn -0.3268 -0.7317 0.5981
vn -0.6162 0.0411 -0.7865
vn -0.5419 -0.8292 -0.1372
vn -0.2327 -0.9718 -0.0372
vn -0.5824 -0.8124 -0.0300
vn 0.1693 -0.9838 -0.0592
vn 0.8980 -0.3610 0.2514
vn 0.6147 -0.7689 0.1761
vn -0.7597 -0.6480 0.0536
vn -0.6300 -0.6181 -0.4702
vn -0.1325 -0.9879 0.0809
vn 0.0536 -0.9330 -0.3560
vn 0.2616 -0.8824 -0.3911
vn 0.0962 -0.9627 -0.2530
vn -0.0508 -0.9959 -0.0743
vn -0.7820 0.3480 -0.5171
vn -0.6625 0.3319 -0.6715
vn -0.5031 0.6300 -0.5917
vn -0.8877 0.1752 -0.4258
vn -0.9802 0.0265 -0.1962
vn -0.7820 0.3480 -0.5171
vn -0.2032 0.7833 0.5875
vn 0.1358 0.2458 0.9598
vn -0.1212 0.8927 0.4341
vn -0.3672 0.8086 0.4596
vn -0.6783 0.6745 0.2914
vn -0.2769 0.6552 0.7029
vn 0.3922 0.8847 0.2521
vn 0.1625 0.8985 0.4078
vn 0.4565 0.7264 0.5138
vn 0.9743 -0.1135 0.1948
vn 0.9751 -0.0723 0.2096
vn 0.7359 -0.1426 0.6619
vn 0.6915 0.6864 0.2253
vn 0.7126 0.7012 -0.0220
vn 0.4769 0.8784 0.0307
vn 0.0536 0.7947 0.6047
vn -0.1489 0.9108 0.3852
vn 0.0000 0.9997 -0.0234
vn -0.4765 0.4223 0.7711
vn -0.5182 0.2204 0.8264
vn -0.4226 0.5718 0.7032
vn -0.7805 0.4381 0.4461
vn -0.7854 0.2590 0.5621
vn -0.3705 0.8333 0.4102
vn -0.2192 0.8319 0.5098
vn -0.3471 0.8498 0.3967
vn 0.5553 -0.3252 0.7654
vn 0.2415 -0.6395 0.7299
vn 0.3578 -0.2295 0.9052
vn 0.6454 -0.3332 0.6874
vn -0.9708 0.2329 0.0583
vn -0.9298 0.2874 0.2301
vn 0.9423 -0.0505 0.3308
vn -0.3599 0.9007 0.2433
vn -0.3301 0.9102 0.2503
vn -0.3951 0.9185 0.0167
vn -0.5840 0.7671 0.2655
vn -0.1903 0.8304 0.5236
vn 0.9953 -0.0945 0.0231
vn 0.9998 -0.0133 0.0152
vn -0.9487 -0.2363 0.2099
vn -0.9495 -0.1330 0.2842
vn -0.9927 -0.0696 0.0989
vn -0.2886 0.8312 0.4753
vn -0.3126 0.7553 0.5759
vn -0.1850 0.8109 0.5552
vn -0.3202 0.7463 0.5836
vn -0.9383 -0.1188 0.3247
vn -0.0986 0.6973 -0.7100
vn -0.1573 0.4958 -0.8541
vn -0.4272 -0.5889 -0.6861
vn -0.7697 -0.4967 -0.4009
vn -0.3184 -0.1512 -0.9358
vn -0.1123 -0.3029 -0.9464
vn -0.2303 -0.4141 -0.8806
vn -0.0576 -0.4885 -0.8707
vn -0.9910 -0.0362 -0.1291
vn -0.9949 0.0472 -0.0892
vn -0.9942 0.0759 -0.0766
vn -0.9180 0.3839 -0.0994
vn -0.6982 -0.6005 -0.3897
vn -0.9732 -0.1659 -0.1592
vn -0.7958 -0.3278 -0.5092
vn -0.7704 0.4674 -0.4336
vn -0.1128 0.9822 -0.1503
vn -0.7903 -0.6063 0.0888
vn -0.9458 -0.3243 0.0197
vn -0.2044 -0.7193 -0.6640
vn -0.9789 -0.1319 -0.1561
vn 0.6702 -0.6865 0.2820
vn 0.4282 -0.7051 0.5653
vn 0.5681 -0.7358 0.3685
vn -0.3711 -0.5549 -0.7446
vn 0.9879 0.1304 0.0837
vn 0.9908 0.1043 0.0860
vn 0.6110 0.7868 0.0869
vn 0.8625 0.5061 -0.0008
vn 0.6166 0.7869 -0.0248
vn 0.1781 0.9784 0.1048
vn -0.9308 0.0547 0.3615
vn -0.9264 0.1013 0.3626
vn -0.9264 0.1013 0.3626
vn -0.4072 0.2167 0.8872
vn -0.5314 0.1113 0.8397
vn -0.9198 0.1489 0.3629
vn 0.6203 0.0259 0.7840
vn 0.9241 -0.1287 0.3599
vn 0.4537 0.1802 0.8727
vn 0.2416 0.1194 0.9630
vn -0.2489 -0.2057 0.9464
vn -0.4835 0.2073 0.8504
vn -0.9308 -0.2110 0.2984
vn -0.7069 -0.3769 0.5985
vn -0.9274 -0.1688 0.3339
vn -0.2049 0.6784 0.7055
vn -0.2049 0.6785 0.7055
vn -0.4271 0.6798 0.5962
vn -0.3810 0.4663 0.7983
vn -0.1610 0.4937 0.8546
vn -0.2048 0.6784 0.7055
vn 0.8930 0.4440 -0.0730
vn 0.6568 0.6747 -0.3369
vn 0.7690 0.0616 -0.6363
vn 0.6209 -0.0496 -0.7823
vn 0.2915 -0.0703 -0.9540
vn 0.0000 0.9997 -0.0234
vn -0.2809 0.9358 -0.2128
vn -0.3951 0.9185 0.0167
vn -0.8286 0.5239 -0.1972
vn -0.9154 0.4014 -0.0295
vn -0.9708 0.2329 0.0583
vn -0.5742 0.7198 -0.3901
vn -0.2079 0.9650 -0.1600
vn -0.2910 0.8974 -0.3316
vn 0.0871 -0.2081 -0.9742
vn -0.9298 0.2874 0.2301
vn 0.4034 0.8898 -0.2133
vn 0.4769 0.8784 0.0307
vn -0.2044 -0.7193 -0.6640
vn -0.2850 -0.7184 -0.6346
vn -0.4375 0.6347 -0.6370
vn -0.6473 0.6016 -0.4680
vn -0.4252 0.6142 -0.6648
vn -0.9965 -0.0665 0.0515
vn -0.9642 0.2550 0.0734
vn -0.9786 0.1254 -0.1633
vn -0.5044 -0.8369 0.2125
vn -0.6541 -0.7532 0.0700
vn -0.5037 -0.8420 -0.1933
vn -0.7352 -0.5179 0.4373
vn 0.2416 0.1194 0.9630
vn 0.4537 0.1802 0.8727
vn 0.0167 0.2317 0.9726
vn -0.5182 0.2204 0.8264
vn -0.2489 -0.2057 0.9464
vn -0.2095 0.0658 0.9756
vn -0.6124 -0.4777 0.6299
vn -0.5787 -0.2876 0.7632
vn -0.1184 -0.9340 0.3370
vn -0.7592 -0.1018 -0.6428
vn -0.8524 0.1952 0.4851
vn -0.9004 0.3407 0.2706
vn 0.0000 -0.9671 0.2543
vn 0.0000 -0.9979 0.0645
vn -0.2037 -0.9408 0.2708
vn -0.2501 -0.9653 0.0754
vn -0.5763 0.0655 0.8146
vn -0.7226 -0.0909 0.6853
vn -0.5525 -0.1912 0.8113
vn -0.6690 -0.3870 0.6346
vn -0.8768 0.4328 -0.2096
vn -0.7760 0.5615 -0.2873
vn -0.8941 0.4080 -0.1845
vn -0.9146 0.1344 -0.3813
vn -0.9154 0.4014 -0.0295
vn 0.8744 -0.4757 0.0961
vn 0.6584 -0.7190 0.2224
vn 0.8701 -0.4914 -0.0386
vn 0.6455 -0.7605 0.0707
vn 0.9686 -0.2166 -0.1220
vn -0.8744 -0.4757 0.0961
vn -0.6770 -0.7214 0.1456
vn -0.6928 -0.6234 0.3624
vn -0.6555 -0.7491 0.0960
vn -0.6770 -0.7214 0.1456
vn -0.8503 -0.5261 -0.0152
vn -0.4557 -0.8644 0.2125
vn 0.4677 -0.8728 0.1395
vn 0.7080 -0.5589 0.4318
vn 0.9145 -0.3550 0.1939
vn -0.9425 -0.3079 0.1300
vn -0.9607 -0.2482 -0.1244
vn -0.8085 0.4575 -0.3702
vn -0.4685 0.8190 0.3312
vn -0.1862 0.8418 -0.5067
vn 0.9382 -0.0429 -0.3433
vn 0.6192 -0.0453 -0.7839
vn 0.4183 -0.0331 -0.9077
vn 0.8689 0.1003 0.4847
vn 0.9921 -0.0804 0.0965
vn 0.9926 0.1209 0.0102
vn -0.9113 -0.1194 -0.3940
vn -0.9481 -0.0802 -0.3078
vn -0.9138 -0.0942 -0.3951
vn -0.0489 0.8176 0.5737
vn 0.5190 0.8464 -0.1193
vn -0.0847 0.9476 0.3079
vn 0.7112 0.6325 0.3068
vn 0.4113 0.6790 0.6081
vn 0.8538 -0.1259 0.5052
vn 0.2161 0.7654 0.6061
vn 0.0493 0.5719 0.8188
vn -0.3349 0.7567 0.5614
vn -0.0409 0.6892 0.7234
vn -0.1483 0.5362 0.8309
vn 0.5915 0.3335 -0.7341
vn -0.0900 0.0433 -0.9950
vn 0.0573 0.0961 -0.9937
vn 0.3207 0.6406 -0.6977
vn -0.8141 0.5303 0.2367
vn -0.2672 0.9284 -0.2583
vn 0.0000 1.0000 0.0000
vn -0.0021 0.9294 -0.3690
vn -0.3748 0.9271 0.0020
vn 0.2648 0.9281 -0.2616
vn 0.3748 0.9271 -0.0020
vn -0.2648 0.9281 0.2616
vn 0.0021 0.9294 0.3690
vn 0.2672 0.9284 0.2583
vn 0.9447 0.1872 -0.2694
vn 0.6855 0.0670 -0.7249
vn 0.9961 -0.0839 -0.0265
vn -0.9648 0.1223 -0.2329
vn -0.6856 0.0660 -0.7250
vn -0.8259 0.3448 -0.4461
vn 0.9656 0.2500 0.0712
vn 0.7748 0.4390 0.4550
vn 0.8465 0.5265 0.0783
vn -0.9731 0.2153 0.0822
vn -0.7752 0.4379 0.4553
vn -0.9960 -0.0853 -0.0265
vn 0.4130 0.6514 0.6365
vn 0.7227 0.3766 -0.5795
vn -0.4275 0.6939 0.5795
vn 0.0502 0.6081 0.7922
vn 0.0000 0.9017 0.4325
vn -0.3412 0.9180 0.2021
vn -0.7335 0.6602 0.1615
vn -0.4132 0.6508 0.6370
vn -0.8467 0.5263 0.0784
vn 0.3729 0.4442 -0.8146
vn -0.4410 0.4440 -0.7800
vn 0.2556 0.7502 0.6098
vn 0.0000 0.0903 0.9959
vn -0.6777 0.7109 -0.1882
vn 0.5066 0.7058 0.4951
vn -0.3885 0.3256 0.8620
vn -0.7816 0.3843 0.4914
vn 0.6233 0.7393 -0.2549
vn 0.3804 0.9069 0.1812
vn 0.7551 0.6394 0.1446
vn 0.3388 0.7715 0.5385
vn 0.8547 0.4915 0.1670
vn 0.4685 0.8190 0.3312
vn 0.9193 -0.0469 -0.3907
vn 0.9640 -0.0793 -0.2536
vn 0.9138 -0.0941 -0.3951
vn -0.5574 -0.0482 -0.8288
vn -0.9273 -0.0568 -0.3700
vn -0.4644 -0.0259 -0.8852
vn -0.9953 -0.0699 0.0663
vn -0.9308 0.1094 0.3487
vn -0.9918 0.1278 -0.0062
vn 0.9901 -0.0675 0.1226
vn 0.9778 0.0245 0.2079
vn 0.9770 -0.0630 0.2038
vn 0.8690 -0.2583 0.4221
vn 0.9795 -0.2012 0.0107
vn 0.9113 -0.1194 -0.3940
vn 0.9964 0.0379 0.0756
vn -0.5190 0.8464 -0.1193
vn -0.7112 0.6326 0.3067
vn -0.4113 0.6790 0.6080
vn -0.8314 -0.1073 0.5452
vn -0.0885 0.5068 0.8575
vn -0.2009 0.7603 0.6178
vn 0.1195 0.6647 0.7375
vn 0.0496 0.8330 0.5510
vn 0.6847 0.5476 0.4810
vn -0.1030 0.0099 -0.9946
vn -0.6170 0.3737 -0.6926
vn 0.0639 0.1549 -0.9859
vn -0.3642 0.6495 -0.6675
vn -0.4542 0.7161 0.5300
vn -0.3186 0.9373 0.1415
vn -0.7296 0.6697 0.1385
vn 0.0847 0.9476 0.3079
vn 0.7899 0.4770 -0.3854
vn 0.0000 1.0000 0.0000
vn 0.2648 0.9281 -0.2616
vn -0.0021 0.9294 -0.3690
vn 0.3748 0.9271 -0.0020
vn -0.2672 0.9284 -0.2583
vn -0.3748 0.9271 0.0020
vn 0.2672 0.9284 0.2583
vn 0.0021 0.9294 0.3690
vn -0.2648 0.9281 0.2616
vn -0.7536 0.0653 -0.6540
vn -0.9627 0.1297 -0.2373
vn -0.9961 -0.0839 -0.0265
vn 0.7537 0.0641 -0.6541
vn 0.9448 0.1865 -0.2695
vn 0.7228 0.3763 -0.5796
vn -0.7748 0.4390 0.4550
vn -0.9699 0.2277 0.0862
vn 0.7752 0.4379 0.4553
vn 0.9761 0.2001 0.0847
vn 0.9960 -0.0853 -0.0265
vn -0.8258 0.3451 -0.4460
vn 0.0502 0.6081 0.7922
vn 0.4762 0.7403 0.4746
vn 0.0000 0.8835 0.4685
vn 0.3604 0.9236 0.1303
vn 0.7551 0.6394 0.1446
vn 0.4132 0.6508 0.6370
vn 0.8767 0.4643 0.1258
vn -0.4351 0.3652 -0.8230
vn 0.3806 0.3691 -0.8479
vn -0.2556 0.7502 0.6098
vn -0.0000 0.0903 0.9959
vn 0.7080 0.6598 -0.2518
vn -0.3885 0.3256 0.8620
vn -0.7815 0.3569 0.5117
vn 0.4568 0.3559 0.8153
vn 0.8126 0.3812 0.4409
vn -0.8996 0.2379 -0.3662
vn -0.8977 0.3466 -0.2721
vn -0.8999 0.2825 -0.3321
vn -0.9087 0.3319 -0.2532
vn -0.1853 0.8026 -0.5669
vn -0.0664 0.8576 -0.5100
vn -0.1937 0.2672 -0.9440
vn -0.8256 0.5312 -0.1904
vn -0.7156 0.6687 -0.2020
vn -0.8117 0.5436 -0.2138
vn -0.5632 0.5742 -0.5943
vn 0.1908 0.9423 0.2749
vn -0.1574 0.8515 -0.5002
vn -0.8996 0.1214 -0.4195
vn -0.9000 0.1562 -0.4068
vn -0.7868 0.0135 -0.6171
vn -0.8423 0.0289 -0.5383
vn 0.0040 0.7952 -0.6064
vn 0.0932 0.6862 -0.7214
vn -0.0370 0.5636 -0.8252
vn 0.2111 0.4098 -0.8874
vn -0.3695 0.9226 -0.1105
vn -0.4930 0.7188 -0.4902
vn 0.0772 0.9949 -0.0652
vn -0.0829 0.9944 -0.0657
vn 0.0774 -0.2554 -0.9637
vn -0.3696 -0.1895 -0.9096
vn -0.0830 -0.2548 -0.9634
vn -0.5257 -0.0992 -0.8449
vn -0.7057 0.0047 -0.7085
vn -0.7278 -0.0165 -0.6856
vn -0.0000 0.4593 0.8883
vn -0.0000 0.4166 0.9091
vn 0.1437 0.4010 0.9048
vn 0.1351 0.3144 0.9396
vn 0.2370 -0.9491 0.2074
vn 0.1387 -0.9902 -0.0155
vn 0.2886 -0.9447 0.1556
vn 0.1399 -0.9872 -0.0760
vn -0.0536 -0.9924 -0.1103
vn 0.0513 -0.9927 -0.1088
vn 0.4936 -0.8276 0.2673
vn 0.5682 -0.7875 0.2388
vn 0.7769 -0.5383 0.3265
vn 0.7562 -0.5529 0.3500
vn 0.8072 -0.3442 0.4796
vn 0.7838 -0.3621 0.5045
vn 0.7764 -0.1389 0.6148
vn 0.7556 -0.1570 0.6360
vn 0.4936 0.0065 0.8697
vn 0.5616 0.0230 0.8271
vn 0.2016 0.0716 0.9768
vn 0.2758 0.1374 0.9514
vn 0.3064 0.8939 -0.3271
vn 0.3665 0.9240 -0.1095
vn 0.5067 0.8454 -0.1688
vn 0.7156 0.6687 -0.2021
vn 0.7137 0.6604 -0.2332
vn -0.7286 0.6729 -0.1282
vn -0.9201 0.3809 -0.0915
vn -0.8813 0.4250 0.2065
vn -0.3290 0.9322 -0.1507
vn 0.3316 0.9307 -0.1541
vn 0.0104 0.9894 -0.1448
vn 0.0000 0.9750 0.2221
vn 0.0729 -0.4624 -0.8837
vn 0.5097 -0.4983 -0.7014
vn 0.5020 -0.7105 -0.4931
vn 0.2933 -0.5967 -0.7469
vn 0.2790 -0.8117 -0.5131
vn 0.4417 -0.8123 -0.3810
vn 0.1934 -0.8987 -0.3937
vn 0.0052 -0.8597 -0.5108
vn -0.0185 -0.9255 -0.3782
vn 0.6988 -0.5935 -0.3994
vn 0.7525 -0.4331 -0.4962
vn 0.4343 -0.8742 -0.2174
vn 0.6398 -0.7633 -0.0900
vn 0.2322 -0.9726 0.0148
vn 0.2207 -0.9633 -0.1526
vn 0.4518 -0.8916 0.0289
vn 0.4518 -0.8916 0.0289
vn 0.4677 -0.8728 0.1395
vn 0.2322 -0.9726 0.0148
vn 0.2409 -0.9436 0.2272
vn 0.4696 -0.8093 0.3530
vn 0.2542 -0.8485 0.4641
vn -0.0091 -0.6347 -0.7727
vn 0.6146 0.1997 0.7631
vn 0.6010 0.3636 0.7118
vn 0.3672 0.1805 0.9124
vn 0.3752 0.3597 0.8543
vn 0.6017 -0.2677 0.7525
vn 0.6222 -0.0250 0.7824
vn 0.3564 -0.2483 0.9007
vn 0.3562 -0.0088 0.9344
vn 0.5382 -0.6655 0.5171
vn 0.2994 -0.6489 0.6995
vn 0.5382 -0.6655 0.5171
vn 0.5800 -0.4636 0.6698
vn 0.2994 -0.6489 0.6995
vn 0.3377 -0.4459 0.8289
vn 0.8063 -0.0802 -0.5861
vn 0.9005 -0.1718 -0.3995
vn 0.6988 -0.5935 -0.3994
vn 0.8987 0.1373 -0.4166
vn 0.7553 0.4028 -0.5170
vn 0.0202 0.8721 -0.4889
vn -0.0038 0.9726 -0.2327
vn 0.0460 0.7576 -0.6510
vn 0.4847 0.6060 -0.6308
vn 0.2597 -0.9654 0.0242
vn 0.2787 -0.9539 0.1115
vn 0.9811 0.1872 0.0485
vn 0.9521 0.3054 -0.0133
vn 0.9383 0.1715 -0.3004
vn 0.8543 0.2035 -0.4782
vn 0.8543 0.2035 -0.4782
vn 0.8711 0.3851 0.3047
vn 0.2238 0.9705 -0.0899
vn 0.1850 0.9723 -0.1426
vn 0.0701 0.2474 -0.9664
vn 0.1666 0.7340 -0.6584
vn 0.4368 0.8926 -0.1119
vn 0.6123 0.7879 -0.0655
vn -0.5580 -0.6698 0.4899
vn -0.4275 -0.8218 0.3766
vn -0.7610 -0.6204 -0.1897
vn -0.8442 -0.3481 -0.4076
vn 0.9005 -0.1718 -0.3995
vn 0.9074 -0.3579 -0.2203
vn 0.6988 -0.5935 -0.3994
vn 0.8969 -0.3870 -0.2143
vn 0.9721 0.1966 -0.1275
vn 0.9898 -0.0602 0.1293
vn 0.9690 0.1766 0.1726
vn 0.9169 0.2946 -0.2694
vn 0.9521 0.3054 -0.0133
vn 0.9449 0.2979 0.1360
vn 0.8711 0.3851 0.3047
vn -0.0766 0.3417 -0.9367
vn -0.0212 0.3502 -0.9364
vn 0.2371 0.3350 -0.9119
vn 0.0192 0.4164 -0.9090
vn 0.3547 0.3372 -0.8720
vn 0.0961 0.3810 -0.9196
vn 0.3629 0.3046 -0.8807
vn 0.6123 0.7879 -0.0655
vn 0.5994 0.2516 -0.7599
vn 0.2970 0.6620 -0.6882
vn 0.3187 0.8601 -0.3982
vn 0.4247 0.8344 -0.3512
vn 0.4752 0.8167 -0.3273
vn 0.7053 -0.0013 0.7089
vn 0.2091 0.5778 0.7890
vn -0.4222 0.0163 -0.9064
vn -0.3573 0.0110 -0.9339
vn -0.3314 0.2547 -0.9084
vn -0.2977 0.1937 -0.9348
vn 0.1032 0.9920 -0.0727
vn 0.0113 0.9330 0.3598
vn -0.0794 0.7062 -0.7036
vn -0.0569 -0.0472 -0.9973
vn -0.0754 0.2966 -0.9520
vn -0.0412 0.1598 -0.9863
vn -0.1073 0.1543 -0.9822
vn 0.0569 0.9930 -0.1035
vn -0.4222 0.0163 -0.9064
vn -0.1965 0.4605 -0.8656
vn -0.1124 0.7911 -0.6013
vn -0.0151 0.4832 -0.8754
vn 0.0456 0.8437 -0.5349
vn 0.1266 0.4938 0.8603
vn 0.0465 0.8085 0.5867
vn -0.1304 0.4928 0.8603
vn -0.0870 0.7504 0.6553
vn 0.1000 0.8528 -0.5126
vn 0.3015 0.6900 -0.6580
vn 0.0846 0.4947 -0.8650
vn 0.3785 -0.1011 -0.9201
vn -0.0589 0.8016 -0.5950
vn -0.1442 0.4689 -0.8714
vn 0.2115 0.4832 0.8496
vn 0.1069 0.7975 0.5938
vn -0.0444 0.4787 0.8768
vn -0.0278 0.7401 0.6719
vn 0.5207 -0.0296 0.8533
vn 0.3707 0.7417 0.5590
vn 0.3502 0.0031 -0.9367
vn 0.2464 0.6790 -0.6915
vn -0.0471 0.9390 0.3407
vn -0.0186 0.9918 0.1263
vn -0.1564 0.7291 0.6662
vn -0.0107 0.9999 -0.0075
vn -0.0592 0.9378 0.3421
vn -0.0095 0.9920 -0.1258
vn 0.0570 0.8008 0.5962
vn 0.0914 0.9958 0.0062
vn -0.1227 0.7906 0.5999
vn -0.0101 0.9999 -0.0087
vn 0.0505 0.8246 -0.5634
vn 0.0032 0.7199 -0.6940
vn 0.0299 0.7403 -0.6716
vn 0.1600 0.7895 -0.5925
vn 0.0141 0.7791 -0.6268
vn 0.0451 0.4159 -0.9083
vn 0.1494 -0.9474 -0.2830
vn 0.0771 -0.9970 -0.0000
vn -0.1209 -0.9362 -0.3302
vn -0.1227 -0.9924 -0.0000
vn -0.1877 -0.6837 -0.7052
vn -0.1026 -0.8653 -0.4906
vn -0.0365 -0.6135 -0.7889
vn -0.0418 -0.9991 -0.0000
vn 0.1609 -0.7455 -0.6468
vn -0.0808 -0.9967 0.0000
vn 0.0844 -0.3526 0.9320
vn -0.0244 -0.0522 0.9983
vn 0.0188 -0.3790 0.9252
vn -0.2419 -0.3739 0.8954
vn -0.0946 -0.3859 0.9177
vn -0.2359 -0.3776 0.8954
vn 0.1258 -0.9902 -0.0611
vn -0.1459 -0.9886 -0.0383
vn -0.2276 -0.9722 0.0546
vn 0.0037 -0.9959 -0.0908
vn 0.2188 -0.9629 0.1580
vn 0.1989 -0.9420 -0.2702
vn -0.0681 -0.6941 -0.7167
vn 0.2218 -0.3791 -0.8984
vn 0.8238 0.3414 -0.4526
vn 0.9161 -0.2455 -0.3169
vn -0.0291 -0.3796 -0.9247
vn -0.3900 -0.5319 0.7517
vn -0.5106 -0.7520 0.4169
vn -0.0220 -0.9993 0.0314
vn 0.0380 -0.9941 -0.1018
vn 0.7293 -0.6711 -0.1331
vn 0.6256 -0.7488 0.2189
vn 0.1870 -0.1111 0.9761
vn 0.2976 -0.1727 0.9389
vn 0.5858 -0.8094 -0.0424
vn 0.4726 -0.8812 -0.0033
vn -0.0569 -0.0472 -0.9973
vn 0.1022 -0.7833 -0.6132
vn 0.0234 -0.3791 -0.9251
vn -0.0899 -0.3859 -0.9181
vn -0.2194 -0.3801 -0.8985
vn -0.2260 -0.3762 -0.8985
vn 0.2172 -0.3790 0.8995
vn -0.0777 -0.3794 0.9220
vn 0.1049 -0.3859 0.9166
vn -0.0788 -0.3752 0.9236
vn 0.1097 -0.9902 -0.0868
vn -0.1566 -0.9877 0.0012
vn -0.2405 -0.9650 0.1042
vn -0.0222 -0.9954 -0.0932
vn 0.2480 -0.9687 0.0125
vn -0.3445 -0.8776 0.3335
vn -0.3956 -0.8461 0.3572
vn -0.4630 -0.6026 0.6500
vn -0.4912 -0.7910 0.3649
vn 0.5293 0.1663 -0.8320
vn 0.3802 0.5451 -0.7472
vn 0.4981 0.6654 -0.5561
vn 0.2690 0.0067 -0.9631
vn 0.2970 0.6620 -0.6882
vn 0.4847 0.6060 -0.6308
vn 0.4755 0.8570 -0.1989
vn 0.0090 0.9905 -0.1375
vn 0.4995 0.8636 0.0687
vn 0.0000 0.9914 0.1305
vn 0.0188 0.9204 -0.3905
vn 0.4191 0.7877 -0.4516
vn 0.0212 0.8203 -0.5716
vn 0.4906 -0.6155 -0.6169
vn 0.0406 -0.8119 -0.5824
vn 0.4057 -0.6376 -0.6549
vn -0.0000 -0.7156 -0.6985
vn 0.7375 0.0700 -0.6717
vn 0.7943 0.0775 -0.6026
vn 0.4565 0.8154 0.3559
vn -0.0840 0.9179 0.3878
vn 0.0630 0.8153 0.5756
vn 0.4996 0.6532 0.5691
vn 0.0090 -0.9211 -0.3892
vn 0.4769 -0.7711 -0.4219
vn -0.9704 0.0016 0.2413
vn -0.8904 0.3439 0.2980
vn -0.9746 -0.0315 0.2219
vn -0.9956 0.0892 0.0291
vn -0.5556 -0.1564 0.8166
vn -0.3562 -0.2087 0.9108
vn 0.0054 -0.3642 0.9313
vn -0.2415 -0.6395 0.7299
vn -0.9975 -0.0159 0.0688
vn 0.5442 0.6318 0.5520
vn 0.1879 0.5813 0.7917
vn 0.8270 0.5232 0.2057
vn 0.8050 0.4390 0.3991
vn 0.9564 0.2349 0.1734
vn 0.9379 0.1352 0.3196
vn -0.8953 0.3956 -0.2050
vn -0.9714 0.1719 -0.1637
vn -0.9888 -0.0030 -0.1491
vn 0.9339 0.0975 0.3441
vn 0.8411 0.3735 0.3913
vn -0.4817 0.6191 0.6202
vn 0.0452 -0.2998 0.9529
vn -0.3016 -0.3544 0.8851
vn 0.0691 -0.3519 0.9335
vn -0.1763 -0.4493 0.8758
vn -0.0889 -0.4407 0.8932
vn -0.0288 -0.3544 0.9346
vn -0.0633 -0.5312 0.8449
vn -0.9857 -0.0533 -0.1595
vn -0.4342 0.5352 0.7246
vn 0.6105 0.5875 0.5312
vn -0.4100 0.2565 0.8753
vn 0.1875 0.3884 0.9022
vn 0.4763 0.8389 -0.2633
vn 0.5071 0.6044 -0.6144
vn 0.6539 -0.6515 -0.3846
vn 0.6811 -0.7173 -0.1471
vn 0.5445 -0.2994 -0.7835
vn 0.5231 -0.0842 -0.8481
vn 0.7611 -0.5693 -0.3107
vn 0.4687 -0.6769 -0.5676
vn 0.9277 -0.2188 -0.3024
vn 0.4864 -0.3804 -0.7866
vn 0.9954 -0.0534 -0.0790
vn 0.9605 0.1446 -0.2380
vn 0.1880 -0.6229 -0.7594
vn 0.5427 0.0573 -0.8380
vn 0.5250 -0.1340 -0.8405
vn 0.5113 0.2810 -0.8122
vn 0.1411 -0.7597 -0.6348
vn 0.9948 0.0937 -0.0401
vn 0.9967 0.0634 -0.0502
vn 0.2279 0.8896 -0.3958
vn 0.0355 -0.6547 0.7550
vn -0.1365 -0.6358 0.7597
vn 0.0504 -0.6159 -0.7862
vn -0.0276 0.5024 0.8642
vn -0.0488 0.9906 0.1276
vn 0.3469 0.1797 0.9205
vn 0.3606 0.0749 0.9297
vn 0.0186 0.0931 0.9955
vn 0.0229 0.2451 0.9692
vn 0.2929 0.3086 0.9050
vn -0.2604 0.1438 -0.9547
vn 0.3200 0.0920 -0.9430
vn 0.4148 -0.0434 -0.9089
vn -0.2807 0.4014 -0.8718
vn 0.2746 0.3882 -0.8797
vn -0.2419 0.5860 -0.7734
vn 0.2148 0.5932 -0.7759
vn 0.1437 0.7687 -0.6232
vn -0.2236 0.7651 -0.6038
vn 0.6267 0.7750 0.0818
vn 0.5542 0.7769 -0.2990
vn -0.6003 0.6892 -0.4057
vn -0.7518 0.6572 -0.0537
vn -0.9088 -0.0302 -0.4161
vn -0.9857 -0.0533 -0.1595
vn -0.9888 -0.0030 -0.1491
vn 0.8377 -0.0463 -0.5441
vn 0.9770 -0.0754 -0.1994
vn 0.8494 -0.2256 -0.4770
vn 0.9525 -0.2174 -0.2131
vn -0.7116 0.4855 -0.5079
vn -0.8953 0.3956 -0.2050
vn 0.5017 0.6160 -0.6073
vn -0.9714 0.1719 -0.1637
vn -0.7675 0.3113 -0.5604
vn 0.8083 0.1248 -0.5754
vn 0.9789 0.1288 -0.1584
vn 0.1205 0.9499 -0.2886
vn -0.0859 0.9224 -0.3765
vn 0.7564 0.6526 0.0447
vn 0.6810 0.6096 -0.4058
vn 0.8922 0.4424 -0.0906
vn 0.7413 0.3793 -0.5537
vn 0.4837 0.5000 -0.7184
vn 0.5038 -0.8302 0.2387
vn 0.5301 -0.8454 -0.0662
vn 0.4179 -0.8786 -0.2311
vn 0.2675 0.2340 0.9347
vn 0.3449 -0.8737 0.3429
vn 0.0063 -0.9911 0.1332
vn 0.2341 -0.9419 -0.2407
vn 0.0365 -0.9683 -0.2470
vn 0.7435 0.5786 0.3353
vn 0.8876 0.3769 0.2648
vn 0.7750 0.6309 0.0378
vn 0.9096 0.4148 0.0237
vn 0.8225 -0.3620 -0.4386
vn 0.8977 -0.0826 -0.4328
vn 0.5238 0.7560 0.3926
vn 0.6161 0.7877 -0.0013
vn 0.9103 0.3850 -0.1521
vn 0.8204 0.4992 -0.2788
vn 0.6938 0.5162 -0.5022
vn 0.9197 0.1976 -0.3393
vn 0.1880 -0.6229 -0.7594
vn -0.4371 -0.7477 -0.5000
vn -0.4643 -0.5300 -0.7096
vn -0.2290 -0.8317 -0.5058
vn -0.3215 -0.5864 -0.7435
vn -0.4828 -0.7812 -0.3958
vn -0.2408 -0.8981 -0.3681
vn -0.1901 -0.9726 -0.1335
vn -0.2230 -0.9743 0.0316
vn -0.4012 -0.8958 -0.1914
vn -0.4469 -0.8932 0.0493
vn -0.4557 -0.8644 0.2125
vn -0.4469 -0.8932 0.0493
vn -0.2295 -0.9422 0.2441
vn -0.2230 -0.9743 0.0316
vn -0.4993 -0.7837 0.3695
vn -0.2589 -0.8405 0.4759
vn -0.6050 0.4090 0.6832
vn -0.6167 0.2495 0.7466
vn -0.3594 0.3675 0.8578
vn -0.3728 0.1802 0.9102
vn -0.6229 0.0572 0.7802
vn -0.6131 -0.1878 0.7674
vn -0.3614 -0.0248 0.9321
vn -0.3403 -0.2612 0.9033
vn -0.5471 -0.6058 0.5776
vn -0.3041 -0.6614 0.6856
vn -0.5729 -0.4091 0.7102
vn -0.5471 -0.6058 0.5776
vn -0.3367 -0.4447 0.8300
vn -0.3041 -0.6614 0.6856
vn -0.8862 -0.1190 -0.4478
vn -0.7484 -0.5252 -0.4050
vn -0.8877 0.1752 -0.4258
vn -0.7820 0.3480 -0.5171
vn -0.2384 -0.9704 -0.0379
vn -0.1776 0.3357 0.9251
vn -0.3610 0.0515 0.9312
vn -0.1959 -0.9728 0.1238
vn -0.9529 0.3034 0.0012
vn -0.9767 0.1910 -0.0981
vn -0.8533 0.2614 -0.4511
vn -0.9214 0.1367 -0.3637
vn -0.8656 0.3908 0.3132
vn -0.2132 0.9769 0.0131
vn -0.2022 0.9628 -0.1790
vn -0.3911 0.2510 -0.8855
vn -0.2183 0.0911 -0.9716
vn -0.1991 0.6262 -0.7538
vn -0.0295 0.2097 -0.9773
vn -0.5957 0.7927 -0.1293
vn -0.3986 0.9168 -0.0243
vn -0.1580 -0.5953 -0.7878
vn -0.8862 -0.1190 -0.4478
vn -0.7484 -0.5252 -0.4050
vn -0.9453 -0.1979 -0.2593
vn -0.8862 -0.4342 -0.1616
vn -0.9367 0.2028 -0.2854
vn -0.9754 0.1879 0.1150
vn -0.9722 -0.0804 0.2200
vn -0.8862 -0.1190 -0.4478
vn -0.3004 0.3342 -0.8933
vn -0.2769 0.3311 -0.9021
vn -0.3134 0.3491 -0.8831
vn -0.5957 0.7927 -0.1293
vn -0.4776 0.2780 -0.8334
vn 0.0223 0.3719 0.9280
vn 0.0631 0.3942 0.9168
vn 0.1407 0.4054 -0.9032
vn 0.1073 0.3488 -0.9310
vn -0.0236 0.0974 -0.9950
vn 0.0389 0.2611 -0.9645
vn 0.0970 0.0859 -0.9916
vn 0.1393 0.2726 -0.9520
vn 0.4098 0.0772 -0.9089
vn 0.3992 0.2503 -0.8820
vn 0.1257 0.7593 -0.6385
vn 0.1945 0.4806 -0.8551
vn -0.0304 0.7728 -0.6339
vn 0.0099 0.4979 -0.8672
vn -0.1218 0.8090 0.5750
vn -0.0422 0.5068 0.8610
vn 0.0589 0.8016 0.5950
vn 0.1442 0.4689 0.8714
vn -0.3228 0.7448 0.5840
vn -0.3512 0.0258 0.9359
vn -0.2996 0.7981 -0.5228
vn -0.3349 0.0078 -0.9422
vn -0.0740 0.7690 -0.6349
vn -0.0909 0.5116 -0.8544
vn 0.1304 0.4928 -0.8603
vn 0.0870 0.7503 -0.6553
vn -0.1569 0.7895 0.5933
vn -0.1254 0.4924 0.8613
vn 0.0039 0.7744 0.6326
vn 0.0640 0.4572 0.8870
vn -0.3382 0.8156 0.4696
vn -0.4621 0.0256 0.8864
vn -0.2657 0.0256 -0.9637
vn -0.2801 0.7326 -0.6204
vn -0.0570 0.8008 0.5962
vn 0.0626 0.4924 0.8681
vn 0.1227 0.7906 0.5999
vn 0.2227 0.4589 0.8601
vn -0.2770 0.7325 0.6218
vn -0.2912 0.1299 0.9478
vn -0.4070 0.7325 -0.5457
vn -0.1660 0.7728 -0.6125
vn -0.4666 0.0256 -0.8841
vn -0.1768 0.4979 -0.8490
vn 0.0145 0.4799 -0.8772
vn -0.0053 0.7529 -0.6582
vn 0.1480 0.4588 0.8761
vn 0.4741 0.3109 0.8238
vn -0.1290 -0.3900 0.9117
vn -0.0372 -0.3995 0.9160
vn 0.1335 -0.3946 0.9091
vn -0.0228 -0.3691 0.9291
vn 0.1782 -0.3850 0.9055
vn 0.0138 -0.3930 0.9194
vn -0.0553 -0.9439 0.3255
vn -0.1498 -0.9863 0.0696
vn 0.1542 -0.9323 0.3271
vn 0.1497 -0.9887 0.0054
vn 0.0197 -0.9958 0.0892
vn -0.2430 -0.9698 -0.0201
vn -0.0914 -0.9425 -0.3215
vn 0.1349 -0.9209 -0.3658
vn -0.0721 -0.8175 -0.5714
vn -0.3639 -0.6439 -0.6731
vn -0.1320 -0.3859 -0.9131
vn -0.3033 -0.4112 -0.8596
vn -0.4345 -0.1808 -0.8823
vn -0.7139 -0.1913 -0.6736
vn 0.0716 -0.9304 -0.3596
vn 0.2622 -0.8626 -0.4327
vn -0.9336 -0.2013 -0.2964
vn -0.7854 0.3808 -0.4880
vn 0.0496 -0.3825 -0.9226
vn -0.3187 -0.0033 -0.9479
vn -0.4348 0.0785 -0.8971
vn -0.4305 0.2329 -0.8720
vn 0.1591 -0.9866 0.0370
vn 0.1951 -0.9435 0.2678
vn 0.0995 -0.9949 -0.0184
vn -0.5775 -0.5034 0.6427
vn -0.2197 -0.1645 0.9616
vn -0.2063 -0.0439 0.9775
vn 0.4098 0.0772 -0.9089
vn 0.3925 -0.4038 -0.8264
vn 0.0970 0.0859 -0.9916
vn 0.0920 -0.0456 -0.9947
vn 0.0826 -0.3749 0.9234
vn -0.1272 -0.3858 0.9137
vn 0.0919 -0.6587 0.7468
vn -0.2207 -0.3788 0.8988
vn -0.5566 -0.7223 0.4104
vn -0.4621 0.0256 0.8864
vn -0.1613 -0.9863 0.0358
vn -0.4515 -0.8910 -0.0479
vn 0.1596 -0.9866 0.0324
vn 0.2493 -0.9670 -0.0524
vn -0.0030 -0.9954 0.0953
vn -0.1510 -0.9812 -0.1201
vn -0.0472 0.0063 -0.9989
vn 0.1140 -0.6356 -0.7635
vn 0.2119 -0.9718 -0.1035
vn 0.2400 -0.9160 0.3216
vn 0.4622 -0.6162 0.6377
vn -0.1573 -0.0458 -0.9865
vn -0.4305 0.2329 -0.8720
vn -0.4348 0.0785 -0.8971
vn -0.4346 0.3214 -0.8414
vn -0.3787 0.6157 -0.6910
vn -0.3128 -0.8709 -0.3791
vn -0.5031 0.6300 -0.5917
vn -0.1246 0.0876 0.9883
vn -0.0324 0.1616 0.9863
vn -0.2199 0.3123 0.9242
vn 0.0305 0.3928 0.9191
vn -0.4873 0.8661 -0.1116
vn -0.4995 0.8520 0.1572
vn -0.4407 0.8185 -0.3686
vn -0.3742 0.7242 -0.5793
vn -0.5170 0.7595 0.3949
vn -0.4271 0.6798 0.5962
vn 0.9806 0.0513 0.1894
vn 0.8150 0.3556 0.4575
vn 0.7785 0.4881 0.3946
vn 0.9913 0.1268 0.0359
vn -0.2711 0.6374 0.7213
vn -0.6426 0.6158 0.4558
vn -0.8565 0.4705 0.2121
vn -0.8312 0.3943 0.3920
vn -0.9221 0.1587 0.3528
vn -0.9798 0.1363 0.1460
vn 0.8979 0.4276 -0.1047
vn 0.8522 0.4875 0.1898
vn 0.9623 0.1824 -0.2017
vn 0.9829 0.0149 -0.1838
vn -0.9145 0.1915 0.3565
vn -0.7850 0.4441 0.4318
vn 0.9895 -0.0823 -0.1187
vn -0.4715 0.5898 0.6556
vn -0.1181 0.2937 0.9486
vn -0.3198 0.5771 -0.7515
vn -0.2440 0.8610 -0.4463
vn -0.1636 0.6943 -0.7008
vn -0.0967 0.9504 -0.2955
vn -0.3285 0.4844 -0.8108
vn -0.2683 0.6789 -0.6835
vn -0.8816 -0.4713 -0.0256
vn -0.9476 -0.2982 -0.1142
vn -0.9773 -0.0523 -0.2054
vn -0.5219 0.1201 -0.8445
vn -0.5107 0.6828 -0.5225
vn -0.4975 0.1239 -0.8586
vn -0.4929 0.8051 -0.3300
vn -0.3578 0.2696 -0.8940
vn -0.2873 0.6119 -0.7369
vn -0.0647 0.7128 -0.6983
vn -0.1580 -0.5953 -0.7878
vn -0.0224 -0.6261 -0.7794
vn -0.7579 0.6521 0.0192
vn -0.8445 0.2437 -0.4770
vn -0.4195 -0.3625 -0.8322
vn -0.8998 0.4344 0.0409
vn -0.4487 0.8934 0.0216
vn -0.7647 0.5204 0.3801
vn -0.4562 0.8162 0.3546
vn -0.1582 0.2364 0.9587
vn -0.3495 0.0356 0.9363
vn -0.2199 0.3123 0.9242
vn -0.3230 0.1307 -0.9373
vn 0.2363 0.0826 -0.9682
vn -0.3115 -0.0617 -0.9482
vn -0.2894 0.4281 -0.8562
vn 0.2799 0.3451 -0.8958
vn -0.2380 0.6333 -0.7364
vn 0.2091 0.5659 -0.7975
vn 0.1313 0.7450 -0.6541
vn -0.2055 0.7919 -0.5750
vn -0.6539 0.7566 0.0041
vn -0.4854 0.8000 -0.3528
vn 0.6385 0.6583 -0.3988
vn 0.7126 0.7012 -0.0220
vn 0.9895 -0.0823 -0.1187
vn 0.9829 0.0149 -0.1838
vn -0.9844 -0.0272 -0.1740
vn -0.8210 -0.0831 -0.5649
vn -0.9582 -0.1973 -0.2073
vn -0.8156 -0.2387 -0.5271
vn 0.7510 0.4236 -0.5066
vn 0.8979 0.4276 -0.1047
vn -0.4816 0.6218 -0.6176
vn 0.9623 0.1824 -0.2017
vn 0.7922 0.2814 -0.5415
vn -0.9656 0.2326 -0.1161
vn -0.8152 0.0731 -0.5746
vn -0.0848 0.9289 -0.3604
vn 0.1184 0.9434 -0.3099
vn -0.7753 0.6312 0.0220
vn -0.6573 0.6285 -0.4158
vn -0.8590 0.5120 -0.0018
vn -0.7884 0.4090 -0.4596
vn -0.5064 0.5005 -0.7022
vn -0.4109 -0.8909 -0.1937
vn -0.2143 0.3092 0.9265
vn -0.2663 -0.9103 0.3168
vn -0.9448 -0.2578 -0.2024
vn -0.8711 -0.4835 -0.0859
vn -0.1661 -0.9555 -0.2439
vn -0.5112 0.7591 0.4031
vn -0.4315 0.6106 0.6641
vn -0.6643 -0.5960 0.4511
vn -0.6139 -0.7313 0.2973
vn -0.6234 -0.6078 0.4918
vn -0.6259 -0.6989 0.3461
vn -0.7423 0.5541 0.3767
vn -0.8959 0.4410 0.0541
vn -0.7665 0.6421 0.0163
vn -0.6481 0.3869 0.6560
vn -0.8828 -0.1201 -0.4541
vn -0.5780 0.8160 -0.0011
vn -0.8421 0.4698 -0.2650
vn -0.6418 0.5430 -0.5416
vn -0.6599 0.6602 -0.3589
vn -0.9784 -0.0390 -0.2032
vn -0.6770 -0.7214 0.1456
vn -0.4993 -0.7837 0.3695
vn 0.6584 -0.7190 0.2224
vn 0.4696 -0.8093 0.3530
vn -0.8503 -0.5261 -0.0152
vn 0.8969 -0.3870 -0.2143
vn 0.8701 -0.4914 -0.0386
vn 0.0903 -0.0403 -0.9951
vn -0.0881 -0.0777 -0.9931
vn -0.0174 0.1548 0.9878
vn 0.0173 -0.0760 0.9970
vn 0.3646 0.1444 0.9199
vn 0.4353 -0.0840 0.8964
vn -0.9588 0.1239 -0.2557
vn -0.7198 0.1527 -0.6771
vn -0.4427 0.3047 -0.8433
vn -0.3805 0.1023 0.9191
vn -0.3496 -0.0910 0.9325
vn -0.5057 0.0722 0.8597
vn -0.5198 -0.0708 0.8513
vn 0.9483 0.0964 -0.3023
vn -0.6621 0.5550 0.5035
vn -0.9678 0.2335 0.0941
vn -0.9966 0.0486 0.0661
vn -0.9613 0.0243 -0.2745
vn -0.9205 0.0229 -0.3900
vn 0.5214 0.0107 -0.8533
vn 0.1194 -0.0405 -0.9920
vn 0.5531 0.0118 -0.8331
vn 0.0664 -0.0281 -0.9974
vn -0.1009 0.7785 -0.6195
vn -0.2880 -0.0684 -0.9552
vn -0.9951 -0.0691 0.0708
vn -0.8697 0.2044 0.4493
vn -0.2104 0.3624 0.9080
vn 0.0788 0.3549 0.9316
vn 0.4575 0.3554 0.8151
vn 0.8764 0.2948 0.3809
vn 0.9240 0.3821 -0.0149
vn 0.8783 0.4050 -0.2542
vn -0.0341 0.3105 0.9500
vn 0.4568 0.3559 0.8153
vn -0.0000 0.9947 0.1030
vn -0.0450 0.3858 -0.9215
vn 0.3859 0.0632 -0.9204
vn 0.0147 0.9749 -0.2221
vn 0.3043 0.9454 -0.1167
vn 0.9541 0.2952 -0.0495
vn 0.9259 0.3614 -0.1100
vn 0.9942 0.0769 -0.0753
vn 0.9846 0.0364 -0.1709
vn 0.9958 0.0600 0.0687
vn 0.8813 0.4250 0.2065
vn 0.9995 0.0206 0.0222
vn 0.9687 0.2480 0.0106
vn -0.3087 0.9432 -0.1228
vn 0.7148 0.6988 -0.0266
vn -0.9106 0.3802 0.1620
vn -0.9201 0.3809 -0.0915
vn -0.7286 0.6729 -0.1282
vn 0.7860 0.4160 0.4573
vn 0.8514 0.0244 0.5239
vn 0.3771 -0.3463 0.8590
vn 0.3722 -0.1086 0.9218
vn 0.0042 -0.0547 -0.9985
vn -0.0145 -0.0613 -0.9980
vn 0.9359 -0.1943 -0.2939
vn -0.5930 -0.3928 0.7029
vn -0.0276 -0.3902 0.9203
vn -0.4639 -0.3196 0.8262
vn -0.0224 -0.2690 0.9629
vn -0.8911 -0.3190 0.3226
vn -0.8495 -0.2969 0.4362
vn -0.0024 -0.0503 0.9987
vn -0.0781 0.1685 0.9826
vn -0.3731 -0.0742 0.9248
vn -0.5174 0.1377 0.8446
vn 0.9317 0.1832 -0.3135
vn 0.5814 0.4349 -0.6876
vn 0.5171 0.1228 -0.8471
vn 0.2921 0.1047 0.9506
vn -0.9397 0.0635 -0.3362
vn 0.1878 0.4940 0.8489
vn 0.3700 0.3556 0.8583
vn 0.2609 0.3143 0.9128
vn 0.9769 0.1989 0.0785
vn 0.9698 0.0203 -0.2432
vn 0.9081 0.0506 -0.4157
vn 0.0071 -0.0560 -0.9984
vn -0.4611 -0.0080 -0.8873
vn 0.0216 -0.0094 -0.9997
vn -0.5376 0.0098 -0.8431
vn 0.3207 0.6406 -0.6977
vn 0.0573 0.0961 -0.9937
vn 0.0645 0.7680 -0.6372
vn 0.2018 0.8338 -0.5138
vn 0.7148 0.6988 -0.0266
vn 0.4145 0.2160 -0.8840
vn 0.0639 0.1549 -0.9859
vn -0.3570 0.3610 0.8615
vn -0.0384 0.3823 0.9233
vn -0.7850 0.3234 0.5283
vn -0.9209 0.3889 0.0266
vn -0.8946 0.3766 -0.2405
vn -0.0341 0.3105 0.9500
vn -0.0673 0.4326 -0.8991
vn 0.0000 0.2081 -0.9781
vn -0.1437 0.4010 0.9047
vn -0.1351 0.3144 0.9396
vn -0.2188 0.1290 0.9672
vn -0.2967 0.0825 0.9514
vn -0.4401 0.0174 0.8978
vn -0.5768 0.0317 0.8162
vn -0.7462 -0.1241 0.6541
vn -0.7987 -0.3162 0.5120
vn -0.7807 -0.5100 0.3610
vn -0.6092 -0.7538 0.2464
vn -0.4386 -0.8596 0.2619
vn -0.2998 -0.9365 0.1818
vn -0.2178 -0.9651 0.1453
vn -0.1302 -0.9913 -0.0202
vn -0.1507 -0.9858 -0.0744
vn -0.1519 0.3900 -0.9082
vn -0.6852 0.6524 -0.3238
vn -0.5019 0.6272 -0.5955
vn 0.0000 -0.3639 -0.9314
vn -0.0559 0.6098 -0.7906
vn 0.0708 0.9077 -0.4137
vn 0.3991 0.1379 -0.9065
vn 0.3526 0.7471 -0.5635
vn 0.5947 0.3042 -0.7442
vn 0.2432 0.6971 -0.6744
vn 0.1606 0.7191 -0.6761
vn -0.1000 0.7052 -0.7019
vn 0.1373 0.6472 -0.7499
vn -0.0488 0.5940 -0.8030
vn 0.1634 0.5693 -0.8057
vn -0.0797 0.4367 -0.8961
vn 0.1295 0.4548 -0.8811
vn 0.0608 0.3225 -0.9446
vn 0.2425 0.4212 -0.8739
vn 0.1906 0.2147 -0.9579
vn 0.3644 0.3991 -0.8414
vn 0.0554 0.5533 -0.8312
vn -0.1059 0.1537 -0.9824
vn -0.3099 0.2556 -0.9158
vn 0.7865 0.5817 -0.2075
vn 0.9000 0.3573 -0.2495
vn 0.8998 0.2705 -0.3423
vn 0.9007 0.1577 -0.4049
vn 0.8472 0.0367 -0.5300
vn 0.7260 -0.0173 -0.6875
vn 0.5079 -0.1076 -0.8547
vn 0.1270 -0.9640 0.2336
vn 0.3540 -0.8846 0.3034
vn 0.5207 -0.7665 0.3759
vn 0.6574 -0.6925 0.2973
vn 0.9667 0.2504 0.0526
vn 0.6475 0.4171 0.6377
vn 0.3116 0.6017 0.7354
vn 0.6297 0.2531 0.7344
vn 0.2445 0.9554 0.1658
vn -0.2672 0.9284 -0.2583
vn -0.0021 0.9294 -0.3690
vn 0.0531 0.9571 0.2850
vn 0.2648 0.9281 -0.2616
vn -0.1674 0.9569 0.2372
vn 0.3748 0.9271 -0.0020
vn -0.2913 0.9552 0.0520
vn 0.2672 0.9284 0.2583
vn -0.2446 0.9554 -0.1658
vn 0.0021 0.9294 0.3690
vn -0.0531 0.9571 -0.2850
vn -0.2648 0.9281 0.2616
vn 0.1674 0.9569 -0.2372
vn -0.3748 0.9271 0.0020
vn 0.2913 0.9552 -0.0520
vn 0.1674 0.9569 -0.2372
vn -0.2648 0.9281 0.2616
vn -0.3748 0.9271 0.0020
vn 0.2913 0.9552 -0.0520
vn -0.2672 0.9284 -0.2583
vn 0.2445 0.9554 0.1658
vn -0.0021 0.9294 -0.3690
vn 0.0531 0.9571 0.2850
vn 0.2648 0.9281 -0.2616
vn -0.1674 0.9569 0.2372
vn 0.3748 0.9271 -0.0020
vn -0.2913 0.9552 0.0520
vn 0.2672 0.9284 0.2583
vn -0.2446 0.9554 -0.1658
vn 0.0021 0.9294 0.3690
vn -0.0531 0.9571 -0.2850
vn 0.8945 0.4238 0.1423
vn 0.9169 0.3780 -0.1277
vn -0.9548 0.2850 -0.0844
vn -0.9624 0.2718 -0.0010
vn -0.9277 0.3365 -0.1615
vn -0.8026 0.3943 -0.4476
vn -0.4034 0.4143 -0.8159
vn -0.0051 0.4158 -0.9094
vn 0.3903 0.4055 -0.8266
vn 0.7661 0.3899 -0.5109
vn 0.9407 0.3001 -0.1583
vn 0.9581 0.2858 0.0190
vn 0.9453 0.3214 -0.0562
vn 0.9876 0.0441 0.1507
vn 0.8294 -0.0195 0.5583
vn 0.4238 -0.0657 0.9034
vn -0.0125 -0.0556 0.9984
vn -0.4561 -0.0543 0.8883
vn -0.8373 0.0077 0.5466
vn -0.9903 0.0563 0.1272
vn -0.9872 0.0451 -0.1527
vn -0.9945 0.0625 -0.0838
vn -0.9983 0.0550 0.0170
vn -0.9831 0.0845 -0.1621
vn -0.8447 0.0745 -0.5300
vn -0.4224 0.1014 -0.9007
vn 0.0258 0.0912 -0.9955
vn 0.4231 0.1040 -0.9001
vn 0.8651 0.0927 -0.4930
vn 0.9877 0.0657 -0.1417
vn 0.9973 0.0715 0.0187
vn 0.9937 0.0434 -0.1034
vn 0.9860 0.0809 -0.1457
vn 0.9780 -0.1315 0.1619
vn 0.7990 -0.1489 0.5826
vn 0.4065 -0.1333 0.9039
vn -0.0095 -0.1095 0.9939
vn -0.4466 -0.1362 0.8843
vn -0.8126 -0.1353 0.5669
vn -0.9809 -0.1228 0.1510
vn -0.9844 -0.0970 -0.1471
vn -0.9905 -0.1051 -0.0885
vn -0.9936 -0.1117 0.0160
vn -0.9821 -0.1122 -0.1513
vn -0.8491 -0.1006 -0.5185
vn -0.4153 -0.0776 -0.9064
vn 0.0066 -0.0703 -0.9975
vn 0.4347 -0.0876 -0.8963
vn 0.8640 -0.1157 -0.4900
vn 0.9842 -0.1015 -0.1454
vn 0.9940 -0.1070 0.0237
vn 0.9902 -0.0903 -0.1063
vn 0.9832 -0.1170 -0.1399
vn -0.7984 -0.1145 -0.5912
vn -0.6675 -0.5737 -0.4748
vn -0.7484 -0.5252 -0.4050
vn -0.6228 -0.7758 -0.1006
vn 0.0091 -0.9872 -0.1590
vn 0.0067 -0.9998 0.0181
vn 0.2409 -0.9436 0.2272
vn -0.0015 -0.9643 0.2647
vn 0.2542 -0.8485 0.4641
vn 0.0027 -0.8627 0.5057
vn 0.0102 -0.6703 0.7420
vn 0.0060 -0.4550 0.8904
vn -0.0031 -0.2503 0.9682
vn 0.0027 -0.0341 0.9994
vn -0.0037 0.1663 0.9861
vn -0.0064 0.3760 0.9266
vn -0.0120 0.5556 0.8314
vn -0.0453 0.6832 0.7289
vn 0.1556 0.9238 0.3499
vn -0.0282 0.9392 0.3421
vn -0.0000 1.0000 0.0045
vn -0.1155 0.9564 0.2681
vn 0.7488 -0.1184 -0.6521
vn 0.4916 -0.0978 -0.8653
vn -0.5031 0.6300 -0.5917
vn -0.2816 0.9253 0.2541
vn -0.0627 0.9980 -0.0105
vn -0.0581 0.9750 -0.2143
vn -0.3573 0.0110 -0.9339
vn -0.3904 -0.6500 -0.6520
vn -0.1631 -0.9815 -0.1002
vn -0.0020 -0.9901 0.1403
vn -0.0347 -0.2224 0.9743
vn 0.4089 -0.0897 0.9082
vn 0.5642 -0.6934 0.4481
vn 0.4422 -0.8921 -0.0928
vn 0.3403 -0.9168 -0.2091
vn 0.0158 -0.0188 -0.9997
vn 0.0069 0.2609 -0.9653
vn 0.1091 0.9939 0.0188
vn 0.0843 0.9865 0.1405
vn 0.3547 0.3372 -0.8720
vn 0.3922 0.7040 -0.5921
vn 0.4368 0.8926 -0.1119
vn 0.2748 0.9171 0.2889
vn 0.2920 0.5521 0.7810
vn 0.7422 0.4191 0.5229
vn 0.9449 0.2979 0.1360
vn 0.7846 0.2764 0.5550
vn 0.9690 0.1766 0.1726
vn 0.7927 0.0738 0.6052
vn 0.9898 -0.0602 0.1293
vn 0.7687 -0.1812 0.6135
vn 0.9145 -0.3550 0.1939
vn 0.7439 -0.4182 0.5213
vn 0.1556 0.9238 0.3499
vn 0.3701 0.6563 0.6575
vn 0.5839 0.5020 0.6380
vn 0.6010 0.3636 0.7118
vn 0.6146 0.1997 0.7631
vn 0.6222 -0.0250 0.7824
vn 0.6017 -0.2677 0.7525
vn 0.5800 -0.4636 0.6698
vn -0.8533 0.2614 -0.4511
vn -0.4776 0.2780 -0.8334
vn -0.2769 0.3311 -0.9021
vn -0.3958 0.6662 -0.6320
vn -0.3986 0.9168 -0.0243
vn -0.2629 0.9269 0.2680
vn -0.2920 0.5521 0.7810
vn -0.7457 0.3963 0.5356
vn -0.9360 0.3068 0.1728
vn -0.7873 0.2394 0.5682
vn -0.9754 0.1879 0.1150
vn -0.7946 0.0209 0.6068
vn -0.9722 -0.0804 0.2200
vn -0.7647 -0.2385 0.5986
vn -0.9425 -0.3079 0.1300
vn -0.7466 -0.4499 0.4900
vn -0.6928 -0.6234 0.3624
vn -0.6218 -0.2272 0.7495
vn -0.4345 -0.3597 0.8257
vn 0.0322 -0.4503 0.8923
vn 0.3288 -0.8378 0.4358
vn 0.4751 -0.3744 0.7963
vn 0.5995 -0.6054 0.5235
vn 0.6360 -0.2532 0.7290
vn 0.6613 -0.5294 0.5315
vn 0.6537 -0.5870 0.4777
vn 0.7352 -0.5179 0.4373
vn -0.2303 -0.4141 -0.8806
vn -0.3184 -0.1512 -0.9358
vn -0.3578 0.2696 -0.8940
vn -0.2873 0.6119 -0.7369
vn -0.2683 0.6789 -0.6835
vn -0.3285 0.4844 -0.8108
vn -0.3198 0.5771 -0.7515
vn -0.2440 0.8610 -0.4463
vn -0.1128 0.9822 -0.1503
vn 0.5858 0.3764 -0.7178
vn 0.4847 0.6060 -0.6308
vn 0.3474 0.4134 -0.8417
vn 0.0460 0.7576 -0.6510
vn -0.1159 0.4611 -0.8797
vn -0.5031 0.6300 -0.5917
vn -0.4072 0.3751 -0.8327
vn -0.7054 0.3288 -0.6279
vn -0.9490 0.2694 -0.1636
vn -0.9360 0.3068 0.1728
vn -0.0736 0.6568 0.7504
vn -0.2105 0.7224 0.6587
vn -0.1696 0.7371 0.6541
vn -0.0654 0.6780 0.7321
vn -0.1417 0.5467 0.8252
vn -0.1611 0.4006 0.9020
vn -0.4061 0.3827 0.8298
vn -0.6823 0.3991 0.6126
vn -0.2816 0.9253 0.2541
vn -0.0114 0.9997 0.0222
vn -0.0087 0.9990 -0.0443
vn -0.0291 0.9996 -0.0016
vn -0.0123 0.9999 0.0076
vn -0.0075 0.9999 0.0143
vn 0.0914 0.9958 -0.0057
vn 0.3644 0.9240 -0.1155
vn 0.8525 0.3863 -0.3523
vn 0.7955 -0.3421 -0.5002
vn 0.1870 -0.1111 0.9761
vn -0.0244 -0.0522 0.9983
vn -0.1547 0.4117 0.8981
vn -0.0188 0.4593 -0.8881
vn 0.1298 0.4925 -0.8606
vn 0.4750 0.1169 -0.8722
vn 0.8879 -0.2593 -0.3799
vn 0.9785 -0.1752 0.1089
vn 0.7827 -0.2593 0.5658
vn 0.2715 0.1169 0.9553
vn -0.0626 0.4924 0.8681
vn -0.2227 0.4589 0.8601
vn 0.5728 -0.4346 0.6950
vn 0.0667 -0.0179 0.9976
vn -0.1497 -0.5847 0.7973
vn -0.2436 0.0653 0.9677
vn -0.4289 -0.5474 0.7186
vn -0.4224 0.1132 0.8993
vn -0.5726 -0.5027 0.6477
vn -0.4501 0.1206 0.8848
vn -0.5264 -0.4689 0.7092
vn -0.3980 0.1067 0.9112
vn -0.4630 -0.6026 0.6500
vn -0.4014 0.0745 0.9129
vn -0.4803 -0.2629 0.8368
vn -0.3830 -0.0025 0.9237
vn -0.3900 -0.5319 0.7517
vn -0.5141 -0.1164 0.8498
vn -0.5106 -0.7520 0.4169
vn -0.8252 -0.1579 0.5423
vn -0.6565 -0.7423 0.1342
vn -0.9344 -0.1002 0.3418
vn -0.8676 -0.4019 0.2927
vn 0.1778 0.9826 0.0530
vn 0.0798 0.9946 0.0666
vn -0.0217 0.9984 -0.0515
vn -0.0247 0.9997 0.0013
vn -0.0146 0.9999 0.0061
vn -0.0118 0.9999 0.0083
vn 0.0874 0.9961 0.0085
vn 0.3431 0.9362 -0.0765
vn 0.1494 -0.9474 0.2830
vn -0.1209 -0.9362 0.3301
vn -0.1877 -0.6837 0.7052
vn -0.0365 -0.6135 0.7888
vn 0.1515 -0.7383 0.6572
vn 0.5366 -0.8369 -0.1081
vn 0.3785 -0.1011 0.9201
vn 0.0372 -0.3995 0.9160
vn -0.1747 -0.3836 0.9068
vn -0.1008 -0.3977 0.9120
vn 0.0031 -0.4037 0.9149
vn 0.9840 -0.1779 0.0000
vn 0.8320 -0.3538 -0.4274
vn 0.3785 -0.1011 -0.9201
vn 0.0372 -0.3995 -0.9160
vn -0.1747 -0.3836 -0.9068
vn -0.1008 -0.3977 -0.9120
vn 0.0130 -0.1359 -0.9906
vn 0.4811 0.2141 -0.8501
vn 0.4357 -0.1494 -0.8876
vn 0.6446 -0.2581 -0.7196
vn 0.6516 -0.6422 -0.4037
vn 0.7597 -0.6480 0.0536
vn 0.1325 -0.9879 0.0809
vn -0.1497 -0.5847 0.7973
vn -0.2818 -0.8577 0.4301
vn -0.4289 -0.5474 0.7186
vn -0.5100 -0.7863 0.3486
vn -0.5726 -0.5027 0.6477
vn -0.5264 -0.4689 0.7092
vn 0.3540 -0.4075 -0.8418
vn -0.0175 -0.6904 -0.7232
vn -0.1223 -0.6810 -0.7220
vn 0.3688 -0.4252 -0.8265
vn 0.4279 -0.0406 -0.9029
vn 0.5804 -0.2105 -0.7867
vn 0.8543 0.2035 -0.4782
vn -0.8533 0.2614 -0.4511
vn -0.9529 0.3034 0.0012
vn -0.8656 0.3908 0.3132
vn 0.4995 -0.8520 -0.1572
vn -0.0000 -0.9914 -0.1305
vn 0.4873 -0.8661 0.1116
vn -0.0090 -0.9905 0.1375
vn 0.4404 -0.8181 0.3698
vn -0.0173 -0.9195 0.3926
vn 0.3639 -0.7145 0.5975
vn -0.0241 -0.7878 0.6154
vn 0.2655 -0.5665 0.7801
vn -0.0293 -0.6103 0.7917
vn 0.1546 -0.3896 0.9079
vn -0.0324 -0.4114 0.9109
vn -0.0000 -0.1305 0.9914
vn -0.1246 -0.3404 0.9320
vn -0.2340 -0.2959 0.9261
vn -0.2308 -0.5122 0.8273
vn -0.4198 -0.3867 0.8211
vn -0.3337 -0.6704 0.6627
vn -0.5948 -0.4612 0.6585
vn -0.4182 -0.7897 0.4489
vn -0.7365 -0.5078 0.4469
vn -0.4755 -0.8570 0.1989
vn -0.8304 -0.5203 0.1994
vn -0.4995 -0.8636 -0.0687
vn -0.8660 -0.4957 -0.0653
vn -0.4873 -0.8077 -0.3319
vn -0.8371 -0.4252 -0.3441
vn -0.4506 -0.7016 -0.5520
vn -0.7378 -0.2961 -0.6067
vn -0.4477 -0.5793 -0.6812
vn -0.6893 -0.2345 -0.6855
vn -0.3711 -0.5549 -0.7446
vn 0.7350 0.5027 -0.4549
vn 0.8303 0.5182 -0.2050
vn 0.8660 0.4957 0.0653
vn 0.8394 0.4355 0.3253
vn 0.7538 0.3452 0.5592
vn 0.3885 0.4923 0.7789
vn 0.6189 0.2336 0.7499
vn 0.2929 0.3086 0.9050
vn 0.4491 0.1107 0.8866
vn 0.1546 0.1413 0.9778
vn 0.2664 -0.0095 0.9638
vn 0.2492 -0.1264 0.9602
vn 0.2664 -0.2403 0.9334
vn 0.4616 -0.1158 0.8795
vn 0.4491 -0.3364 0.8277
vn 0.6676 -0.0972 0.7382
vn 0.6189 -0.4197 0.6639
vn 0.8364 -0.0715 0.5434
vn 0.7538 -0.4782 0.4508
vn 0.9510 -0.0403 0.3064
vn 0.8394 -0.5048 0.2015
vn 0.9990 -0.0058 0.0442
vn 0.8660 -0.4957 -0.0653
vn 0.9721 0.0306 -0.2325
vn 0.8224 -0.4465 -0.3526
vn 0.8646 0.0533 -0.4996
vn 0.6985 -0.3462 -0.6263
vn 0.6673 -0.3090 -0.6776
vn 0.0504 -0.6159 -0.7862
vn 0.4043 -0.5429 -0.7361
vn 0.0588 0.8109 -0.5823
vn -0.2603 0.7584 -0.5976
vn -0.5186 0.5302 -0.6707
vn -0.6781 0.4117 -0.6088
vn -0.7197 0.1746 -0.6719
vn -0.7679 0.0112 -0.6405
vn -0.8024 0.0337 -0.5958
vn -0.9436 0.0367 -0.3289
vn -0.9990 0.0058 -0.0442
vn -0.9747 -0.0292 0.2217
vn -0.8809 -0.0618 0.4693
vn -0.7279 -0.0895 0.6798
vn -0.5310 -0.1106 0.8401
vn -0.3092 -0.1241 0.9429
vn 0.2691 -0.3378 0.9019
vn 0.1999 -0.4145 0.8878
vn 0.4192 0.3559 0.8352
vn 0.4453 0.5653 0.6943
vn 0.4791 0.6275 0.6138
vn -0.0782 0.6562 0.7505
vn -0.1090 0.5793 0.8078
vn 0.3835 0.9220 0.0535
vn 0.6267 0.7750 0.0818
vn 0.7564 0.6526 0.0447
vn 0.8922 0.4424 -0.0906
vn 0.9789 0.1288 -0.1584
vn 0.9770 -0.0754 -0.1994
vn 0.9525 -0.2174 -0.2131
vn 0.2884 0.7420 -0.6052
vn 0.0588 0.8109 -0.5823
vn -0.2603 0.7584 -0.5976
vn -0.9582 -0.1973 -0.2073
vn -0.9844 -0.0272 -0.1740
vn -0.9656 0.2326 -0.1161
vn -0.8590 0.5120 -0.0018
vn -0.7753 0.6312 0.0220
vn -0.6539 0.7566 0.0041
vn 0.3210 0.5986 -0.7339
vn 0.3187 0.4863 -0.8136
vn 0.2683 0.6789 -0.6835
vn 0.2949 0.6158 -0.7306
vn 0.3420 0.2902 -0.8938
vn 0.1010 -0.0943 -0.9904
vn 0.2489 -0.2057 0.9464
vn 0.5907 -0.2757 0.7583
vn 0.6360 -0.2532 0.7290
vn 0.4751 -0.3744 0.7963
vn 0.0322 -0.4503 0.8923
vn -0.4345 -0.3597 0.8257
vn -0.6218 -0.2272 0.7495
vn -0.5787 -0.2876 0.7632
vn 0.1142 0.9816 -0.1533
vn 0.2279 0.8896 -0.3958
vn 0.3210 0.5986 -0.7339
vn 0.3187 0.4863 -0.8136
vn 0.2683 0.6789 -0.6835
vn 0.2949 0.6158 -0.7306
vn 0.3420 0.2902 -0.8938
vn 0.3184 -0.1512 -0.9358
vn 0.2090 -0.4314 -0.8776
vn -0.2295 -0.9422 0.2441
vn -0.2589 -0.8405 0.4759
vn 0.2117 0.9522 0.2204
vn 0.0703 0.9955 -0.0635
vn 0.0897 0.9712 -0.2207
vn 0.3339 -0.1314 -0.9334
vn 0.3668 -0.7486 -0.5523
vn 0.1693 -0.9838 -0.0592
vn 0.0054 -0.9908 0.1355
vn 0.0502 0.0353 0.9981
vn -0.0972 0.9923 -0.0764
vn -0.0569 0.9556 -0.2891
vn -0.0497 -0.1365 -0.9894
vn -0.2795 -0.7244 -0.6302
vn -0.4889 -0.8723 -0.0055
vn -0.4628 -0.8717 0.1613
vn -0.1155 0.9564 0.2681
vn -0.3630 0.6764 0.6408
vn -0.5744 0.5494 0.6068
vn -0.6050 0.4090 0.6832
vn -0.6167 0.2495 0.7466
vn -0.6229 0.0572 0.7802
vn -0.6131 -0.1878 0.7674
vn -0.5729 -0.4091 0.7102
vn -0.5273 0.8073 0.2649
vn -0.1853 0.5248 0.8308
vn 0.0266 0.6418 0.7664
vn -0.1238 0.8756 0.4668
vn 0.1835 0.7189 0.6705
vn 0.0551 0.9357 0.3485
vn 0.1954 0.7576 0.6228
vn 0.0083 0.9394 0.3428
vn -0.1038 0.9098 0.4019
vn -0.1487 0.8623 0.4841
vn -0.1462 0.8409 0.5211
vn -0.1416 0.8043 0.5771
vn -0.1091 0.9837 0.1428
vn -0.1143 0.9912 0.0673
vn 0.0027 1.0000 -0.0003
vn 0.0237 0.9997 -0.0026
vn 0.0116 0.9999 -0.0013
vn 0.0089 1.0000 -0.0010
vn -0.0649 0.9979 0.0072
vn -0.3787 0.6157 -0.6910
vn -0.2908 0.6262 -0.7234
vn -0.4247 0.8344 -0.3512
vn -0.7854 0.3808 -0.4880
vn -0.9630 0.2452 0.1118
vn -0.7053 -0.0013 0.7089
vn 0.0073 -0.0750 0.9972
vn -0.5728 -0.4346 0.6950
vn 0.1142 -0.6862 0.7184
vn 0.3842 -0.5537 0.7388
vn 0.2869 0.0674 0.9556
vn 0.5629 -0.4833 0.6704
vn 0.4257 0.1271 0.8959
vn 0.5404 -0.4370 0.7190
vn 0.4258 0.1418 0.8937
vn 0.4617 -0.4880 0.7407
vn 0.4110 0.0886 0.9073
vn 0.4622 -0.6162 0.6377
vn 0.4043 0.0614 0.9126
vn 0.4762 -0.2734 0.8357
vn 0.4011 -0.1029 0.9102
vn 0.5589 -0.3536 0.7501
vn 0.5717 -0.1417 0.8082
vn 0.6147 -0.7689 0.1761
vn 0.8514 -0.1204 0.5105
vn 0.8980 -0.3610 0.2514
vn 0.9418 0.0083 0.3360
vn 0.6823 0.3991 0.6126
vn 0.2117 0.9522 0.2204
vn 0.0062 0.9824 -0.1867
vn -0.0559 0.9885 -0.1406
vn 0.0114 0.9997 0.0222
vn 0.0087 0.9990 -0.0443
vn 0.0291 0.9996 -0.0016
vn 0.0123 0.9999 0.0076
vn 0.0075 0.9999 0.0143
vn -0.0914 0.9958 -0.0057
vn -0.3644 0.9240 -0.1155
vn -0.8525 0.3863 -0.3523
vn -0.7955 -0.3421 -0.5002
vn 0.3992 0.2503 -0.8820
vn 0.2147 0.1976 -0.9565
vn 0.3339 -0.1314 -0.9334
vn 0.3668 -0.7486 -0.5523
vn 0.1228 -0.9887 -0.0859
vn -0.4399 -0.8350 -0.3307
vn -0.2983 -0.8749 -0.3815
vn 0.0346 -0.9327 -0.3589
vn 0.2544 -0.9131 -0.3186
vn 0.2110 -0.9208 -0.3281
vn -0.0201 -0.9425 -0.3336
vn -0.4580 -0.7223 -0.5181
vn -0.7842 -0.6149 -0.0833
vn -0.8827 -0.3422 0.3220
vn -0.1793 0.9829 -0.0428
vn -0.0769 0.9950 -0.0644
vn 0.0217 0.9984 0.0515
vn 0.0247 0.9997 -0.0013
vn 0.0146 0.9999 -0.0061
vn 0.0118 0.9999 -0.0083
vn -0.0874 0.9961 -0.0085
vn -0.3431 0.9362 0.0765
vn 0.1454 -0.7159 0.6829
vn 0.1747 -0.3836 0.9068
vn 0.2060 -0.6003 0.7728
vn 0.1008 -0.3977 0.9120
vn 0.0447 -0.6906 0.7219
vn -0.0031 -0.4037 0.9149
vn -0.3263 -0.7039 0.6309
vn -0.6622 0.0896 -0.7440
vn -0.4084 -0.9128 0.0000
vn -0.1741 -0.9847 0.0000
vn 0.0646 -0.9979 0.0000
vn 0.1482 -0.9890 -0.0000
vn 0.0904 -0.8460 0.5255
vn -0.0509 -0.9987 0.0000
vn -0.5543 -0.8323 -0.0067
vn -0.2471 -0.9690 -0.0094
vn -0.4689 -0.7467 -0.4718
vn -0.0528 -0.9467 -0.3177
vn 0.1454 -0.7159 -0.6829
vn 0.2060 -0.6003 -0.7728
vn 0.0447 -0.6906 -0.7219
vn -0.3265 -0.7084 -0.6257
vn -0.8285 -0.2658 -0.4929
vn -0.3349 0.0078 -0.9422
vn -0.0372 -0.3995 -0.9160
vn 0.1747 -0.3836 -0.9068
vn 0.1008 -0.3977 -0.9120
vn -0.0034 -0.0329 -0.9995
vn -0.2912 0.1299 0.9478
vn -0.0188 -0.3790 0.9252
vn 0.2378 -0.3793 0.8942
vn -0.1286 0.1246 -0.9838
vn 0.3842 -0.5537 0.7388
vn 0.1142 -0.6862 0.7184
vn -0.4811 0.2141 -0.8501
vn -0.2908 0.6262 -0.7234
vn -0.3787 0.6157 -0.6910
vn -0.0236 0.0974 -0.9950
vn 0.0685 -0.3970 -0.9152
vn 0.1711 -0.3899 -0.9048
vn 0.2292 -0.3760 -0.8978
vn 0.0674 -0.3859 -0.9201
vn -0.2657 0.0256 -0.9637
vn -0.7955 -0.3421 -0.5002
vn -0.9790 -0.1751 -0.1039
vn -0.7505 0.4711 -0.4635
vn -0.8394 0.5048 -0.2015
vn -0.8660 0.4957 0.0653
vn -0.8304 0.4509 0.3273
vn -0.7365 0.3749 0.5631
vn -0.5948 0.2750 0.7554
vn -0.3810 0.4663 0.7983
vn -0.4198 0.1610 0.8932
vn -0.2340 0.0462 0.9711
vn 0.1148 0.6375 0.7619
vn 0.1245 0.5720 0.8108
vn 0.0978 0.1982 0.9753
vn 0.0499 -0.3970 0.9164
vn -0.0023 -0.3386 0.9409
vn -0.0698 -0.3389 0.9382
vn 0.0248 -0.3416 0.9395
vn -0.1028 -0.3402 0.9347
vn 0.0014 -0.3037 0.9528
vn 0.3016 -0.3544 0.8851
vn 0.1763 -0.4493 0.8758
vn 0.0889 -0.4407 0.8932
vn 0.0633 -0.5312 0.8449
vn -0.8463 -0.2718 0.4581
vn -0.3177 -0.3119 0.8954
vn 0.1094 -0.3055 0.9459
vn 0.5285 -0.3331 0.7808
vn 0.8935 -0.2815 0.3498
vn 0.9776 -0.2102 -0.0116
vn 0.9102 -0.1671 -0.3789
vn 0.4078 -0.1201 -0.9051
vn -0.1026 -0.1403 -0.9848
vn -0.2880 -0.1589 -0.9444
vn -0.9562 -0.1905 -0.2223
vn -0.9768 -0.2050 0.0619
vn -0.9639 -0.2551 0.0761
vn -0.7981 -0.3651 0.4793
vn -0.4490 -0.3913 0.8033
vn -0.0598 -0.3789 0.9235
vn 0.4307 -0.3836 0.8169
vn 0.7958 -0.3542 0.4911
vn 0.9523 -0.2715 0.1396
vn 0.9415 -0.2052 -0.2674
vn 0.8499 -0.1774 -0.4962
vn 0.0626 -0.1322 -0.9892
vn -0.3157 -0.1615 -0.9350
vn -0.9282 -0.2148 -0.3038
vn 0.1182 -0.4459 0.8873
vn -0.0514 -0.7305 0.6809
vn 0.4584 -0.7210 0.5197
vn 0.7173 -0.4409 0.5395
vn 0.6985 -0.7138 0.0502
vn 0.8918 -0.4380 -0.1134
vn 0.5276 -0.7235 -0.4452
vn 0.5547 -0.4430 -0.7043
vn 0.0514 -0.7305 -0.6809
vn -0.1182 -0.4459 -0.8872
vn -0.4585 -0.7209 -0.5197
vn -0.7173 -0.4409 -0.5395
vn -0.6985 -0.7138 -0.0502
vn -0.8918 -0.4380 0.1134
vn -0.5276 -0.7235 0.4452
vn -0.5548 -0.4429 0.7043
vn -0.0581 -0.9311 0.3602
vn 0.2200 -0.9289 0.2979
vn 0.3792 -0.9234 0.0588
vn 0.3075 -0.9258 -0.2199
vn 0.0581 -0.9311 -0.3602
vn -0.2200 -0.9289 -0.2979
vn -0.3792 -0.9234 -0.0588
vn -0.3075 -0.9258 0.2199
vn -0.5222 0.6181 0.5876
vn 0.0559 0.6260 0.7778
vn 0.5984 0.6193 0.5083
vn 0.7894 0.6115 -0.0541
vn 0.5222 0.6181 -0.5876
vn -0.0559 0.6260 -0.7778
vn -0.5984 0.6193 -0.5083
vn -0.7894 0.6115 0.0541
vn -0.2913 0.9552 0.0520
vn -0.1674 0.9569 0.2372
vn 0.0531 0.9571 0.2850
vn 0.2445 0.9554 0.1658
vn 0.2913 0.9552 -0.0520
vn 0.1674 0.9569 -0.2372
vn -0.0531 0.9571 -0.2850
vn -0.2446 0.9554 -0.1658
vn -0.8491 -0.1006 -0.5185
vn -0.8025 0.0000 -0.5967
vn -0.9820 0.0000 -0.1889
vn -0.9821 -0.1122 -0.1513
vn -0.9999 0.0000 0.0137
vn -0.9945 -0.1032 0.0180
vn -0.9987 0.0000 -0.0512
vn -0.9909 -0.1002 -0.0904
vn -0.9838 0.0000 -0.1792
vn -0.9844 -0.0970 -0.1471
vn -0.9962 0.0000 0.0873
vn -0.9809 -0.1228 0.1511
vn -0.8519 0.0000 0.5238
vn -0.8126 -0.1353 0.5669
vn -0.5100 0.0000 0.8602
vn -0.4466 -0.1362 0.8843
vn -0.0814 0.0000 0.9967
vn -0.0095 -0.1095 0.9939
vn 0.3642 0.0000 0.9313
vn 0.4065 -0.1333 0.9039
vn 0.7682 0.0000 0.6402
vn 0.7990 -0.1489 0.5826
vn 0.9707 0.0000 0.2403
vn 0.9780 -0.1315 0.1618
vn 0.9943 -0.0005 -0.1067
vn 0.9832 -0.1170 -0.1399
vn 0.9885 -0.0005 -0.1509
vn 0.9902 -0.0901 -0.1064
vn 0.9997 0.0000 0.0252
vn 0.9930 -0.1153 0.0256
vn 0.9945 0.0000 -0.1047
vn 0.9835 -0.1051 -0.1473
vn 0.9094 0.0000 -0.4160
vn 0.8640 -0.1157 -0.4900
vn 0.4992 0.0000 -0.8665
vn 0.4347 -0.0876 -0.8963
vn 0.0821 0.0000 -0.9966
vn 0.0066 -0.0703 -0.9975
vn -0.3643 0.0000 -0.9313
vn -0.4153 -0.0776 -0.9064
vn 0.0000 -1.0000 0.0000
vn 0.0000 -1.0000 0.0000
vn 0.0000 -1.0000 0.0000
vn 0.0000 -1.0000 0.0000
vn 0.0000 -1.0000 0.0000
vn 0.0000 -1.0000 0.0000
vn 0.0000 -1.0000 0.0000
vn 0.0000 -1.0000 0.0000
vn 0.0000 -1.0000 0.0000
vn 0.0000 -1.0000 0.0000
vn 0.0000 -1.0000 0.0000
vn 0.0000 -1.0000 0.0000
vn 0.0000 -1.0000 0.0000
vn 0.0000 -1.0000 0.0000
vn 0.0000 -1.0000 0.0000
vn 0.0000 -1.0000 0.0000
vn 0.0000 -1.0000 0.0000
vn 0.0000 -1.0000 0.0000
vn 0.0000 -1.0000 0.0000
vn 0.0000 -1.0000 0.0000
vn 0.9379 0.3046 -0.1658
vn 0.7661 0.3899 -0.5109
vn 0.3903 0.4055 -0.8266
vn -0.0051 0.4158 -0.9094
vn -0.4034 0.4143 -0.8159
vn -0.8026 0.3943 -0.4476
vn -0.9284 0.3396 -0.1509
vn -0.9637 0.2671 -0.0028
vn -0.9558 0.2792 -0.0923
vn 0.4238 -0.0657 0.9034
vn 0.7990 -0.1489 0.5826
vn 0.4065 -0.1333 0.9039
vn -0.9821 -0.1122 -0.1513
vn -0.9835 0.0871 -0.1585
vn -0.8447 0.0745 -0.5300
vn -0.8491 -0.1006 -0.5185
vn -0.4225 0.1014 -0.9007
vn -0.4153 -0.0776 -0.9064
vn 0.0258 0.0912 -0.9955
vn 0.0066 -0.0703 -0.9975
vn 0.4231 0.1040 -0.9001
vn 0.4347 -0.0876 -0.8963
vn 0.8651 0.0927 -0.4930
vn 0.8640 -0.1157 -0.4900
vn 0.9867 0.0623 -0.1504
vn 0.9835 -0.1051 -0.1473
vn 0.9930 -0.1153 0.0256
vn 0.9902 -0.0901 -0.1064
vn 0.9832 -0.1170 -0.1399
vn 0.9780 -0.1315 0.1618
vn -0.9974 0.0690 0.0221
vn -0.9935 0.0667 -0.0919
vn -0.9872 0.0450 -0.1527
vn -0.9903 0.0563 0.1272
vn -0.8373 0.0077 0.5466
vn -0.4561 -0.0543 0.8883
vn -0.0125 -0.0556 0.9984
vn -0.9945 -0.1032 0.0180
vn -0.9909 -0.1002 -0.0904
vn -0.9844 -0.0970 -0.1471
vn -0.9809 -0.1228 0.1511
vn -0.8126 -0.1353 0.5669
vn -0.4466 -0.1362 0.8843
vn -0.0095 -0.1095 0.9939
vn 0.4204 -0.3828 0.8227
vn 0.6075 -0.1769 -0.7743
vn -0.0241 -0.1225 -0.9922
vn -0.5917 -0.1386 -0.7941
vn -0.9245 -0.1746 -0.3389
vn -0.9726 -0.2259 0.0543
vn -0.9706 -0.2393 -0.0265
vn -0.8809 -0.1857 -0.4354
vn -0.8844 -0.1482 -0.4426
vn 0.1465 -0.1574 -0.9766
vn 0.7654 -0.2156 -0.6063
vn 0.9528 -0.2208 -0.2085
vn 0.9537 -0.2640 0.1439
vn 0.7069 -0.3764 0.5988
vn -0.0514 -0.7305 0.6809
vn 0.1182 -0.4459 0.8873
vn -0.5547 -0.4429 0.7043
vn -0.5276 -0.7235 0.4452
vn -0.8918 -0.4380 0.1134
vn -0.6985 -0.7138 -0.0502
vn -0.7173 -0.4409 -0.5395
vn -0.4584 -0.7210 -0.5197
vn -0.1182 -0.4459 -0.8872
vn 0.0514 -0.7305 -0.6809
vn 0.5548 -0.4429 -0.7043
vn 0.5276 -0.7235 -0.4452
vn 0.8918 -0.4380 -0.1134
vn 0.6985 -0.7138 0.0502
vn 0.7173 -0.4408 0.5395
vn 0.4585 -0.7209 0.5197
vn -0.0581 -0.9311 0.3602
vn -0.3075 -0.9258 0.2199
vn -0.3792 -0.9234 -0.0588
vn -0.2200 -0.9289 -0.2979
vn 0.0581 -0.9311 -0.3602
vn 0.3075 -0.9258 -0.2199
vn 0.3792 -0.9234 0.0588
vn 0.2200 -0.9289 0.2979
vn 0.5984 0.6193 0.5083
vn 0.0559 0.6260 0.7778
vn -0.5222 0.6181 0.5876
vn -0.7894 0.6115 0.0541
vn -0.5984 0.6193 -0.5083
vn -0.0559 0.6260 -0.7778
vn 0.5222 0.6181 -0.5876
vn 0.7894 0.6115 -0.0541
vn 0.2913 0.9552 -0.0520
vn 0.2445 0.9554 0.1658
vn 0.0531 0.9571 0.2850
vn -0.1674 0.9569 0.2372
vn -0.2913 0.9552 0.0520
vn -0.2446 0.9554 -0.1658
vn -0.0531 0.9571 -0.2850
vn 0.1674 0.9569 -0.2372
vn 0.9842 -0.1015 -0.1454
vn 0.9945 0.0000 -0.1047
vn 0.9094 0.0000 -0.4160
vn 0.8640 -0.1157 -0.4900
vn 0.4992 0.0000 -0.8665
vn 0.4347 -0.0876 -0.8963
vn 0.0821 0.0000 -0.9966
vn 0.0066 -0.0703 -0.9975
vn -0.3643 0.0000 -0.9313
vn -0.4153 -0.0776 -0.9064
vn -0.8025 0.0000 -0.5967
vn -0.8491 -0.1006 -0.5185
vn -0.9820 0.0000 -0.1889
vn -0.9821 -0.1122 -0.1513
vn -0.9999 0.0000 0.0137
vn -0.9936 -0.1117 0.0160
vn -0.9987 0.0000 -0.0512
vn -0.9905 -0.1051 -0.0885
vn -0.9838 -0.0006 -0.1794
vn -0.9844 -0.0970 -0.1471
vn -0.9962 -0.0001 0.0872
vn -0.9809 -0.1228 0.1510
vn -0.8519 0.0000 0.5238
vn -0.8126 -0.1353 0.5669
vn -0.5100 0.0000 0.8602
vn -0.4466 -0.1362 0.8843
vn -0.0814 0.0000 0.9967
vn -0.0095 -0.1095 0.9939
vn 0.3642 0.0000 0.9313
vn 0.4065 -0.1333 0.9039
vn 0.7682 0.0000 0.6402
vn 0.7990 -0.1489 0.5826
vn 0.9707 0.0000 0.2403
vn 0.9780 -0.1315 0.1619
vn 0.9943 0.0000 -0.1068
vn 0.9832 -0.1170 -0.1399
vn 0.9886 0.0000 -0.1508
vn 0.9902 -0.0903 -0.1063
vn 0.9997 0.0000 0.0252
vn 0.9940 -0.1070 0.0237
vn 0.0000 -1.0000 0.0000
vn 0.0000 -1.0000 0.0000
vn 0.0000 -1.0000 0.0000
vn 0.0000 -1.0000 0.0000
vn 0.0000 -1.0000 0.0000
vn 0.0000 -1.0000 0.0000
vn 0.0000 -1.0000 0.0000
vn 0.0000 -1.0000 0.0000
vn 0.0000 -1.0000 0.0000
vn 0.0000 -1.0000 0.0000
vn 0.0000 -1.0000 0.0000
vn 0.0000 -1.0000 0.0000
vn 0.0000 -1.0000 0.0000
vn 0.0000 -1.0000 0.0000
vn 0.0000 -1.0000 0.0000
vn 0.0000 -1.0000 0.0000
vn 0.0000 -1.0000 0.0000
vn 0.0000 -1.0000 0.0000
vn 0.0000 -1.0000 0.0000
vn 0.0000 -1.0000 0.0000
vn 0.8918 0.4380 0.1134
vn 0.7173 0.4409 -0.5395
vn 0.1182 0.4459 -0.8872
vn -0.5547 0.4430 -0.7043
vn -0.8918 0.4380 -0.1134
vn -0.7173 0.4409 0.5395
vn -0.8918 0.4380 -0.1134
vn -0.5548 0.4429 -0.7043
vn 0.1182 0.4459 -0.8872
vn 0.8918 0.4380 0.1134
vn 0.5547 0.4429 0.7043
vn -0.8952 -0.2112 -0.3925
vn 0.1901 -0.1083 -0.9758
vn 0.0904 -0.8460 -0.5255
vn 0.2387 -0.3753 -0.8956
vn 0.1247 -0.3966 -0.9095
vn -0.5102 0.8005 -0.3145
vn 0.2924 0.2888 0.9117
vn -0.4680 0.8261 -0.3139
vn 0.2761 0.3834 0.8814
vn -0.3187 0.8601 -0.3982
vn -0.5120 -0.2374 0.8255
vn 0.0030 0.2384 -0.9712
vn 0.0566 0.2386 0.9695
vn 0.9538 -0.2381 -0.1831
vn -0.7173 0.4408 0.5395
vn 0.0673 -0.9397 -0.3354
vn 0.7173 0.4409 -0.5395
vn -0.0536 -0.9330 -0.3560
vn -0.2604 -0.8634 -0.4321
vn -0.1153 -0.9180 -0.3795
vn 0.1761 0.5959 -0.7835
vn -0.2885 -0.0725 -0.9547
vn -0.5116 -0.4668 0.7213
vn -0.0763 -0.5876 0.8055
vn 0.9381 0.2052 0.2792
vn 0.9896 0.1104 0.0921
vn 0.0835 0.5833 0.8079
vn 0.5548 0.4429 0.7043
vn -0.1479 0.3310 -0.9320
vn -0.2048 0.6784 0.7056
vn -0.9254 -0.2326 0.2992
vn -0.0080 -0.2924 0.9563
vn 0.1290 -0.3900 -0.9117
vn 0.0387 0.9414 -0.3349
vn 0.2032 0.7833 0.5875
vn -0.3688 -0.4252 -0.8265
vn 0.0975 -0.4343 -0.8955
vn 0.1558 0.8914 0.4256
vn -0.5555 -0.4848 0.6755
vn -0.4563 -0.1980 -0.8675
vn -0.2048 0.6784 0.7056
vn -0.2753 0.8603 0.4291
vn -0.1438 -0.3926 -0.9084
vn -0.9967 0.0634 -0.0502
vn -0.0391 0.9350 0.3526
vn -0.7297 -0.1268 0.6719
vn 0.2147 0.1976 -0.9565
vn 0.8065 -0.2213 -0.5483
vn 0.0013 -0.9733 -0.2295
vn -0.0105 0.9369 0.3495
vn -0.5574 0.2768 0.7827
vn -0.7890 -0.2123 0.5766
vn 0.2686 0.8866 -0.3765
vn 0.3695 0.8020 0.4693
vn -0.6622 0.0896 -0.7440
vn -0.6590 -0.1889 0.7280
vn -0.5240 0.0592 -0.8496
vn -0.5133 0.2162 0.8305
vn -0.5101 0.8005 -0.3146
vn -0.1290 -0.3900 -0.9117
vn -0.2048 0.6784 0.7055
vn 0.5686 -0.1066 0.8157
vn 0.8757 0.4819 -0.0305
vn -0.4151 -0.2398 0.8776
vn -0.6534 -0.7350 0.1812
vn -0.2763 0.0616 0.9591
vn -0.5424 0.0686 -0.8373
vn -0.0272 -0.3789 -0.9250
vn -0.1125 -0.2052 0.9722
vn -0.0129 -0.9750 -0.2218
vn -0.1460 0.4804 -0.8648
vn -0.8930 0.4440 -0.0730
vn 0.0929 0.2801 -0.9555
vn -0.2216 -0.3779 0.8989
vn -0.4304 0.6336 -0.6429
vn -0.1137 0.2606 -0.9587
vn 0.0946 -0.3859 0.9177
vn -0.7769 -0.1746 0.6050
vn 0.2976 -0.1727 0.9389
vn -0.6130 0.2527 0.7486
vn -0.1665 0.9817 -0.0927
vn 0.0839 0.2879 -0.9540
vn 0.0623 -0.3373 0.9393
vn 0.9308 -0.2110 0.2984
vn 0.0668 0.5013 0.8627
vn 0.0025 0.9319 0.3626
vn -0.1127 -0.9223 0.3698
vn 0.1026 -0.3120 0.9445
vn -0.5465 0.3651 -0.7537
vn 0.9274 -0.1688 0.3339
vn 0.9281 -0.0397 -0.3703
vn 0.9281 -0.0397 -0.3703
vn -0.0659 -0.3969 0.9155
vn -0.7026 -0.5946 0.3909
vn 0.6621 0.0897 -0.7440
vn 0.6590 -0.1889 0.7280
vn -0.1073 0.9272 0.3589
vn 0.2216 0.0243 0.9748
vn -0.1687 0.9849 0.0383
vn 0.7069 -0.3769 0.5985
vn 0.5101 0.8005 -0.3146
vn -0.1182 0.4459 0.8873
vn -0.2875 0.6976 0.6563
vn 0.8569 -0.2041 0.4733
vn 0.3360 -0.3181 0.8865
vn 0.9721 0.1760 -0.1549
vn 0.2216 -0.3779 0.8989
vn -0.2403 -0.1466 0.9596
vn 0.2875 0.6976 0.6563
vn -0.8569 -0.2041 0.4733
vn 0.4499 -0.5207 0.7256
vn 0.3902 0.3312 0.8591
vn -0.0239 0.9414 -0.3365
vn -0.9381 0.2052 0.2792
vn -0.9368 0.2984 0.1826
vn 0.5856 0.4988 0.6390
vn 0.4192 -0.3707 -0.8288
vn 0.0537 0.0903 0.9945
vn 0.2104 0.9077 -0.3632
vn 0.4954 -0.3435 0.7979
vn 0.0862 -0.9438 0.3191
vn -0.3865 0.4965 0.7773
vn 0.0299 -0.2897 0.9567
vn 0.2763 0.0616 0.9591
vn 0.4157 -0.5571 -0.7189
vn 0.2332 -0.8727 -0.4289
vn -0.0760 0.2834 -0.9560
vn 0.0638 -0.5813 0.8112
vn 0.0000 0.0903 0.9959
vn -0.2558 0.7499 0.6101
vn -0.1106 -0.3169 0.9420
vn 0.5107 0.6828 -0.5225
vn 0.0058 0.9935 0.1135
vn 0.5162 0.2136 -0.8294
vn -0.0812 -0.9352 -0.3446
vn -0.0227 0.9406 0.3388
vn 0.2129 -0.9558 -0.2030
vn 0.2753 0.8603 0.4291
vn -0.2722 -0.9428 -0.1924
vn -0.2477 -0.1283 -0.9603
vn -0.3314 0.2547 -0.9084
vn 0.5408 -0.1330 0.8306
vn -0.5210 -0.0863 -0.8492
vn -0.4703 -0.5088 0.7210
vn -0.2050 0.9781 -0.0372
vn 0.9975 0.0707 0.0093
vn -0.4840 -0.1677 -0.8588
vn 0.8999 0.2242 -0.3742
vn 0.1964 0.9640 0.1792
vn 0.9354 0.3007 -0.1861
vn -0.3902 0.7921 -0.4694
vn -0.0564 0.2016 -0.9778
vn 0.5264 0.4500 -0.7214
vn -0.5897 0.5606 0.5813
vn -0.7472 -0.5794 0.3255
vn 0.0822 -0.9274 -0.3649
vn 0.8666 0.4772 0.1460
vn 0.8666 0.4772 0.1460
vn 0.1894 -0.3479 0.9182
vn -0.7988 -0.3976 0.4515
vn 0.1558 -0.4505 -0.8791
vn -0.1524 -0.9325 -0.3274
vn 0.6463 0.4449 -0.6200
vn 0.0105 0.9369 0.3495
vn -0.0537 0.0901 0.9945
vn -0.3148 0.8893 -0.3317
vn -0.1489 -0.3718 -0.9163
vn 0.6405 0.6518 -0.4061
vn -0.6405 0.6518 -0.4061
vn -0.3637 0.6683 -0.6489
vn -0.0341 -0.9338 0.3562
vn 0.4713 0.0343 -0.8813
vn 0.4549 0.5716 -0.6829
vn -0.4549 0.5716 -0.6829
vn 0.9286 -0.2321 0.2895
vn 0.9919 -0.0354 -0.1219
vn 0.0659 -0.3969 0.9155
vn -0.4907 0.8209 -0.2922
vn -0.0180 -0.8860 -0.4634
vn -0.8015 -0.5855 0.1215
vn -0.8543 -0.3048 -0.4211
vn -0.4589 0.8088 -0.3678
vn -0.4414 -0.5183 0.7325
vn -0.2686 0.8866 -0.3765
vn 0.0120 -0.7030 -0.7111
vn -0.2948 0.0547 0.9540
vn -0.2977 0.1937 -0.9348
vn 0.5133 0.2162 0.8306
vn -0.0962 -0.3967 -0.9129
vn -0.9182 -0.0524 -0.3927
vn -0.2048 0.6784 0.7055
vn -0.1716 0.4116 -0.8951
vn -0.4130 0.6514 0.6365
vn -0.0537 0.0903 0.9945
vn 0.1362 -0.9420 -0.3067
vn 0.1518 0.4939 -0.8561
vn 0.0033 0.9385 0.3453
vn 0.2412 0.7853 0.5702
vn -0.0585 -0.2844 0.9569
vn -0.2025 0.5749 0.7928
vn -0.0310 0.9370 0.3479
vn 0.1719 0.8378 0.5181
vn -0.4263 0.8335 0.3514
vn -0.1156 -0.0636 -0.9913
vn 0.1894 -0.2763 -0.9422
vn 0.0906 0.6738 -0.7333
vn 0.0831 -0.9352 0.3442
vn -0.5046 0.6192 -0.6017
vn 0.4206 -0.1969 -0.8856
vn 0.4578 0.8153 -0.3546
vn 0.6130 0.2527 0.7486
vn -0.0156 -0.4346 0.9005
vn -0.9009 -0.1868 -0.3917
vn 0.0577 0.9594 0.2761
vn -0.2216 0.0243 0.9748
vn -0.2571 0.6510 -0.7142
vn -0.0571 0.9414 0.3325
vn -0.1894 -0.3479 0.9182
vn -0.0400 -0.3080 0.9506
vn 0.8464 0.0263 0.5319
vn -0.4645 -0.4309 0.7737
vn -0.5968 0.5072 -0.6217
vn 0.8543 -0.3048 -0.4211
vn 0.9926 -0.1054 -0.0596
vn -0.4357 -0.2508 -0.8644
vn -0.4828 -0.5005 -0.7186
vn 0.0321 0.9112 -0.4108
vn 0.0228 -0.2790 0.9600
vn 0.0620 -0.2920 0.9544
vn -0.2477 -0.9141 -0.3211
vn 0.6673 -0.3090 -0.6776
vn -0.9690 0.2359 0.0736
vn 0.4929 0.8051 -0.3300
vn -0.9896 0.1104 0.0921
vn -0.1478 0.5179 0.8426
vn -0.0265 -0.4180 0.9081
vn 0.4871 0.0130 -0.8732
vn -0.2133 0.4733 0.8547
vn -0.1621 -0.9164 0.3661
vn -0.4134 -0.5276 0.7421
vn 0.1392 0.8698 -0.4733
vn -0.1519 0.4152 0.8970
vn -0.2437 0.6917 -0.6799
vn -0.4983 0.8610 -0.1020
vn -0.5222 -0.4491 -0.7250
vn 0.1528 -0.9438 0.2932
vn -0.0068 0.9927 0.1204
vn 0.1593 0.2641 -0.9512
vn -0.2472 -0.9150 0.3189
vn 0.0385 -0.4938 -0.8687
vn -0.6096 0.5145 -0.6031
vn 0.3865 0.4965 0.7773
vn -0.7859 -0.6146 0.0676
vn 0.5240 -0.1097 0.8446
vn 0.3842 -0.5229 -0.7609
vn -0.5686 -0.1066 0.8157
vn -0.9354 0.3007 -0.1861
vn 0.3902 0.7921 -0.4694
vn 0.2403 -0.1466 0.9596
vn -0.8464 0.0263 0.5319
vn 0.4645 -0.4309 0.7737
vn 0.1478 0.5179 0.8426
vn 0.5301 0.7574 0.3812
vn 0.2499 0.3850 0.8885
vn -0.6698 0.2315 -0.7055
vn 0.2818 -0.8577 0.4301
vn 0.0266 -0.4223 0.9061
vn -0.0856 0.9297 0.3582
vn -0.2081 -0.9215 0.3278
vn -0.0403 0.9065 -0.4203
vn 0.2874 -0.0721 -0.9551
vn 0.2868 -0.0749 -0.9550
vn 0.2892 -0.0738 -0.9544
vn -0.1044 -0.0459 -0.9935
vn -0.1182 0.4459 0.8873
vn -0.5598 -0.4759 0.6783
vn -0.1026 -0.8654 0.4905
vn 0.1095 -0.3859 -0.9160
vn 0.2948 0.0547 0.9540
vn -0.0627 -0.5814 0.8112
vn -0.5260 0.4667 -0.7110
vn -0.2107 -0.1227 -0.9698
vn -0.0000 0.0903 0.9959
vn 0.2558 0.7499 0.6101
vn 0.7390 -0.6736 -0.0158
vn -0.0403 0.9065 -0.4203
vn -0.1639 0.5811 -0.7972
vn -0.7992 0.5043 -0.3269
vn -0.7444 -0.6136 -0.2635
vn -0.0783 -0.3046 -0.9493
vn 0.0783 -0.3046 -0.9493
vn 0.7444 -0.6136 -0.2635
vn -0.0528 -0.9467 0.3177
vn -0.1316 0.6897 -0.7120
vn -0.0534 0.5545 -0.8305
vn -0.1511 -0.3943 -0.9065
vn 0.0122 0.6690 -0.7431
vn -0.0122 0.6690 -0.7431
vn -0.7705 -0.6054 -0.1997
vn 0.7705 -0.6054 -0.1997
vn -0.7374 0.6729 0.0581
vn 0.0540 0.6088 -0.7915
vn -0.0027 -0.7201 -0.6938
vn -0.3012 -0.5542 0.7760
vn -0.2999 -0.6527 0.6958
vn -0.4880 -0.5089 0.7091
vn -0.4793 -0.5117 0.7130
vn 0.2563 0.4668 -0.8464
vn 0.0199 -0.4079 0.9128
vn 0.4302 0.4059 -0.8064
vn -0.5272 -0.1143 -0.8421
vn 0.4978 0.0940 0.8622
vn -0.9240 -0.1354 0.3577
vn -0.1247 -0.9216 -0.3676
vn -0.2860 -0.0783 -0.9550
vn -0.1687 0.9849 0.0383
vn 0.6474 -0.7617 0.0242
vn 0.2397 -0.2826 -0.9288
vn 0.4451 -0.8588 -0.2539
vn 0.2627 -0.3582 0.8959
vn -0.2213 0.8621 -0.4558
vn 0.1224 0.9290 -0.3493
vn -0.9975 0.0707 0.0093
vn -0.1319 -0.2913 0.9475
vn -0.0499 -0.3043 -0.9513
vn 0.7224 0.5153 0.4611
vn -0.7224 0.5153 0.4611
vn -0.0184 0.9201 0.3912
vn 0.2002 0.8543 0.4797
vn 0.0220 0.9915 0.1284
vn -0.0507 0.3962 0.9168
vn 0.1965 -0.9045 0.3784
vn -0.0221 0.9499 -0.3119
vn -0.1687 0.9849 0.0383
vn 0.1290 -0.3900 0.9117
vn -0.1438 -0.3926 0.9084
vn 0.0345 0.9613 -0.2733
vn 0.5574 0.2768 0.7827
vn 0.7890 -0.2123 0.5766
vn -0.1115 0.4065 0.9068
vn 0.3330 -0.0674 0.9405
vn 0.5293 0.1663 -0.8320
vn -0.0223 -0.9330 -0.3591
vn -0.1589 -0.9175 -0.3645
vn -0.0854 -0.7594 0.6450
vn -0.9894 -0.0912 -0.1129
vn 0.1039 0.8446 0.5252
vn 0.2694 -0.2148 0.9388
vn -0.5818 0.5101 0.6334
vn -0.3990 -0.4185 0.8159
vn -0.0374 0.9608 0.2747
vn 0.1319 -0.2913 0.9475
vn -0.1358 0.9649 0.2246
vn -0.0348 -0.9388 -0.3428
vn 0.1125 -0.2052 0.9722
vn -0.5880 -0.6062 -0.5355
vn 0.7302 0.1484 -0.6669
vn -0.6809 -0.7187 -0.1409
vn 0.0424 -0.5851 -0.8098
vn 0.1250 0.3170 0.9402
vn -0.9824 0.1313 -0.1331
vn -0.1387 0.9778 0.1570
vn -0.3360 -0.3181 0.8865
vn -0.0328 -0.4930 -0.8694
vn -0.5364 -0.8344 -0.1268
vn -0.1921 -0.5631 -0.8038
vn -0.1488 0.9305 -0.3347
vn -0.9951 -0.0742 -0.0658
vn 0.0391 0.9326 -0.3588
vn 0.0797 0.9524 -0.2941
vn 0.2164 -0.3804 -0.8991
vn -0.5453 -0.6571 -0.5205
vn -0.2150 0.9416 0.2593
vn 0.0537 0.0901 0.9945
vn 0.2104 0.9077 -0.3632
vn -0.1239 -0.9439 0.3060
vn -0.2254 -0.3789 -0.8976
vn -0.1687 -0.5747 0.8008
vn 0.0333 -0.3795 -0.9246
vn 0.4134 -0.5276 0.7421
vn -0.0922 0.2467 -0.9647
vn -0.0558 -0.5929 -0.8034
vn -0.0623 -0.3373 0.9393
vn -0.9948 0.0937 -0.0401
vn 0.2488 -0.3709 0.8947
vn 0.9240 -0.1354 0.3577
vn -0.9966 0.0035 -0.0825
vn -0.9502 0.3116 -0.0004
vn 0.4352 -0.2584 -0.8625
vn 0.0326 0.9422 -0.3334
vn 0.4732 0.8769 0.0841
vn -0.9770 -0.0630 0.2038
vn -0.9778 0.0245 0.2079
vn -0.3081 0.0077 -0.9513
vn -0.3859 0.0626 -0.9204
vn 0.9586 0.1593 0.2360
vn 0.0658 0.2198 -0.9733
vn 0.2851 0.0044 -0.9585
vn 0.2969 -0.5550 0.7771
vn 0.5735 -0.4702 0.6708
vn 0.4812 -0.5052 0.7163
vn -0.4752 0.8167 -0.3273
vn 0.4535 -0.5147 0.7276
vn -0.5200 0.7903 -0.3242
vn 0.7862 0.0127 -0.6178
vn 0.9017 0.1263 -0.4134
vn 0.9003 0.3344 -0.2785
vn 0.8426 0.5002 -0.1995
vn -0.1481 -0.4527 -0.8793
vn -0.6568 0.6747 -0.3369
vn -0.1010 -0.0943 -0.9904
vn -0.6893 -0.2345 -0.6855
vn 0.9690 0.2359 0.0736
vn -0.0523 0.2460 0.9678
vn 0.0950 0.9469 -0.3072
vn -0.9005 0.0286 0.4338
vn -0.8955 -0.1687 0.4119
vn -0.7348 -0.0679 0.6749
vn -0.7140 -0.2804 0.6415
vn -0.7526 0.5502 0.3617
vn -0.8039 0.4241 0.4170
vn -0.5954 0.5213 0.6113
vn -0.6669 0.3492 0.6583
vn 0.4544 0.3712 0.8098
vn 0.8322 0.3857 0.3984
vn 0.4790 0.5024 0.7199
vn 0.7980 0.5097 0.3216
vn 0.4748 0.1530 0.8667
vn 0.8890 0.1781 0.4218
vn 0.4632 -0.0652 0.8838
vn 0.8997 -0.0281 0.4355
vn 0.4326 -0.3041 0.8488
vn 0.8721 -0.2407 0.4260
vn 0.3606 -0.5722 0.7366
vn 0.7678 -0.5134 0.3833
vn 0.2460 -0.7233 0.6452
vn 0.6197 -0.6922 0.3698
vn -0.8381 -0.4027 0.3679
vn -0.6209 -0.5680 0.5403
vn 0.7680 -0.6377 0.0593
vn 0.9142 -0.3942 0.0939
vn 0.9797 -0.1644 0.1149
vn 0.9907 0.0302 0.1329
vn 0.9648 0.2170 0.1486
vn 0.8964 0.4120 0.1632
vn -0.7079 -0.6464 0.2846
vn -0.5545 -0.6894 0.4661
vn -0.8714 0.2172 0.4399
vn -0.7176 0.1440 0.6814
vn -0.1171 0.3683 0.9223
vn -0.0274 0.5024 0.8642
vn -0.1536 0.1517 0.9764
vn -0.1883 -0.0660 0.9799
vn -0.2015 -0.3076 0.9299
vn -0.1932 -0.5644 0.8026
vn -0.2330 -0.7162 0.6578
vn 0.8525 0.4929 0.1739
vn 0.9005 0.0286 0.4339
vn 0.7348 -0.0679 0.6749
vn 0.8954 -0.1687 0.4120
vn 0.7140 -0.2804 0.6415
vn 0.7526 0.5502 0.3617
vn 0.5954 0.5213 0.6114
vn 0.8039 0.4240 0.4170
vn 0.6669 0.3492 0.6583
vn -0.4544 0.3712 0.8098
vn -0.4789 0.5024 0.7199
vn -0.8322 0.3857 0.3984
vn -0.7980 0.5098 0.3215
vn -0.4748 0.1530 0.8667
vn -0.8890 0.1781 0.4218
vn -0.4632 -0.0653 0.8838
vn -0.8998 -0.0281 0.4355
vn -0.4326 -0.3041 0.8488
vn -0.8721 -0.2407 0.4260
vn -0.3606 -0.5722 0.7366
vn -0.7678 -0.5134 0.3833
vn -0.2460 -0.7233 0.6452
vn -0.6197 -0.6922 0.3698
vn 0.8381 -0.4027 0.3680
vn 0.6209 -0.5680 0.5403
vn -0.7680 -0.6377 0.0593
vn -0.9142 -0.3943 0.0939
vn -0.9797 -0.1644 0.1148
vn -0.9907 0.0302 0.1329
vn -0.9648 0.2170 0.1486
vn -0.8964 0.4120 0.1632
vn 0.7079 -0.6465 0.2847
vn 0.5545 -0.6894 0.4661
vn 0.8714 0.2173 0.4399
vn 0.7176 0.1440 0.6814
vn 0.1171 0.3683 0.9223
vn 0.0274 0.5024 0.8642
vn 0.1536 0.1517 0.9764
vn 0.1883 -0.0660 0.9799
vn 0.2015 -0.3076 0.9299
vn 0.1932 -0.5644 0.8026
vn 0.2330 -0.7162 0.6578
vn -0.8525 0.4930 0.1739
usemtl mat_body
f 1/1/1 2/2/2 3/3/3
f 4/4/4 5/5/5 6/6/6
f 7/7/7 8/8/8 9/9/9
f 10/10/10 6/6/6 5/5/5
f 11/11/11 10/10/10 5/5/5
f 12/12/12 13/13/13 9/9/9
f 14/14/14 15/15/15 8/8/8
f 16/16/16 17/17/17 5/5/5
f 17/17/17 18/18/18 5/5/5
f 19/19/19 20/20/20 16/16/16
f 15/15/15 21/21/21 8/8/8
f 21/21/21 22/22/22 8/8/8
f 8/8/8 22/22/22 9/9/9
f 22/22/22 23/23/23 9/9/9
f 9/9/9 23/23/23 12/12/12
f 23/23/23 24/24/24 12/12/12
f 21/21/21 25/25/25 22/22/22
f 26/26/26 27/27/27 23/23/23
f 23/23/23 27/27/27 24/24/24
f 27/27/27 28/28/28 24/24/24
f 29/29/29 30/30/30 31/31/31
f 32/32/32 33/33/33 34/34/34
f 35/35/35 36/36/36 37/37/37
f 33/33/33 32/32/32 38/38/38
f 6/6/6 10/10/10 39/39/39
f 10/10/10 11/11/11 39/39/39
f 38/38/38 40/40/40 37/37/37
f 32/32/32 31/31/31 38/38/38
f 31/31/31 40/40/40 38/38/38
f 31/31/31 41/41/41 40/40/40
f 41/41/41 42/42/42 40/40/40
f 43/43/43 14/14/14 35/35/35
f 44/44/44 45/45/45 39/39/39
f 18/18/18 44/44/44 39/39/39
f 36/36/36 35/35/35 46/46/46
f 47/47/47 46/46/46 35/35/35
f 48/48/48 49/49/49 45/45/45
f 49/49/49 39/39/39 45/45/45
f 50/50/50 43/43/43 35/35/35
f 51/51/51 50/50/50 35/35/35
f 51/51/51 35/35/35 37/37/37
f 52/52/52 51/51/51 37/37/37
f 52/52/52 37/37/37 40/40/40
f 42/42/42 52/52/52 40/40/40
f 53/53/53 50/50/50 51/51/51
f 54/54/54 55/55/55 52/52/52
f 54/54/54 52/52/52 42/42/42
f 56/56/56 54/54/54 42/42/42
f 57/57/57 58/58/58 59/59/59
f 60/60/60 61/61/61 62/62/62
f 63/63/63 64/64/64 65/65/65
f 64/64/64 66/66/66 67/67/67
f 67/67/67 65/65/65 64/64/64
f 58/58/58 68/68/68 59/59/59
f 69/69/69 59/59/59 70/70/70
f 71/71/71 69/69/69 70/70/70
f 72/72/72 73/73/73 71/71/71
f 74/74/74 72/72/72 75/75/75
f 71/71/71 75/75/75 72/72/72
f 76/76/76 71/71/71 70/70/70
f 70/70/70 77/77/77 76/76/76
f 71/71/71 76/76/76 78/78/78
f 79/79/79 80/80/80 81/81/81
f 80/80/80 79/79/79 82/82/82
f 83/83/83 84/84/84 85/85/85
f 84/84/84 83/83/83 86/86/86
f 87/87/87 88/88/88 89/89/89
f 87/87/87 90/90/90 88/88/88
f 91/91/91 92/92/92 93/93/93
f 91/91/91 93/93/93 94/94/94
f 95/95/95 96/96/96 97/97/97
f 98/98/98 99/99/99 100/100/100
f 101/101/101 98/98/98 102/102/102
f 103/103/103 104/104/104 105/105/105
f 106/106/106 107/107/107 108/108/108
f 109/109/109 110/110/110 111/111/111
f 107/107/107 112/112/112 113/113/113
f 112/112/112 114/114/114 113/113/113
f 114/114/114 115/115/115 113/113/113
f 2891/2891/2891 116/116/116 113/113/113
f 2891/2891/2891 117/117/117 116/116/116
f 107/107/107 106/106/106 112/112/112
f 113/113/113 116/116/116 118/118/118
f 112/112/112 106/106/106 119/119/119
f 120/120/120 121/121/121 122/122/122
f 123/123/123 124/124/124 125/125/125
f 126/126/126 127/127/127 128/128/128
f 129/129/129 130/130/130 131/131/131
f 132/132/132 133/133/133 134/134/134
f 135/135/135 133/133/133 136/136/136
f 137/137/137 126/126/126 128/128/128
f 133/133/133 135/135/135 134/134/134
f 121/121/121 138/138/138 122/122/122
f 130/130/130 139/139/139 131/131/131
f 140/140/140 141/141/141 142/142/142
f 143/143/143 144/144/144 145/145/145
f 146/146/146 147/147/147 148/148/148
f 149/149/149 150/150/150 151/151/151
f 66/66/66 64/64/64 152/152/152
f 64/64/64 63/63/63 153/153/153
f 154/154/154 155/155/155 156/156/156
f 157/157/157 158/158/158 159/159/159
f 158/158/158 157/157/157 160/160/160
f 161/161/161 162/162/162 163/163/163
f 164/164/164 165/165/165 166/166/166
f 167/167/167 168/168/168 169/169/169
f 168/168/168 170/170/170 171/171/171
f 2873/2873/2873 173/173/173 174/174/174
f 141/141/141 175/175/175 142/142/142
f 176/176/176 177/177/177 178/178/178
f 179/179/179 180/180/180 181/181/181
f 182/182/182 179/179/179 183/183/183
f 184/184/184 179/179/179 181/181/181
f 185/185/185 186/186/186 187/187/187
f 188/188/188 189/189/189 190/190/190
f 188/188/188 190/190/190 180/180/180
f 182/182/182 3113/3113/3113 180/180/180
f 191/191/191 192/192/192 187/187/187
f 191/191/191 187/187/187 186/186/186
f 193/193/193 194/194/194 195/195/195
f 190/190/190 193/193/193 195/195/195
f 190/190/190 195/195/195 181/181/181
f 180/180/180 190/190/190 181/181/181
f 196/196/196 197/197/197 198/198/198
f 199/199/199 200/200/200 201/201/201
f 202/202/202 203/203/203 204/204/204
f 205/205/205 206/206/206 207/207/207
f 208/208/208 209/209/209 210/210/210
f 211/211/211 212/212/212 213/213/213
f 214/214/214 215/215/215 216/216/216
f 214/214/214 209/209/209 215/215/215
f 209/209/209 217/217/217 215/215/215
f 209/209/209 208/208/208 217/217/217
f 218/218/218 219/219/219 220/220/220
f 221/221/221 222/222/222 223/223/223
f 224/224/224 225/225/225 226/226/226
f 224/224/224 227/227/227 225/225/225
f 227/227/227 228/228/228 225/225/225
f 229/229/229 196/196/196 198/198/198
f 186/186/186 185/185/185 230/230/230
f 231/231/231 3091/3091/3091 232/232/232
f 2848/2848/2848 233/233/233 234/234/234
f 233/233/233 2848/2848/2848 235/235/235
f 203/203/203 202/202/202 2941/2941/2941
f 219/219/219 218/218/218 236/236/236
f 3091/3091/3091 231/231/231 2964/2964/2964
f 237/237/237 205/205/205 207/207/207
f 238/238/238 221/221/221 223/223/223
f 212/212/212 239/239/239 213/213/213
f 240/240/240 176/176/176 178/178/178
f 177/177/177 241/241/241 178/178/178
f 242/242/242 243/243/243 244/244/244
f 180/180/180 179/179/179 182/182/182
f 245/245/245 246/246/246 247/247/247
f 245/245/245 247/247/247 248/248/248
f 249/249/249 245/245/245 248/248/248
f 250/250/250 251/251/251 252/252/252
f 253/253/253 254/254/254 255/255/255
f 256/256/256 253/253/253 255/255/255
f 256/256/256 255/255/255 257/257/257
f 258/258/258 256/256/256 257/257/257
f 259/259/259 253/253/253 256/256/256
f 260/260/260 259/259/259 256/256/256
f 260/260/260 256/256/256 258/258/258
f 261/261/261 260/260/260 258/258/258
f 262/262/262 263/263/263 264/264/264
f 263/263/263 265/265/265 264/264/264
f 266/266/266 267/267/267 268/268/268
f 269/269/269 270/270/270 271/271/271
f 272/272/272 273/273/273 274/274/274
f 275/275/275 276/276/276 277/277/277
f 275/275/275 278/278/278 276/276/276
f 279/279/279 280/280/280 3092/3092/3092
f 282/282/282 283/283/283 284/284/284
f 285/285/285 286/286/286 284/284/284
f 2957/2957/2957 282/282/282 284/284/284
f 287/287/287 288/288/288 289/289/289
f 290/290/290 291/291/291 292/292/292
f 288/288/288 293/293/293 292/292/292
f 294/294/294 295/295/295 296/296/296
f 297/297/297 298/298/298 299/299/299
f 300/300/300 301/301/301 302/302/302
f 302/302/302 303/303/303 304/304/304
f 302/302/302 301/301/301 303/303/303
f 301/301/301 305/305/305 303/303/303
f 306/306/306 307/307/307 293/293/293
f 308/308/308 309/309/309 310/310/310
f 291/291/291 288/288/288 292/292/292
f 288/288/288 291/291/291 289/289/289
f 293/293/293 288/288/288 306/306/306
f 311/311/311 312/312/312 313/313/313
f 314/314/314 315/315/315 316/316/316
f 317/317/317 318/318/318 319/319/319
f 318/318/318 317/317/317 320/320/320
f 321/321/321 322/322/322 323/323/323
f 324/324/324 325/325/325 326/326/326
f 327/327/327 328/328/328 329/329/329
f 330/330/330 331/331/331 332/332/332
f 333/333/333 334/334/334 335/335/335
f 336/336/336 322/322/322 337/337/337
f 325/325/325 335/335/335 334/334/334
f 326/326/326 325/325/325 334/334/334
f 324/324/324 338/338/338 325/325/325
f 338/338/338 335/335/335 325/325/325
f 339/339/339 340/340/340 2865/2865/2865
f 342/342/342 343/343/343 340/340/340
f 344/344/344 345/345/345 346/346/346
f 347/347/347 2876/2876/2876 348/348/348
f 349/349/349 350/350/350 351/351/351
f 352/352/352 2910/2910/2910 343/343/343
f 342/342/342 352/352/352 343/343/343
f 353/353/353 354/354/354 355/355/355
f 356/356/356 357/357/357 329/329/329
f 337/337/337 322/322/322 358/358/358
f 346/346/346 345/345/345 354/354/354
f 326/326/326 334/334/334 359/359/359
f 360/360/360 358/358/358 322/322/322
f 321/321/321 360/360/360 322/322/322
f 361/361/361 344/344/344 346/346/346
f 362/362/362 327/327/327 363/363/363
f 364/364/364 349/349/349 365/365/365
f 340/340/340 339/339/339 342/342/342
f 361/361/361 366/366/366 367/367/367
f 366/366/366 361/361/361 346/346/346
f 361/361/361 368/368/368 344/344/344
f 367/367/367 368/368/368 361/361/361
f 367/367/367 2951/2951/2951 368/368/368
f 327/327/327 362/362/362 328/328/328
f 350/350/350 364/364/364 369/369/369
f 364/364/364 350/350/350 349/349/349
f 370/370/370 371/371/371 372/372/372
f 373/373/373 370/370/370 372/372/372
f 374/374/374 375/375/375 376/376/376
f 375/375/375 377/377/377 376/376/376
f 3050/3050/3050 378/378/378 2959/2959/2959
f 379/379/379 380/380/380 381/381/381
f 382/382/382 383/383/383 384/384/384
f 385/385/385 386/386/386 387/387/387
f 388/388/388 389/389/389 390/390/390
f 391/391/391 392/392/392 393/393/393
f 394/394/394 395/395/395 396/396/396
f 394/394/394 396/396/396 397/397/397
f 3079/3079/3079 398/398/398 399/399/399
f 399/399/399 398/398/398 400/400/400
f 401/401/401 402/402/402 403/403/403
f 2984/2984/2984 404/404/404 3008/3008/3008
f 2985/2985/2985 2987/2987/2987 405/405/405
f 405/405/405 2987/2987/2987 406/406/406
f 2987/2987/2987 407/407/407 406/406/406
f 406/406/406 407/407/407 408/408/408
f 407/407/407 409/409/409 408/408/408
f 407/407/407 410/410/410 409/409/409
f 411/411/411 412/412/412 413/413/413
f 3005/3005/3005 414/414/414 2862/2862/2862
f 3005/3005/3005 415/415/415 414/414/414
f 411/411/411 413/413/413 416/416/416
f 2863/2863/2863 417/417/417 3009/3009/3009
f 2863/2863/2863 418/418/418 417/417/417
f 419/419/419 3009/3009/3009 417/417/417
f 420/420/420 419/419/419 417/417/417
f 2863/2863/2863 3066/3066/3066 418/418/418
f 415/415/415 3005/3005/3005 421/421/421
f 422/422/422 423/423/423 424/424/424
f 425/425/425 426/426/426 427/427/427
f 424/424/424 425/425/425 427/427/427
f 428/428/428 429/429/429 430/430/430
f 429/429/429 431/431/431 430/430/430
f 431/431/431 432/432/432 430/430/430
f 433/433/433 423/423/423 422/422/422
f 427/427/427 426/426/426 434/434/434
f 429/429/429 427/427/427 434/434/434
f 2825/2825/2825 2867/2867/2867 435/435/435
f 3163/3163/3163 2825/2825/2825 435/435/435
f 2843/2843/2843 2837/2837/2837 2899/2899/2899
f 2843/2843/2843 2899/2899/2899 2903/2903/2903
f 3163/3163/3163 435/435/435 2904/2904/2904
f 436/436/436 437/437/437 438/438/438
f 439/439/439 440/440/440 441/441/441
f 442/442/442 443/443/443 2911/2911/2911
f 443/443/443 442/442/442 445/445/445
f 446/446/446 447/447/447 443/443/443
f 448/448/448 449/449/449 447/447/447
f 450/450/450 451/451/451 438/438/438
f 445/445/445 446/446/446 443/443/443
f 442/442/442 2911/2911/2911 452/452/452
f 440/440/440 453/453/453 454/454/454
f 455/455/455 456/456/456 457/457/457
f 58/58/58 57/57/57 458/458/458
f 459/459/459 460/460/460 461/461/461
f 462/462/462 463/463/463 464/464/464
f 465/465/465 466/466/466 467/467/467
f 2939/2939/2939 465/465/465 467/467/467
f 469/469/469 70/70/70 68/68/68
f 59/59/59 68/68/68 70/70/70
f 466/466/466 460/460/460 459/459/459
f 470/470/470 471/471/471 460/460/460
f 472/472/472 473/473/473 474/474/474
f 75/75/75 71/71/71 78/78/78
f 475/475/475 476/476/476 477/477/477
f 69/69/69 71/71/71 73/73/73
f 463/463/463 462/462/462 478/478/478
f 479/479/479 480/480/480 461/461/461
f 481/481/481 479/479/479 461/461/461
f 68/68/68 482/482/482 483/483/483
f 484/484/484 462/462/462 485/485/485
f 462/462/462 486/486/486 485/485/485
f 462/462/462 464/464/464 486/486/486
f 464/464/464 487/487/487 486/486/486
f 464/464/464 488/488/488 487/487/487
f 59/59/59 69/69/69 57/57/57
f 489/489/489 483/483/483 490/490/490
f 491/491/491 489/489/489 492/492/492
f 68/68/68 58/58/58 482/482/482
f 463/463/463 488/488/488 464/464/464
f 493/493/493 494/494/494 495/495/495
f 494/494/494 496/496/496 495/495/495
f 497/497/497 74/74/74 498/498/498
f 446/446/446 445/445/445 499/499/499
f 73/73/73 72/72/72 500/500/500
f 72/72/72 74/74/74 493/493/493
f 501/501/501 502/502/502 503/503/503
f 77/77/77 70/70/70 469/469/469
f 483/483/483 489/489/489 491/491/491
f 504/504/504 505/505/505 506/506/506
f 505/505/505 101/101/101 102/102/102
f 507/507/507 508/508/508 509/509/509
f 510/510/510 507/507/507 509/509/509
f 511/511/511 507/507/507 510/510/510
f 512/512/512 513/513/513 514/514/514
f 515/515/515 516/516/516 517/517/517
f 518/518/518 512/512/512 519/519/519
f 509/509/509 518/518/518 519/519/519
f 510/510/510 509/509/509 519/519/519
f 513/513/513 512/512/512 518/518/518
f 513/513/513 518/518/518 520/520/520
f 521/521/521 522/522/522 523/523/523
f 524/524/524 525/525/525 526/526/526
f 527/527/527 528/528/528 529/529/529
f 530/530/530 531/531/531 532/532/532
f 533/533/533 534/534/534 535/535/535
f 533/533/533 536/536/536 537/537/537
f 528/528/528 538/538/538 529/529/529
f 536/536/536 533/533/533 535/535/535
f 539/539/539 521/521/521 523/523/523
f 540/540/540 530/530/530 532/532/532
f 141/141/141 541/541/541 542/542/542
f 543/543/543 544/544/544 545/545/545
f 546/546/546 547/547/547 548/548/548
f 496/496/496 549/549/549 550/550/550
f 549/549/549 152/152/152 550/550/550
f 551/551/551 552/552/552 553/553/553
f 554/554/554 555/555/555 556/556/556
f 557/557/557 558/558/558 559/559/559
f 560/560/560 561/561/561 559/559/559
f 562/562/562 563/563/563 564/564/564
f 565/565/565 62/62/62 566/566/566
f 567/567/567 568/568/568 569/569/569
f 158/158/158 570/570/570 571/571/571
f 570/570/570 158/158/158 160/160/160
f 572/572/572 573/573/573 574/574/574
f 575/575/575 576/576/576 577/577/577
f 578/578/578 579/579/579 580/580/580
f 581/581/581 578/578/578 582/582/582
f 583/583/583 2817/2817/2817 585/585/585
f 586/586/586 141/141/141 542/542/542
f 587/587/587 588/588/588 589/589/589
f 590/590/590 591/591/591 592/592/592
f 588/588/588 593/593/593 589/589/589
f 594/594/594 595/595/595 590/590/590
f 595/595/595 591/591/591 590/590/590
f 596/596/596 597/597/597 598/598/598
f 599/599/599 598/598/598 600/600/600
f 598/598/598 597/597/597 600/600/600
f 600/600/600 597/597/597 589/589/589
f 597/597/597 587/587/587 589/589/589
f 601/601/601 602/602/602 603/603/603
f 604/604/604 605/605/605 606/606/606
f 607/607/607 608/608/608 609/609/609
f 610/610/610 611/611/611 612/612/612
f 613/613/613 614/614/614 615/615/615
f 616/616/616 617/617/617 618/618/618
f 619/619/619 620/620/620 621/621/621
f 622/622/622 620/620/620 619/619/619
f 623/623/623 622/622/622 619/619/619
f 624/624/624 625/625/625 626/626/626
f 627/627/627 628/628/628 629/629/629
f 630/630/630 631/631/631 632/632/632
f 633/633/633 608/608/608 634/634/634
f 635/635/635 636/636/636 637/637/637
f 609/609/609 633/633/633 638/638/638
f 608/608/608 633/633/633 609/609/609
f 602/602/602 639/639/639 603/603/603
f 640/640/640 641/641/641 642/642/642
f 2804/2804/2804 643/643/643 644/644/644
f 645/645/645 2808/2808/2808 646/646/646
f 2808/2808/2808 645/645/645 596/596/596
f 611/611/611 610/610/610 2811/2811/2811
f 625/625/625 624/624/624 647/647/647
f 643/643/643 2804/2804/2804 2833/2833/2833
f 631/631/631 648/648/648 632/632/632
f 614/614/614 649/649/649 615/615/615
f 628/628/628 650/650/650 629/629/629
f 651/651/651 616/616/616 618/618/618
f 652/652/652 635/635/635 637/637/637
f 653/653/653 654/654/654 655/655/655
f 654/654/654 656/656/656 657/657/657
f 658/658/658 659/659/659 660/660/660
f 660/660/660 659/659/659 661/661/661
f 659/659/659 662/662/662 661/661/661
f 658/658/658 663/663/663 659/659/659
f 663/663/663 664/664/664 659/659/659
f 659/659/659 664/664/664 662/662/662
f 664/664/664 665/665/665 662/662/662
f 666/666/666 667/667/667 668/668/668
f 669/669/669 666/666/666 668/668/668
f 670/670/670 671/671/671 672/672/672
f 673/673/673 674/674/674 675/675/675
f 673/673/673 676/676/676 677/677/677
f 678/678/678 679/679/679 680/680/680
f 674/674/674 673/673/673 677/677/677
f 681/681/681 682/682/682 683/683/683
f 684/684/684 685/685/685 2805/2805/2805
f 687/687/687 688/688/688 689/689/689
f 690/690/690 691/691/691 692/692/692
f 693/693/693 694/694/694 695/695/695
f 696/696/696 673/673/673 697/697/697
f 690/690/690 698/698/698 699/699/699
f 698/698/698 690/690/690 692/692/692
f 700/700/700 701/701/701 702/702/702
f 703/703/703 704/704/704 705/705/705
f 706/706/706 707/707/707 708/708/708
f 709/709/709 710/710/710 711/711/711
f 712/712/712 713/713/713 714/714/714
f 715/715/715 716/716/716 717/717/717
f 718/718/718 719/719/719 720/720/720
f 721/721/721 713/713/713 722/722/722
f 723/723/723 713/713/713 712/712/712
f 724/724/724 725/725/725 726/726/726
f 727/727/727 728/728/728 724/724/724
f 729/729/729 730/730/730 731/731/731
f 732/732/732 733/733/733 734/734/734
f 735/735/735 733/733/733 732/732/732
f 734/734/734 717/717/717 732/732/732
f 736/736/736 737/737/737 727/727/727
f 737/737/737 728/728/728 727/727/727
f 706/706/706 2895/2895/2895 707/707/707
f 738/738/738 732/732/732 717/717/717
f 709/709/709 722/722/722 739/739/739
f 739/739/739 722/722/722 723/723/723
f 722/722/722 713/713/713 723/723/723
f 729/729/729 731/731/731 740/740/740
f 723/723/723 741/741/741 739/739/739
f 741/741/741 742/742/742 739/739/739
f 739/739/739 742/742/742 709/709/709
f 742/742/742 710/710/710 709/709/709
f 730/730/730 743/743/743 731/731/731
f 716/716/716 744/744/744 745/745/745
f 746/746/746 747/747/747 748/748/748
f 725/725/725 724/724/724 728/728/728
f 749/749/749 743/743/743 750/750/750
f 743/743/743 749/749/749 731/731/731
f 751/751/751 743/743/743 730/730/730
f 751/751/751 750/750/750 743/743/743
f 752/752/752 750/750/750 751/751/751
f 744/744/744 716/716/716 715/715/715
f 747/747/747 2784/2784/2784 753/753/753
f 2784/2784/2784 747/747/747 746/746/746
f 3051/3051/3051 754/754/754 755/755/755
f 756/756/756 3052/3052/3052 757/757/757
f 3052/3052/3052 3099/3099/3099 757/757/757
f 758/758/758 759/759/759 760/760/760
f 759/759/759 761/761/761 760/760/760
f 762/762/762 763/763/763 764/764/764
f 763/763/763 765/765/765 764/764/764
f 766/766/766 767/767/767 768/768/768
f 769/769/769 3041/3041/3041 3004/3004/3004
f 3042/3042/3042 767/767/767 766/766/766
f 758/758/758 3164/3164/3164 759/759/759
f 3164/3164/3164 3043/3043/3043 759/759/759
f 759/759/759 3043/3043/3043 761/761/761
f 3041/3041/3041 769/769/769 3114/3114/3114
f 389/389/389 770/770/770 390/390/390
f 2933/2933/2933 771/771/771 3006/3006/3006
f 772/772/772 771/771/771 2933/2933/2933
f 773/773/773 3056/3056/3056 2932/2932/2932
f 757/757/757 3099/3099/3099 774/774/774
f 775/775/775 776/776/776 777/777/777
f 778/778/778 3165/3165/3165 2998/2998/2998
f 2779/2779/2779 3166/3166/3166 779/779/779
f 2779/2779/2779 779/779/779 780/780/780
f 781/781/781 2779/2779/2779 780/780/780
f 781/781/781 780/780/780 782/782/782
f 783/783/783 781/781/781 782/782/782
f 784/784/784 781/781/781 783/783/783
f 785/785/785 786/786/786 787/787/787
f 788/788/788 2875/2875/2875 2856/2856/2856
f 789/789/789 2875/2875/2875 788/788/788
f 787/787/787 786/786/786 790/790/790
f 791/791/791 2857/2857/2857 2815/2815/2815
f 792/792/792 2857/2857/2857 791/791/791
f 2815/2815/2815 793/793/793 791/791/791
f 793/793/793 794/794/794 791/791/791
f 795/795/795 788/788/788 2851/2851/2851
f 3139/3139/3139 2857/2857/2857 792/792/792
f 2875/2875/2875 789/789/789 796/796/796
f 797/797/797 798/798/798 799/799/799
f 800/800/800 801/801/801 802/802/802
f 801/801/801 422/422/422 802/802/802
f 800/800/800 802/802/802 803/803/803
f 804/804/804 428/428/428 430/430/430
f 805/805/805 804/804/804 430/430/430
f 806/806/806 807/807/807 2816/2816/2816
f 808/808/808 2844/2844/2844 809/809/809
f 810/810/810 808/808/808 809/809/809
f 811/811/811 812/812/812 813/813/813
f 814/814/814 815/815/815 816/816/816
f 815/815/815 814/814/814 546/546/546
f 817/817/817 547/547/547 814/814/814
f 818/818/818 819/819/819 817/817/817
f 820/820/820 810/810/810 809/809/809
f 547/547/547 546/546/546 814/814/814
f 816/816/816 815/815/815 821/821/821
f 822/822/822 811/811/811 823/823/823
f 824/824/824 455/455/455 825/825/825
f 826/826/826 827/827/827 828/828/828
f 829/829/829 830/830/830 831/831/831
f 832/832/832 833/833/833 834/834/834
f 555/555/555 554/554/554 835/835/835
f 555/555/555 829/829/829 556/556/556
f 836/836/836 837/837/837 838/838/838
f 837/837/837 3032/3032/3032 838/838/838
f 840/840/840 836/836/836 841/841/841
f 842/842/842 843/843/843 840/840/840
f 473/473/473 472/472/472 844/844/844
f 558/558/558 557/557/557 839/839/839
f 65/65/65 67/67/67 845/845/845
f 846/846/846 847/847/847 563/563/563
f 563/563/563 562/562/562 846/846/846
f 848/848/848 849/849/849 850/850/850
f 851/851/851 850/850/850 849/849/849
f 830/830/830 829/829/829 563/563/563
f 563/563/563 829/829/829 564/564/564
f 829/829/829 555/555/555 564/564/564
f 839/839/839 557/557/557 838/838/838
f 852/852/852 853/853/853 854/854/854
f 853/853/853 855/855/855 854/854/854
f 856/856/856 857/857/857 561/561/561
f 831/831/831 858/858/858 859/859/859
f 846/846/846 562/562/562 853/853/853
f 853/853/853 562/562/562 855/855/855
f 562/562/562 835/835/835 855/855/855
f 65/65/65 61/61/61 63/63/63
f 61/61/61 60/60/60 826/826/826
f 561/561/561 560/560/560 860/860/860
f 560/560/560 559/559/559 558/558/558
f 827/827/827 857/857/857 856/856/856
f 861/861/861 862/862/862 863/863/863
f 862/862/862 864/864/864 863/863/863
f 865/865/865 315/315/315 314/314/314
f 866/866/866 867/867/867 868/868/868
f 869/869/869 870/870/870 871/871/871
f 81/81/81 80/80/80 872/872/872
f 83/83/83 85/85/85 873/873/873
f 862/862/862 861/861/861 874/874/874
f 870/870/870 866/866/866 871/871/871
f 155/155/155 154/154/154 875/875/875
f 568/568/568 567/567/567 876/876/876
f 703/703/703 877/877/877 704/704/704
f 878/878/878 879/879/879 880/880/880
f 881/881/881 882/882/882 883/883/883
f 884/884/884 885/885/885 886/886/886
f 887/887/887 888/888/888 889/889/889
f 890/890/890 891/891/891 892/892/892
f 892/892/892 891/891/891 880/880/880
f 893/893/893 891/891/891 894/894/894
f 885/885/885 884/884/884 895/895/895
f 896/896/896 897/897/897 894/894/894
f 898/898/898 899/899/899 890/890/890
f 879/879/879 898/898/898 890/890/890
f 897/897/897 899/899/899 900/900/900
f 901/901/901 902/902/902 903/903/903
f 891/891/891 901/901/901 904/904/904
f 894/894/894 891/891/891 896/896/896
f 891/891/891 890/890/890 896/896/896
f 890/890/890 892/892/892 879/879/879
f 892/892/892 880/880/880 879/879/879
f 879/879/879 878/878/878 905/905/905
f 901/901/901 903/903/903 904/904/904
f 906/906/906 907/907/907 908/908/908
f 907/907/907 906/906/906 909/909/909
f 910/910/910 907/907/907 911/911/911
f 912/912/912 907/907/907 909/909/909
f 907/907/907 910/910/910 908/908/908
f 907/907/907 912/912/912 913/913/913
f 914/914/914 907/907/907 913/913/913
f 907/907/907 914/914/914 911/911/911
f 915/915/915 916/916/916 917/917/917
f 918/918/918 919/919/919 920/920/920
f 921/921/921 922/922/922 923/923/923
f 924/924/924 925/925/925 926/926/926
f 923/923/923 922/922/922 927/927/927
f 922/922/922 921/921/921 917/917/917
f 916/916/916 915/915/915 928/928/928
f 918/918/918 924/924/924 926/926/926
f 919/919/919 918/918/918 926/926/926
f 929/929/929 930/930/930 931/931/931
f 929/929/929 932/932/932 933/933/933
f 934/934/934 925/925/925 935/935/935
f 917/917/917 921/921/921 915/915/915
f 928/928/928 936/936/936 916/916/916
f 937/937/937 920/920/920 919/919/919
f 927/927/927 922/922/922 938/938/938
f 2882/2882/2882 939/939/939 2871/2871/2871
f 925/925/925 924/924/924 935/935/935
f 925/925/925 934/934/934 2883/2883/2883
f 2918/2918/2918 939/939/939 2882/2882/2882
f 940/940/940 2919/2919/2919 935/935/935
f 930/930/930 941/941/941 931/931/931
f 942/942/942 929/929/929 943/943/943
f 923/923/923 2872/2872/2872 944/944/944
f 945/945/945 941/941/941 946/946/946
f 947/947/947 948/948/948 949/949/949
f 950/950/950 951/951/951 952/952/952
f 953/953/953 954/954/954 955/955/955
f 956/956/956 957/957/957 958/958/958
f 959/959/959 960/960/960 961/961/961
f 959/959/959 961/961/961 962/962/962
f 959/959/959 962/962/962 963/963/963
f 951/951/951 964/964/964 952/952/952
f 960/960/960 959/959/959 965/965/965
f 966/966/966 967/967/967 968/968/968
f 957/957/957 956/956/956 969/969/969
f 970/970/970 971/971/971 968/968/968
f 972/972/972 947/947/947 973/973/973
f 947/947/947 949/949/949 973/973/973
f 948/948/948 947/947/947 974/974/974
f 975/975/975 976/976/976 977/977/977
f 976/976/976 966/966/966 978/978/978
f 966/966/966 968/968/968 971/971/971
f 979/979/979 980/980/980 981/981/981
f 982/982/982 973/973/973 949/949/949
f 983/983/983 949/949/949 948/948/948
f 977/977/977 976/976/976 978/978/978
f 984/984/984 985/985/985 986/986/986
f 985/985/985 984/984/984 987/987/987
f 984/984/984 988/988/988 989/989/989
f 984/984/984 990/990/990 987/987/987
f 988/988/988 984/984/984 986/986/986
f 990/990/990 984/984/984 991/991/991
f 984/984/984 992/992/992 991/991/991
f 992/992/992 984/984/984 989/989/989
f 993/993/993 994/994/994 995/995/995
f 996/996/996 997/997/997 998/998/998
f 999/999/999 1000/1000/1000 96/96/96
f 1001/1001/1001 1002/1002/1002 1003/1003/1003
f 999/999/999 96/96/96 2946/2946/2946
f 1000/1000/1000 999/999/999 995/995/995
f 994/994/994 993/993/993 1004/1004/1004
f 1002/1002/1002 997/997/997 1003/1003/1003
f 997/997/997 996/996/996 1003/1003/1003
f 1005/1005/1005 1006/1006/1006 1007/1007/1007
f 1008/1008/1008 1006/1006/1006 1009/1009/1009
f 1001/1001/1001 1010/1010/1010 1011/1011/1011
f 1000/1000/1000 995/995/995 994/994/994
f 1012/1012/1012 1004/1004/1004 993/993/993
f 998/998/998 1013/1013/1013 996/996/996
f 999/999/999 2946/2946/2946 1014/1014/1014
f 1015/1015/1015 3036/3036/3036 2947/2947/2947
f 1002/1002/1002 1001/1001/1001 1011/1011/1011
f 1010/1010/1010 1001/1001/1001 3037/3037/3037
f 1015/1015/1015 3127/3127/3127 3036/3036/3036
f 3128/3128/3128 1016/1016/1016 1011/1011/1011
f 1017/1017/1017 979/979/979 1018/1018/1018
f 979/979/979 1005/1005/1005 1007/1007/1007
f 1006/1006/1006 1019/1019/1019 1020/1020/1020
f 525/525/525 583/583/583 585/585/585
f 173/173/173 123/123/123 174/174/174
f 581/581/581 579/579/579 578/578/578
f 167/167/167 170/170/170 168/168/168
f 124/124/124 123/123/123 173/173/173
f 525/525/525 524/524/524 583/583/583
f 1021/1021/1021 1022/1022/1022 1023/1023/1023
f 1023/1023/1023 1022/1022/1022 1024/1024/1024
f 1025/1025/1025 4/4/4 1026/1026/1026
f 1026/1026/1026 4/4/4 6/6/6
f 1027/1027/1027 7/7/7 13/13/13
f 13/13/13 7/7/7 9/9/9
f 1028/1028/1028 1029/1029/1029 1030/1030/1030
f 1030/1030/1030 1029/1029/1029 1031/1031/1031
f 1032/1032/1032 1033/1033/1033 2902/2902/2902
f 2902/2902/2902 1033/1033/1033 2980/2980/2980
f 1034/1034/1034 1021/1021/1021 1035/1035/1035
f 1035/1035/1035 1021/1021/1021 1023/1023/1023
f 1036/1036/1036 1034/1034/1034 1037/1037/1037
f 1037/1037/1037 1034/1034/1034 1035/1035/1035
f 1038/1038/1038 2806/2806/2806 1033/1033/1033
f 1033/1033/1033 2806/2806/2806 2980/2980/2980
f 1039/1039/1039 2921/2921/2921 1038/1038/1038
f 1038/1038/1038 2921/2921/2921 2806/2806/2806
f 1040/1040/1040 2916/2916/2916 1039/1039/1039
f 1039/1039/1039 2916/2916/2916 2921/2921/2921
f 3110/3110/3110 2916/2916/2916 1041/1041/1041
f 1041/1041/1041 2916/2916/2916 1040/1040/1040
f 1042/1042/1042 1043/1043/1043 1029/1029/1029
f 1029/1029/1029 1043/1043/1043 1031/1031/1031
f 1044/1044/1044 1045/1045/1045 1042/1042/1042
f 1042/1042/1042 1045/1045/1045 1043/1043/1043
f 1046/1046/1046 1047/1047/1047 1048/1048/1048
f 1048/1048/1048 1047/1047/1047 1049/1049/1049
f 1047/1047/1047 1050/1050/1050 1049/1049/1049
f 1049/1049/1049 1050/1050/1050 1051/1051/1051
f 1050/1050/1050 1036/1036/1036 1051/1051/1051
f 1051/1051/1051 1036/1036/1036 1037/1037/1037
f 25/25/25 26/26/26 22/22/22
f 22/22/22 26/26/26 23/23/23
f 1052/1052/1052 1053/1053/1053 1054/1054/1054
f 1054/1054/1054 1053/1053/1053 1055/1055/1055
f 1056/1056/1056 1057/1057/1057 1058/1058/1058
f 1058/1058/1058 1057/1057/1057 1059/1059/1059
f 1060/1060/1060 1059/1059/1059 1061/1061/1061
f 1061/1061/1061 1059/1059/1059 1057/1057/1057
f 1056/1056/1056 1058/1058/1058 1062/1062/1062
f 1062/1062/1062 1058/1058/1058 1063/1063/1063
f 1064/1064/1064 1062/1062/1062 1065/1065/1065
f 1065/1065/1065 1062/1062/1062 1063/1063/1063
f 1064/1064/1064 1065/1065/1065 1066/1066/1066
f 1066/1066/1066 1065/1065/1065 1067/1067/1067
f 1068/1068/1068 1069/1069/1069 1070/1070/1070
f 1070/1070/1070 1069/1069/1069 1071/1071/1071
f 1072/1072/1072 1070/1070/1070 1073/1073/1073
f 1073/1073/1073 1070/1070/1070 1071/1071/1071
f 1072/1072/1072 1073/1073/1073 1055/1055/1055
f 1055/1055/1055 1073/1073/1073 1054/1054/1054
f 36/36/36 33/33/33 37/37/37
f 37/37/37 33/33/33 38/38/38
f 30/30/30 1074/1074/1074 31/31/31
f 31/31/31 1074/1074/1074 41/41/41
f 33/33/33 36/36/36 34/34/34
f 34/34/34 36/36/36 46/46/46
f 1075/1075/1075 1076/1076/1076 1077/1077/1077
f 1077/1077/1077 1076/1076/1076 1078/1078/1078
f 1045/1045/1045 1044/1044/1044 1075/1075/1075
f 1075/1075/1075 1044/1044/1044 1076/1076/1076
f 55/55/55 53/53/53 52/52/52
f 52/52/52 53/53/53 51/51/51
f 1079/1079/1079 1080/1080/1080 981/981/981
f 981/981/981 1080/1080/1080 1081/1081/1081
f 980/980/980 1082/1082/1082 981/981/981
f 981/981/981 1082/1082/1082 1079/1079/1079
f 1083/1083/1083 1084/1084/1084 1008/1008/1008
f 1008/1008/1008 1084/1084/1084 1085/1085/1085
f 102/102/102 98/98/98 1086/1086/1086
f 1086/1086/1086 98/98/98 100/100/100
f 1087/1087/1087 1088/1088/1088 1089/1089/1089
f 1089/1089/1089 1088/1088/1088 1090/1090/1090
f 1088/1088/1088 1091/1091/1091 1090/1090/1090
f 1090/1090/1090 1091/1091/1091 1092/1092/1092
f 1090/1090/1090 1092/1092/1092 1093/1093/1093
f 1093/1093/1093 1092/1092/1092 1094/1094/1094
f 1091/1091/1091 1088/1088/1088 1095/1095/1095
f 1095/1095/1095 1088/1088/1088 1096/1096/1096
f 1091/1091/1091 1095/1095/1095 1097/1097/1097
f 1097/1097/1097 1095/1095/1095 1098/1098/1098
f 1099/1099/1099 1100/1100/1100 1101/1101/1101
f 1101/1101/1101 1100/1100/1100 1097/1097/1097
f 1102/1102/1102 1103/1103/1103 1104/1104/1104
f 1104/1104/1104 1103/1103/1103 1105/1105/1105
f 1103/1103/1103 1106/1106/1106 1105/1105/1105
f 1105/1105/1105 1106/1106/1106 1107/1107/1107
f 1092/1092/1092 1091/1091/1091 1100/1100/1100
f 1100/1100/1100 1091/1091/1091 1097/1097/1097
f 1089/1089/1089 1090/1090/1090 1108/1108/1108
f 1108/1108/1108 1090/1090/1090 1093/1093/1093
f 1109/1109/1109 1110/1110/1110 1111/1111/1111
f 1111/1111/1111 1110/1110/1110 1112/1112/1112
f 1113/1113/1113 1114/1114/1114 1115/1115/1115
f 1115/1115/1115 1114/1114/1114 1116/1116/1116
f 1114/1114/1114 1109/1109/1109 1116/1116/1116
f 1116/1116/1116 1109/1109/1109 1111/1111/1111
f 1106/1106/1106 1117/1117/1117 1107/1107/1107
f 1107/1107/1107 1117/1117/1117 1118/1118/1118
f 1119/1119/1119 1120/1120/1120 1121/1121/1121
f 1121/1121/1121 1120/1120/1120 1122/1122/1122
f 1120/1120/1120 1113/1113/1113 1122/1122/1122
f 1122/1122/1122 1113/1113/1113 1115/1115/1115
f 1123/1123/1123 1096/1096/1096 1087/1087/1087
f 1087/1087/1087 1096/1096/1096 1088/1088/1088
f 111/111/111 1124/1124/1124 109/109/109
f 109/109/109 1124/1124/1124 1125/1125/1125
f 1126/1126/1126 119/119/119 1127/1127/1127
f 1127/1127/1127 119/119/119 106/106/106
f 108/108/108 107/107/107 1128/1128/1128
f 1128/1128/1128 107/107/107 1129/1129/1129
f 107/107/107 113/113/113 1129/1129/1129
f 1129/1129/1129 113/113/113 118/118/118
f 110/110/110 112/112/112 111/111/111
f 111/111/111 112/112/112 119/119/119
f 119/119/119 1126/1126/1126 111/111/111
f 111/111/111 1126/1126/1126 1124/1124/1124
f 1130/1130/1130 1131/1131/1131 1128/1128/1128
f 1128/1128/1128 1131/1131/1131 108/108/108
f 135/135/135 2880/2880/2880 134/134/134
f 134/134/134 2880/2880/2880 3134/3134/3134
f 1132/1132/1132 2890/2890/2890 121/121/121
f 121/121/121 2890/2890/2890 2802/2802/2802
f 121/121/121 120/120/120 1132/1132/1132
f 1132/1132/1132 120/120/120 1133/1133/1133
f 1134/1134/1134 1135/1135/1135 1136/1136/1136
f 1136/1136/1136 1135/1135/1135 1137/1137/1137
f 104/104/104 103/103/103 1138/1138/1138
f 1138/1138/1138 103/103/103 1136/1136/1136
f 1135/1135/1135 1134/1134/1134 1139/1139/1139
f 1139/1139/1139 1134/1134/1134 172/172/172
f 125/125/125 124/124/124 1140/1140/1140
f 1140/1140/1140 124/124/124 1141/1141/1141
f 103/103/103 105/105/105 1142/1142/1142
f 1142/1142/1142 105/105/105 1143/1143/1143
f 3075/3075/3075 1143/1143/1143 1141/1141/1141
f 1141/1141/1141 1143/1143/1143 1140/1140/1140
f 2905/2905/2905 132/132/132 3134/3134/3134
f 3134/3134/3134 132/132/132 134/134/134
f 1144/1144/1144 1145/1145/1145 171/171/171
f 171/171/171 1145/1145/1145 168/168/168
f 142/142/142 168/168/168 140/140/140
f 140/140/140 168/168/168 1145/1145/1145
f 851/851/851 1146/1146/1146 850/850/850
f 850/850/850 1146/1146/1146 1147/1147/1147
f 66/66/66 1148/1148/1148 67/67/67
f 67/67/67 1148/1148/1148 1149/1149/1149
f 1150/1150/1150 1151/1151/1151 1152/1152/1152
f 1152/1152/1152 1151/1151/1151 1153/1153/1153
f 314/314/314 1154/1154/1154 1155/1155/1155
f 1155/1155/1155 1154/1154/1154 1156/1156/1156
f 875/875/875 154/154/154 1155/1155/1155
f 1155/1155/1155 154/154/154 314/314/314
f 312/312/312 311/311/311 314/314/314
f 314/314/314 311/311/311 1154/1154/1154
f 1157/1157/1157 1158/1158/1158 1159/1159/1159
f 1159/1159/1159 1158/1158/1158 1160/1160/1160
f 1161/1161/1161 163/163/163 1162/1162/1162
f 1162/1162/1162 163/163/163 1163/1163/1163
f 157/157/157 161/161/161 160/160/160
f 160/160/160 161/161/161 1164/1164/1164
f 161/161/161 163/163/163 1164/1164/1164
f 1164/1164/1164 163/163/163 1161/1161/1161
f 1163/1163/1163 163/163/163 1165/1165/1165
f 1165/1165/1165 163/163/163 162/162/162
f 1162/1162/1162 1163/1163/1163 1166/1166/1166
f 1166/1166/1166 1163/1163/1163 1167/1167/1167
f 159/159/159 1168/1168/1168 157/157/157
f 157/157/157 1168/1168/1168 161/161/161
f 1163/1163/1163 1165/1165/1165 1167/1167/1167
f 1167/1167/1167 1165/1165/1165 1169/1169/1169
f 162/162/162 161/161/161 1144/1144/1144
f 1144/1144/1144 161/161/161 1168/1168/1168
f 1110/1110/1110 165/165/165 1112/1112/1112
f 1112/1112/1112 165/165/165 164/164/164
f 175/175/175 169/169/169 142/142/142
f 142/142/142 169/169/169 168/168/168
f 1170/1170/1170 1171/1171/1171 1172/1172/1172
f 1172/1172/1172 1171/1171/1171 1173/1173/1173
f 176/176/176 240/240/240 1170/1170/1170
f 1170/1170/1170 240/240/240 1171/1171/1171
f 1174/1174/1174 244/244/244 1175/1175/1175
f 1175/1175/1175 244/244/244 243/243/243
f 1176/1176/1176 1177/1177/1177 1178/1178/1178
f 1178/1178/1178 1177/1177/1177 1179/1179/1179
f 1180/1180/1180 189/189/189 1181/1181/1181
f 1181/1181/1181 189/189/189 188/188/188
f 233/233/233 235/235/235 1180/1180/1180
f 1180/1180/1180 235/235/235 189/189/189
f 1182/1182/1182 1183/1183/1183 1184/1184/1184
f 1184/1184/1184 1183/1183/1183 1185/1185/1185
f 1184/1184/1184 1185/1185/1185 2829/2829/2829
f 2829/2829/2829 1185/1185/1185 1186/1186/1186
f 1187/1187/1187 3086/3086/3086 191/191/191
f 191/191/191 3086/3086/3086 192/192/192
f 2829/2829/2829 1186/1186/1186 2894/2894/2894
f 2894/2894/2894 1186/1186/1186 1188/1188/1188
f 197/197/197 196/196/196 1182/1182/1182
f 1182/1182/1182 196/196/196 1183/1183/1183
f 1189/1189/1189 1190/1190/1190 1191/1191/1191
f 1191/1191/1191 1190/1190/1190 1192/1192/1192
f 205/205/205 237/237/237 204/204/204
f 204/204/204 237/237/237 202/202/202
f 1193/1193/1193 1194/1194/1194 1195/1195/1195
f 1195/1195/1195 1194/1194/1194 1196/1196/1196
f 208/208/208 210/210/210 1193/1193/1193
f 1193/1193/1193 210/210/210 1194/1194/1194
f 1197/1197/1197 1198/1198/1198 1199/1199/1199
f 1199/1199/1199 1198/1198/1198 1200/1200/1200
f 239/239/239 212/212/212 219/219/219
f 219/219/219 212/212/212 220/220/220
f 1197/1197/1197 1199/1199/1199 1201/1201/1201
f 1201/1201/1201 1199/1199/1199 1202/1202/1202
f 221/221/221 238/238/238 232/232/232
f 232/232/232 238/238/238 231/231/231
f 1203/1203/1203 1204/1204/1204 1205/1205/1205
f 1205/1205/1205 1204/1204/1204 1206/1206/1206
f 1207/1207/1207 1208/1208/1208 1203/1203/1203
f 1203/1203/1203 1208/1208/1208 1204/1204/1204
f 1207/1207/1207 199/199/199 1208/1208/1208
f 1208/1208/1208 199/199/199 201/201/201
f 1209/1209/1209 1191/1191/1191 1210/1210/1210
f 1210/1210/1210 1191/1191/1191 1192/1192/1192
f 1211/1211/1211 1212/1212/1212 1181/1181/1181
f 1181/1181/1181 1212/1212/1212 1180/1180/1180
f 1213/1213/1213 1214/1214/1214 1215/1215/1215
f 1215/1215/1215 1214/1214/1214 1216/1216/1216
f 1217/1217/1217 1218/1218/1218 1219/1219/1219
f 1219/1219/1219 1218/1218/1218 1220/1220/1220
f 226/226/226 225/225/225 1217/1217/1217
f 1217/1217/1217 225/225/225 1218/1218/1218
f 1212/1212/1212 1221/1221/1221 1180/1180/1180
f 1180/1180/1180 1221/1221/1221 233/233/233
f 1214/1214/1214 1222/1222/1222 1216/1216/1216
f 1216/1216/1216 1222/1222/1222 1223/1223/1223
f 1218/1218/1218 1224/1224/1224 1220/1220/1220
f 1220/1220/1220 1224/1224/1224 1225/1225/1225
f 225/225/225 228/228/228 1218/1218/1218
f 1218/1218/1218 228/228/228 1224/1224/1224
f 1221/1221/1221 1226/1226/1226 233/233/233
f 233/233/233 1226/1226/1226 234/234/234
f 222/222/222 221/221/221 1206/1206/1206
f 1206/1206/1206 221/221/221 1205/1205/1205
f 196/196/196 229/229/229 1189/1189/1189
f 1189/1189/1189 229/229/229 1190/1190/1190
f 212/212/212 211/211/211 1202/1202/1202
f 1202/1202/1202 211/211/211 1201/1201/1201
f 206/206/206 205/205/205 1196/1196/1196
f 1196/1196/1196 205/205/205 1195/1195/1195
f 1222/1222/1222 1214/1214/1214 1225/1225/1225
f 1225/1225/1225 1214/1214/1214 1220/1220/1220
f 1214/1214/1214 1213/1213/1213 1220/1220/1220
f 1220/1220/1220 1213/1213/1213 1219/1219/1219
f 243/243/243 242/242/242 1173/1173/1173
f 1173/1173/1173 242/242/242 1172/1172/1172
f 249/249/249 248/248/248 1227/1227/1227
f 1227/1227/1227 248/248/248 1228/1228/1228
f 1227/1227/1227 1228/1228/1228 1229/1229/1229
f 1229/1229/1229 1228/1228/1228 1230/1230/1230
f 1231/1231/1231 1232/1232/1232 1233/1233/1233
f 1233/1233/1233 1232/1232/1232 1234/1234/1234
f 1233/1233/1233 1234/1234/1234 1235/1235/1235
f 1235/1235/1235 1234/1234/1234 1236/1236/1236
f 1237/1237/1237 252/252/252 1238/1238/1238
f 1238/1238/1238 252/252/252 251/251/251
f 1239/1239/1239 1240/1240/1240 1241/1241/1241
f 1241/1241/1241 1240/1240/1240 1242/1242/1242
f 1241/1241/1241 255/255/255 1239/1239/1239
f 1239/1239/1239 255/255/255 254/254/254
f 255/255/255 2874/2874/2874 257/257/257
f 257/257/257 2874/2874/2874 1243/1243/1243
f 1243/1243/1243 2874/2874/2874 1244/1244/1244
f 1244/1244/1244 2874/2874/2874 3022/3022/3022
f 1245/1245/1245 3002/3002/3002 1246/1246/1246
f 1246/1246/1246 3002/3002/3002 2924/2924/2924
f 1246/1246/1246 2924/2924/2924 1247/1247/1247
f 1247/1247/1247 2924/2924/2924 3085/3085/3085
f 258/258/258 257/257/257 1248/1248/1248
f 1248/1248/1248 257/257/257 1243/1243/1243
f 1248/1248/1248 1243/1243/1243 1249/1249/1249
f 1249/1249/1249 1243/1243/1243 1244/1244/1244
f 267/267/267 1245/1245/1245 268/268/268
f 268/268/268 1245/1245/1245 1246/1246/1246
f 268/268/268 1246/1246/1246 308/308/308
f 308/308/308 1246/1246/1246 1247/1247/1247
f 261/261/261 258/258/258 1250/1250/1250
f 1250/1250/1250 258/258/258 3031/3031/3031
f 262/262/262 264/264/264 1251/1251/1251
f 1251/1251/1251 264/264/264 1252/1252/1252
f 1250/1250/1250 3031/3031/3031 1253/1253/1253
f 1253/1253/1253 3031/3031/3031 1249/1249/1249
f 266/266/266 268/268/268 310/310/310
f 310/310/310 268/268/268 308/308/308
f 1254/1254/1254 1255/1255/1255 1256/1256/1256
f 1256/1256/1256 1255/1255/1255 1257/1257/1257
f 1258/1258/1258 275/275/275 1259/1259/1259
f 1259/1259/1259 275/275/275 277/277/277
f 1260/1260/1260 1261/1261/1261 3101/3101/3101
f 3101/3101/3101 1261/1261/1261 3094/3094/3094
f 1235/1235/1235 3038/3038/3038 1262/1262/1262
f 1262/1262/1262 3038/3038/3038 1263/1263/1263
f 283/283/283 1264/1264/1264 284/284/284
f 284/284/284 1264/1264/1264 1265/1265/1265
f 307/307/307 306/306/306 1176/1176/1176
f 1176/1176/1176 306/306/306 1177/1177/1177
f 294/294/294 296/296/296 1264/1264/1264
f 1264/1264/1264 296/296/296 1265/1265/1265
f 1266/1266/1266 1267/1267/1267 1268/1268/1268
f 1268/1268/1268 1267/1267/1267 1269/1269/1269
f 297/297/297 299/299/299 1266/1266/1266
f 1266/1266/1266 299/299/299 1267/1267/1267
f 270/270/270 280/280/280 271/271/271
f 271/271/271 280/280/280 279/279/279
f 1270/1270/1270 1271/1271/1271 1272/1272/1272
f 1272/1272/1272 1271/1271/1271 1273/1273/1273
f 1272/1272/1272 303/303/303 1270/1270/1270
f 1270/1270/1270 303/303/303 305/305/305
f 303/303/303 2999/2999/2999 304/304/304
f 304/304/304 2999/2999/2999 1274/1274/1274
f 1274/1274/1274 2999/2999/2999 1275/1275/1275
f 1275/1275/1275 2999/2999/2999 2992/2992/2992
f 1276/1276/1276 269/269/269 1277/1277/1277
f 1277/1277/1277 269/269/269 271/271/271
f 1277/1277/1277 271/271/271 1278/1278/1278
f 1278/1278/1278 271/271/271 279/279/279
f 267/267/267 266/266/266 1249/1249/1249
f 1249/1249/1249 266/266/266 1253/1253/1253
f 1245/1245/1245 267/267/267 1244/1244/1244
f 1244/1244/1244 267/267/267 1249/1249/1249
f 3002/3002/3002 1245/1245/1245 3022/3022/3022
f 3022/3022/3022 1245/1245/1245 1244/1244/1244
f 251/251/251 250/250/250 1240/1240/1240
f 1240/1240/1240 250/250/250 1242/1242/1242
f 1232/1232/1232 1231/1231/1231 1230/1230/1230
f 1230/1230/1230 1231/1231/1231 1229/1229/1229
f 270/270/270 269/269/269 1271/1271/1271
f 1271/1271/1271 269/269/269 1273/1273/1273
f 269/269/269 1276/1276/1276 2992/2992/2992
f 2992/2992/2992 1276/1276/1276 1275/1275/1275
f 295/295/295 294/294/294 1269/1269/1269
f 1269/1269/1269 294/294/294 1268/1268/1268
f 1279/1279/1279 1280/1280/1280 1281/1281/1281
f 1281/1281/1281 1280/1280/1280 1282/1282/1282
f 272/272/272 1283/1283/1283 1284/1284/1284
f 1284/1284/1284 1283/1283/1283 1285/1285/1285
f 274/274/274 273/273/273 1286/1286/1286
f 1286/1286/1286 273/273/273 1287/1287/1287
f 1280/1280/1280 1279/1279/1279 1256/1256/1256
f 1256/1256/1256 1279/1279/1279 1254/1254/1254
f 1288/1288/1288 1127/1127/1127 108/108/108
f 108/108/108 1127/1127/1127 106/106/106
f 1289/1289/1289 1290/1290/1290 1291/1291/1291
f 1291/1291/1291 1290/1290/1290 1292/1292/1292
f 1293/1293/1293 1294/1294/1294 1295/1295/1295
f 1295/1295/1295 1294/1294/1294 317/317/317
f 1296/1296/1296 1297/1297/1297 1298/1298/1298
f 1298/1298/1298 1297/1297/1297 1299/1299/1299
f 320/320/320 1300/1300/1300 318/318/318
f 318/318/318 1300/1300/1300 1301/1301/1301
f 1291/1291/1291 1292/1292/1292 1302/1302/1302
f 1302/1302/1302 1292/1292/1292 1303/1303/1303
f 1303/1303/1303 1304/1304/1304 1302/1302/1302
f 1302/1302/1302 1304/1304/1304 1305/1305/1305
f 1290/1290/1290 1289/1289/1289 1293/1293/1293
f 1293/1293/1293 1289/1289/1289 1294/1294/1294
f 1306/1306/1306 1297/1297/1297 1307/1307/1307
f 1307/1307/1307 1297/1297/1297 1296/1296/1296
f 1308/1308/1308 357/357/357 1309/1309/1309
f 1309/1309/1309 357/357/357 1310/1310/1310
f 327/327/327 1308/1308/1308 363/363/363
f 363/363/363 1308/1308/1308 1311/1311/1311
f 1312/1312/1312 1313/1313/1313 347/347/347
f 347/347/347 1313/1313/1313 2876/2876/2876
f 2876/2876/2876 2841/2841/2841 348/348/348
f 348/348/348 2841/2841/2841 1314/1314/1314
f 330/330/330 332/332/332 348/348/348
f 348/348/348 332/332/332 347/347/347
f 332/332/332 1315/1315/1315 347/347/347
f 347/347/347 1315/1315/1315 3098/3098/3098
f 1316/1316/1316 1310/1310/1310 356/356/356
f 356/356/356 1310/1310/1310 357/357/357
f 321/321/321 323/323/323 1317/1317/1317
f 1317/1317/1317 323/323/323 1318/1318/1318
f 1319/1319/1319 321/321/321 1320/1320/1320
f 1320/1320/1320 321/321/321 1317/1317/1317
f 1319/1319/1319 1320/1320/1320 1321/1321/1321
f 1321/1321/1321 1320/1320/1320 1322/1322/1322
f 1321/1321/1321 1322/1322/1322 365/365/365
f 365/365/365 1322/1322/1322 364/364/364
f 334/334/334 333/333/333 359/359/359
f 359/359/359 333/333/333 1323/1323/1323
f 1311/1311/1311 359/359/359 1324/1324/1324
f 1324/1324/1324 359/359/359 1323/1323/1323
f 363/363/363 1311/1311/1311 1325/1325/1325
f 1325/1325/1325 1311/1311/1311 1324/1324/1324
f 1326/1326/1326 1322/1322/1322 1327/1327/1327
f 1327/1327/1327 1322/1322/1322 1320/1320/1320
f 369/369/369 364/364/364 1326/1326/1326
f 1326/1326/1326 364/364/364 1322/1322/1322
f 326/326/326 359/359/359 1328/1328/1328
f 1328/1328/1328 359/359/359 1309/1309/1309
f 350/350/350 2928/2928/2928 351/351/351
f 2910/2910/2910 367/367/367 343/343/343
f 1329/1329/1329 1330/1330/1330 1331/1331/1331
f 1331/1331/1331 1330/1330/1330 1332/1332/1332
f 1333/1333/1333 1334/1334/1334 1332/1332/1332
f 1332/1332/1332 1334/1334/1334 1331/1331/1331
f 330/330/330 348/348/348 1335/1335/1335
f 1335/1335/1335 348/348/348 1314/1314/1314
f 362/362/362 363/363/363 1336/1336/1336
f 1336/1336/1336 363/363/363 1325/1325/1325
f 327/327/327 329/329/329 1308/1308/1308
f 1308/1308/1308 329/329/329 357/357/357
f 1308/1308/1308 1309/1309/1309 1311/1311/1311
f 1311/1311/1311 1309/1309/1309 359/359/359
f 1309/1309/1309 2907/2907/2907 1328/1328/1328
f 1328/1328/1328 2907/2907/2907 1337/1337/1337
f 1327/1327/1327 1320/1320/1320 1338/1338/1338
f 1338/1338/1338 1320/1320/1320 1317/1317/1317
f 1339/1339/1339 1337/1337/1337 3102/3102/3102
f 3102/3102/3102 1337/1337/1337 2907/2907/2907
f 1338/1338/1338 1317/1317/1317 1340/1340/1340
f 1340/1340/1340 1317/1317/1317 1318/1318/1318
f 1341/1341/1341 2963/2963/2963 1342/1342/1342
f 1342/1342/1342 2963/2963/2963 2906/2906/2906
f 374/374/374 376/376/376 1341/1341/1341
f 1341/1341/1341 376/376/376 2963/2963/2963
f 380/380/380 379/379/379 1343/1343/1343
f 1343/1343/1343 379/379/379 1344/1344/1344
f 1343/1343/1343 1345/1345/1345 380/380/380
f 380/380/380 1345/1345/1345 1346/1346/1346
f 1347/1347/1347 1348/1348/1348 1349/1349/1349
f 1349/1349/1349 1348/1348/1348 1350/1350/1350
f 2859/2859/2859 1351/1351/1351 1352/1352/1352
f 1352/1352/1352 1351/1351/1351 2977/2977/2977
f 373/373/373 372/372/372 3112/3112/3112
f 3112/3112/3112 372/372/372 1353/1353/1353
f 377/377/377 383/383/383 376/376/376
f 376/376/376 383/383/383 382/382/382
f 1354/1354/1354 1355/1355/1355 1350/1350/1350
f 1350/1350/1350 1355/1355/1355 1349/1349/1349
f 1345/1345/1345 1356/1356/1356 1346/1346/1346
f 1346/1346/1346 1356/1356/1356 1352/1352/1352
f 380/380/380 2977/2977/2977 381/381/381
f 381/381/381 2977/2977/2977 1351/1351/1351
f 3112/3112/3112 1353/1353/1353 2938/2938/2938
f 2938/2938/2938 1353/1353/1353 1357/1357/1357
f 1358/1358/1358 394/394/394 1359/1359/1359
f 1359/1359/1359 394/394/394 397/397/397
f 388/388/388 1360/1360/1360 389/389/389
f 389/389/389 1360/1360/1360 2994/2994/2994
f 398/398/398 1358/1358/1358 400/400/400
f 400/400/400 1358/1358/1358 1359/1359/1359
f 1361/1361/1361 1362/1362/1362 403/403/403
f 403/403/403 1362/1362/1362 401/401/401
f 404/404/404 1363/1363/1363 3008/3008/3008
f 3008/3008/3008 1363/1363/1363 3135/3135/3135
f 2838/2838/2838 1364/1364/1364 2988/2988/2988
f 2988/2988/2988 1364/1364/1364 2953/2953/2953
f 3083/3083/3083 1365/1365/1365 407/407/407
f 407/407/407 1365/1365/1365 410/410/410
f 421/421/421 1366/1366/1366 415/415/415
f 415/415/415 1366/1366/1366 1367/1367/1367
f 1368/1368/1368 1367/1367/1367 1369/1369/1369
f 1369/1369/1369 1367/1367/1367 1366/1366/1366
f 1370/1370/1370 427/427/427 428/428/428
f 428/428/428 427/427/427 429/429/429
f 1371/1371/1371 1372/1372/1372 450/450/450
f 450/450/450 1372/1372/1372 1373/1373/1373
f 1374/1374/1374 1375/1375/1375 1371/1371/1371
f 1371/1371/1371 1375/1375/1375 1372/1372/1372
f 1376/1376/1376 1377/1377/1377 1374/1374/1374
f 1374/1374/1374 1377/1377/1377 1375/1375/1375
f 1377/1377/1377 1376/1376/1376 1378/1378/1378
f 1378/1378/1378 1376/1376/1376 1379/1379/1379
f 441/441/441 1380/1380/1380 439/439/439
f 439/439/439 1380/1380/1380 1381/1381/1381
f 453/453/453 1382/1382/1382 454/454/454
f 454/454/454 1382/1382/1382 1383/1383/1383
f 1384/1384/1384 1385/1385/1385 437/437/437
f 437/437/437 1385/1385/1385 1386/1386/1386
f 1387/1387/1387 1388/1388/1388 1389/1389/1389
f 1389/1389/1389 1388/1388/1388 1390/1390/1390
f 1382/1382/1382 1391/1391/1391 1383/1383/1383
f 1383/1383/1383 1391/1391/1391 1392/1392/1392
f 1393/1393/1393 448/448/448 446/446/446
f 446/446/446 448/448/448 447/447/447
f 1394/1394/1394 1392/1392/1392 1395/1395/1395
f 1395/1395/1395 1392/1392/1392 1391/1391/1391
f 1386/1386/1386 1394/1394/1394 437/437/437
f 437/437/437 1394/1394/1394 1395/1395/1395
f 1396/1396/1396 1397/1397/1397 1387/1387/1387
f 1387/1387/1387 1397/1397/1397 1388/1388/1388
f 1398/1398/1398 1378/1378/1378 1399/1399/1399
f 1399/1399/1399 1378/1378/1378 1379/1379/1379
f 1380/1380/1380 1400/1400/1400 1381/1381/1381
f 1381/1381/1381 1400/1400/1400 1401/1401/1401
f 1400/1400/1400 1402/1402/1402 1401/1401/1401
f 1401/1401/1401 1402/1402/1402 1403/1403/1403
f 1403/1403/1403 1402/1402/1402 1396/1396/1396
f 1396/1396/1396 1402/1402/1402 1397/1397/1397
f 1404/1404/1404 1393/1393/1393 499/499/499
f 499/499/499 1393/1393/1393 446/446/446
f 1405/1405/1405 503/503/503 1406/1406/1406
f 1406/1406/1406 503/503/503 1407/1407/1407
f 467/467/467 466/466/466 1408/1408/1408
f 1408/1408/1408 466/466/466 459/459/459
f 1409/1409/1409 501/501/501 1405/1405/1405
f 1405/1405/1405 501/501/501 503/503/503
f 1409/1409/1409 474/474/474 501/501/501
f 501/501/501 474/474/474 473/473/473
f 502/502/502 501/501/501 1410/1410/1410
f 1410/1410/1410 501/501/501 473/473/473
f 1411/1411/1411 502/502/502 1412/1412/1412
f 1412/1412/1412 502/502/502 1410/1410/1410
f 480/480/480 1408/1408/1408 461/461/461
f 461/461/461 1408/1408/1408 459/459/459
f 471/471/471 481/481/481 460/460/460
f 460/460/460 481/481/481 461/461/461
f 1413/1413/1413 1414/1414/1414 1415/1415/1415
f 1415/1415/1415 1414/1414/1414 1416/1416/1416
f 75/75/75 78/78/78 1417/1417/1417
f 1417/1417/1417 78/78/78 1418/1418/1418
f 2807/2807/2807 1419/1419/1419 483/483/483
f 483/483/483 1419/1419/1419 1420/1420/1420
f 1419/1419/1419 1413/1413/1413 1420/1420/1420
f 1420/1420/1420 1413/1413/1413 1415/1415/1415
f 1421/1421/1421 77/77/77 1416/1416/1416
f 1416/1416/1416 77/77/77 1415/1415/1415
f 1422/1422/1422 482/482/482 1423/1423/1423
f 1423/1423/1423 482/482/482 58/58/58
f 1422/1422/1422 490/490/490 482/482/482
f 482/482/482 490/490/490 483/483/483
f 1420/1420/1420 469/469/469 483/483/483
f 483/483/483 469/469/469 68/68/68
f 502/502/502 1411/1411/1411 503/503/503
f 503/503/503 1411/1411/1411 1407/1407/1407
f 1424/1424/1424 1418/1418/1418 76/76/76
f 76/76/76 1418/1418/1418 78/78/78
f 500/500/500 72/72/72 457/457/457
f 457/457/457 72/72/72 493/493/493
f 1423/1423/1423 58/58/58 1404/1404/1404
f 1404/1404/1404 58/58/58 458/458/458
f 1373/1373/1373 2962/2962/2962 450/450/450
f 450/450/450 2962/2962/2962 451/451/451
f 76/76/76 77/77/77 1424/1424/1424
f 1424/1424/1424 77/77/77 1421/1421/1421
f 500/500/500 457/457/457 1425/1425/1425
f 1425/1425/1425 457/457/457 456/456/456
f 498/498/498 74/74/74 1417/1417/1417
f 1417/1417/1417 74/74/74 75/75/75
f 469/469/469 1420/1420/1420 77/77/77
f 77/77/77 1420/1420/1420 1415/1415/1415
f 505/505/505 102/102/102 506/506/506
f 506/506/506 102/102/102 1086/1086/1086
f 1426/1426/1426 1427/1427/1427 1428/1428/1428
f 1428/1428/1428 1427/1427/1427 1429/1429/1429
f 1430/1430/1430 1426/1426/1426 1431/1431/1431
f 1431/1431/1431 1426/1426/1426 1428/1428/1428
f 1431/1431/1431 1428/1428/1428 1094/1094/1094
f 1094/1094/1094 1428/1428/1428 1093/1093/1093
f 1432/1432/1432 1433/1433/1433 1434/1434/1434
f 1434/1434/1434 1433/1433/1433 1435/1435/1435
f 1436/1436/1436 1437/1437/1437 1438/1438/1438
f 1438/1438/1438 1437/1437/1437 1439/1439/1439
f 1440/1440/1440 1436/1436/1436 1441/1441/1441
f 1441/1441/1441 1436/1436/1436 1438/1438/1438
f 1430/1430/1430 1431/1431/1431 1434/1434/1434
f 1434/1434/1434 1431/1431/1431 1432/1432/1432
f 1428/1428/1428 1429/1429/1429 1093/1093/1093
f 1093/1093/1093 1429/1429/1429 1108/1108/1108
f 1442/1442/1442 1443/1443/1443 1444/1444/1444
f 1444/1444/1444 1443/1443/1443 1445/1445/1445
f 1446/1446/1446 1447/1447/1447 1448/1448/1448
f 1448/1448/1448 1447/1447/1447 1449/1449/1449
f 1443/1443/1443 1446/1446/1446 1445/1445/1445
f 1445/1445/1445 1446/1446/1446 1448/1448/1448
f 1450/1450/1450 1440/1440/1440 1451/1451/1451
f 1451/1451/1451 1440/1440/1440 1441/1441/1441
f 1452/1452/1452 1453/1453/1453 1454/1454/1454
f 1454/1454/1454 1453/1453/1453 1455/1455/1455
f 1447/1447/1447 1452/1452/1452 1449/1449/1449
f 1449/1449/1449 1452/1452/1452 1454/1454/1454
f 509/509/509 508/508/508 518/518/518
f 518/518/518 508/508/508 515/515/515
f 1456/1456/1456 517/517/517 1457/1457/1457
f 1457/1457/1457 517/517/517 516/516/516
f 520/520/520 1458/1458/1458 513/513/513
f 513/513/513 1458/1458/1458 1459/1459/1459
f 518/518/518 515/515/515 520/520/520
f 520/520/520 515/515/515 517/517/517
f 1458/1458/1458 520/520/520 1456/1456/1456
f 1456/1456/1456 520/520/520 517/517/517
f 2835/2835/2835 536/536/536 2826/2826/2826
f 2826/2826/2826 536/536/536 535/535/535
f 2892/2892/2892 1460/1460/1460 2823/2823/2823
f 2823/2823/2823 1460/1460/1460 521/521/521
f 530/530/530 540/540/540 1461/1461/1461
f 1461/1461/1461 540/540/540 1462/1462/1462
f 522/522/522 521/521/521 1463/1463/1463
f 1463/1463/1463 521/521/521 1460/1460/1460
f 1464/1464/1464 1465/1465/1465 1466/1466/1466
f 1466/1466/1466 1465/1465/1465 1467/1467/1467
f 1465/1465/1465 1464/1464/1464 584/584/584
f 584/584/584 1464/1464/1464 1468/1468/1468
f 524/524/524 526/526/526 1469/1469/1469
f 1469/1469/1469 526/526/526 1470/1470/1470
f 1471/1471/1471 1472/1472/1472 1473/1473/1473
f 1473/1473/1473 1472/1472/1472 1474/1474/1474
f 1473/1473/1473 3120/3120/3120 1470/1470/1470
f 1470/1470/1470 3120/3120/3120 1469/1469/1469
f 534/534/534 3150/3150/3150 535/535/535
f 535/535/535 3150/3150/3150 2826/2826/2826
f 1475/1475/1475 1476/1476/1476 578/578/578
f 578/578/578 1476/1476/1476 582/582/582
f 578/578/578 542/542/542 1475/1475/1475
f 1475/1475/1475 542/542/542 541/541/541
f 825/825/825 153/153/153 824/824/824
f 824/824/824 153/153/153 1477/1477/1477
f 1478/1478/1478 1479/1479/1479 1480/1480/1480
f 1480/1480/1480 1479/1479/1479 1481/1481/1481
f 1482/1482/1482 704/704/704 1483/1483/1483
f 1483/1483/1483 704/704/704 1484/1484/1484
f 568/568/568 876/876/876 704/704/704
f 704/704/704 876/876/876 1484/1484/1484
f 877/877/877 703/703/703 1480/1480/1480
f 1480/1480/1480 703/703/703 1485/1485/1485
f 701/701/701 700/700/700 1482/1482/1482
f 1482/1482/1482 700/700/700 704/704/704
f 574/574/574 1161/1161/1161 1486/1486/1486
f 1486/1486/1486 1161/1161/1161 1162/1162/1162
f 573/573/573 570/570/570 1164/1164/1164
f 1164/1164/1164 570/570/570 160/160/160
f 574/574/574 573/573/573 1161/1161/1161
f 1161/1161/1161 573/573/573 1164/1164/1164
f 574/574/574 1486/1486/1486 572/572/572
f 572/572/572 1486/1486/1486 1487/1487/1487
f 1486/1486/1486 1162/1162/1162 1488/1488/1488
f 1488/1488/1488 1162/1162/1162 1166/1166/1166
f 1489/1489/1489 571/571/571 573/573/573
f 573/573/573 571/571/571 570/570/570
f 1487/1487/1487 1486/1486/1486 1490/1490/1490
f 1490/1490/1490 1486/1486/1486 1488/1488/1488
f 573/573/573 572/572/572 1489/1489/1489
f 1489/1489/1489 572/572/572 1476/1476/1476
f 575/575/575 1442/1442/1442 576/576/576
f 576/576/576 1442/1442/1442 1444/1444/1444
f 580/580/580 586/586/586 578/578/578
f 578/578/578 586/586/586 542/542/542
f 594/594/594 1491/1491/1491 595/595/595
f 595/595/595 1491/1491/1491 1492/1492/1492
f 1493/1493/1493 1494/1494/1494 1495/1495/1495
f 1495/1495/1495 1494/1494/1494 1496/1496/1496
f 1495/1495/1495 1496/1496/1496 1497/1497/1497
f 1497/1497/1497 1496/1496/1496 1498/1498/1498
f 1497/1497/1497 1498/1498/1498 1499/1499/1499
f 1499/1499/1499 1498/1498/1498 1500/1500/1500
f 602/602/602 601/601/601 1493/1493/1493
f 1493/1493/1493 601/601/601 1494/1494/1494
f 1501/1501/1501 1502/1502/1502 1503/1503/1503
f 1503/1503/1503 1502/1502/1502 1504/1504/1504
f 649/649/649 614/614/614 611/611/611
f 611/611/611 614/614/614 612/612/612
f 1505/1505/1505 1506/1506/1506 1507/1507/1507
f 1507/1507/1507 1506/1506/1506 1508/1508/1508
f 1509/1509/1509 1510/1510/1510 1505/1505/1505
f 1505/1505/1505 1510/1510/1510 1506/1506/1506
f 620/620/620 1511/1511/1511 621/621/621
f 621/621/621 1511/1511/1511 1512/1512/1512
f 1511/1511/1511 1513/1513/1513 1512/1512/1512
f 1512/1512/1512 1513/1513/1513 1514/1514/1514
f 616/616/616 651/651/651 626/626/626
f 626/626/626 651/651/651 624/624/624
f 1514/1514/1514 1513/1513/1513 1515/1515/1515
f 1515/1515/1515 1513/1513/1513 1516/1516/1516
f 650/650/650 628/628/628 643/643/643
f 643/643/643 628/628/628 644/644/644
f 1517/1517/1517 1518/1518/1518 1519/1519/1519
f 1519/1519/1519 1518/1518/1518 1520/1520/1520
f 1521/1521/1521 1522/1522/1522 1517/1517/1517
f 1517/1517/1517 1522/1522/1522 1518/1518/1518
f 605/605/605 1522/1522/1522 606/606/606
f 606/606/606 1522/1522/1522 1521/1521/1521
f 1504/1504/1504 1523/1523/1523 1503/1503/1503
f 1503/1503/1503 1523/1523/1523 1524/1524/1524
f 648/648/648 631/631/631 1491/1491/1491
f 1491/1491/1491 631/631/631 1492/1492/1492
f 1525/1525/1525 1526/1526/1526 1527/1527/1527
f 1527/1527/1527 1526/1526/1526 1528/1528/1528
f 1529/1529/1529 1530/1530/1530 1525/1525/1525
f 1525/1525/1525 1530/1530/1530 1526/1526/1526
f 1531/1531/1531 1532/1532/1532 1533/1533/1533
f 1533/1533/1533 1532/1532/1532 1534/1534/1534
f 635/635/635 652/652/652 646/646/646
f 646/646/646 652/652/652 645/645/645
f 1534/1534/1534 1532/1532/1532 1535/1535/1535
f 1535/1535/1535 1532/1532/1532 1536/1536/1536
f 628/628/628 627/627/627 1520/1520/1520
f 1520/1520/1520 627/627/627 1519/1519/1519
f 639/639/639 602/602/602 1501/1501/1501
f 1501/1501/1501 602/602/602 1502/1502/1502
f 617/617/617 616/616/616 1516/1516/1516
f 1516/1516/1516 616/616/616 1515/1515/1515
f 614/614/614 613/613/613 1508/1508/1508
f 1508/1508/1508 613/613/613 1507/1507/1507
f 636/636/636 635/635/635 1536/1536/1536
f 1536/1536/1536 635/635/635 1535/1535/1535
f 631/631/631 630/630/630 1528/1528/1528
f 1528/1528/1528 630/630/630 1527/1527/1527
f 588/588/588 1537/1537/1537 593/593/593
f 593/593/593 1537/1537/1537 1538/1538/1538
f 655/655/655 1539/1539/1539 653/653/653
f 653/653/653 1539/1539/1539 1540/1540/1540
f 1541/1541/1541 1542/1542/1542 1543/1543/1543
f 1543/1543/1543 1542/1542/1542 1544/1544/1544
f 1545/1545/1545 660/660/660 1546/1546/1546
f 1546/1546/1546 660/660/660 661/661/661
f 1545/1545/1545 1546/1546/1546 1547/1547/1547
f 1547/1547/1547 1546/1546/1546 1548/1548/1548
f 2960/2960/2960 1549/1549/1549 2840/2840/2840
f 2840/2840/2840 1549/1549/1549 1550/1550/1550
f 661/661/661 662/662/662 1546/1546/1546
f 1546/1546/1546 662/662/662 1551/1551/1551
f 1546/1546/1546 1551/1551/1551 1548/1548/1548
f 1548/1548/1548 1551/1551/1551 1552/1552/1552
f 1549/1549/1549 1553/1553/1553 1550/1550/1550
f 1550/1550/1550 1553/1553/1553 1554/1554/1554
f 662/662/662 665/665/665 3130/3130/3130
f 3130/3130/3130 665/665/665 1555/1555/1555
f 1556/1556/1556 694/694/694 1557/1557/1557
f 1557/1557/1557 694/694/694 1558/1558/1558
f 694/694/694 2909/2909/2909 695/695/695
f 695/695/695 2909/2909/2909 1559/1559/1559
f 1560/1560/1560 2879/2879/2879 2909/2909/2909
f 2909/2909/2909 2879/2879/2879 1559/1559/1559
f 668/668/668 667/667/667 1561/1561/1561
f 1561/1561/1561 667/667/667 1562/1562/1562
f 3130/3130/3130 1555/1555/1555 3132/3132/3132
f 3132/3132/3132 1555/1555/1555 1563/1563/1563
f 1564/1564/1564 3049/3049/3049 1557/1557/1557
f 1557/1557/1557 3049/3049/3049 1556/1556/1556
f 2789/2789/2789 1565/1565/1565 2793/2793/2793
f 2793/2793/2793 1565/1565/1565 1566/1566/1566
f 697/697/697 673/673/673 1560/1560/1560
f 1560/1560/1560 673/673/673 2879/2879/2879
f 1567/1567/1567 1568/1568/1568 1569/1569/1569
f 1569/1569/1569 1568/1568/1568 680/680/680
f 682/682/682 2847/2847/2847 683/683/683
f 683/683/683 2847/2847/2847 1570/1570/1570
f 1571/1571/1571 1572/1572/1572 2847/2847/2847
f 2847/2847/2847 1572/1572/1572 1570/1570/1570
f 1573/1573/1573 1574/1574/1574 1575/1575/1575
f 1575/1575/1575 1574/1574/1574 1576/1576/1576
f 684/684/684 670/670/670 685/685/685
f 685/685/685 670/670/670 672/672/672
f 1577/1577/1577 1578/1578/1578 1579/1579/1579
f 1579/1579/1579 1578/1578/1578 1580/1580/1580
f 1581/1581/1581 1580/1580/1580 1582/1582/1582
f 1582/1582/1582 1580/1580/1580 1578/1578/1578
f 3129/3129/3129 1581/1581/1581 1583/1583/1583
f 1583/1583/1583 1581/1581/1581 1584/1584/1584
f 3129/3129/3129 1583/1583/1583 1579/1579/1579
f 1579/1579/1579 1583/1583/1583 1585/1585/1585
f 671/671/671 1586/1586/1586 672/672/672
f 672/672/672 1586/1586/1586 1587/1587/1587
f 672/672/672 1587/1587/1587 685/685/685
f 685/685/685 1587/1587/1587 1588/1588/1588
f 1589/1589/1589 1590/1590/1590 1563/1563/1563
f 1563/1563/1563 1590/1590/1590 3132/3132/3132
f 1590/1590/1590 1591/1591/1591 1552/1552/1552
f 1552/1552/1552 1591/1591/1591 1548/1548/1548
f 1591/1591/1591 1592/1592/1592 1548/1548/1548
f 1548/1548/1548 1592/1592/1592 1547/1547/1547
f 671/671/671 670/670/670 1579/1579/1579
f 1579/1579/1579 670/670/670 1577/1577/1577
f 1586/1586/1586 671/671/671 1585/1585/1585
f 1585/1585/1585 671/671/671 1579/1579/1579
f 678/678/678 1593/1593/1593 673/673/673
f 673/673/673 1593/1593/1593 676/676/676
f 2942/2942/2942 1594/1594/1594 2789/2789/2789
f 2789/2789/2789 1594/1594/1594 1565/1565/1565
f 1595/1595/1595 1596/1596/1596 1597/1597/1597
f 1597/1597/1597 1596/1596/1596 1598/1598/1598
f 1564/1564/1564 1594/1594/1594 3049/3049/3049
f 3049/3049/3049 1594/1594/1594 2942/2942/2942
f 1593/1593/1593 678/678/678 1568/1568/1568
f 1568/1568/1568 678/678/678 680/680/680
f 679/679/679 678/678/678 696/696/696
f 696/696/696 678/678/678 673/673/673
f 679/679/679 1599/1599/1599 680/680/680
f 680/680/680 1599/1599/1599 1569/1569/1569
f 2847/2847/2847 682/682/682 679/679/679
f 679/679/679 682/682/682 1599/1599/1599
f 1459/1459/1459 1600/1600/1600 513/513/513
f 513/513/513 1600/1600/1600 514/514/514
f 1601/1601/1601 1602/1602/1602 1603/1603/1603
f 1603/1603/1603 1602/1602/1602 1604/1604/1604
f 1290/1290/1290 1605/1605/1605 1292/1292/1292
f 1292/1292/1292 1605/1605/1605 1606/1606/1606
f 1607/1607/1607 1293/1293/1293 1608/1608/1608
f 1608/1608/1608 1293/1293/1293 1295/1295/1295
f 1292/1292/1292 1606/1606/1606 1303/1303/1303
f 1303/1303/1303 1606/1606/1606 1609/1609/1609
f 1304/1304/1304 1303/1303/1303 1610/1610/1610
f 1610/1610/1610 1303/1303/1303 1609/1609/1609
f 1605/1605/1605 1290/1290/1290 1607/1607/1607
f 1607/1607/1607 1290/1290/1290 1293/1293/1293
f 738/738/738 1611/1611/1611 1612/1612/1612
f 1612/1612/1612 1611/1611/1611 1613/1613/1613
f 1611/1611/1611 716/716/716 1614/1614/1614
f 1614/1614/1614 716/716/716 745/745/745
f 1612/1612/1612 735/735/735 738/738/738
f 738/738/738 735/735/735 732/732/732
f 711/711/711 710/710/710 1615/1615/1615
f 1615/1615/1615 710/710/710 1616/1616/1616
f 710/710/710 1617/1617/1617 1616/1616/1616
f 1616/1616/1616 1617/1617/1617 1618/1618/1618
f 1618/1618/1618 1617/1617/1617 1619/1619/1619
f 1619/1619/1619 1617/1617/1617 1620/1620/1620
f 1619/1619/1619 1620/1620/1620 747/747/747
f 747/747/747 1620/1620/1620 748/748/748
f 719/719/719 718/718/718 1621/1621/1621
f 1621/1621/1621 718/718/718 1622/1622/1622
f 1622/1622/1622 1614/1614/1614 1621/1621/1621
f 1621/1621/1621 1614/1614/1614 1623/1623/1623
f 1614/1614/1614 745/745/745 1623/1623/1623
f 1623/1623/1623 745/745/745 1624/1624/1624
f 1619/1619/1619 1625/1625/1625 1618/1618/1618
f 1618/1618/1618 1625/1625/1625 1626/1626/1626
f 747/747/747 753/753/753 1619/1619/1619
f 1619/1619/1619 753/753/753 1625/1625/1625
f 745/745/745 744/744/744 1624/1624/1624
f 1624/1624/1624 744/744/744 1627/1627/1627
f 717/717/717 716/716/716 738/738/738
f 738/738/738 716/716/716 1611/1611/1611
f 1613/1613/1613 1611/1611/1611 1622/1622/1622
f 1622/1622/1622 1611/1611/1611 1614/1614/1614
f 1618/1618/1618 1626/1626/1626 1616/1616/1616
f 1616/1616/1616 1626/1626/1626 1628/1628/1628
f 1616/1616/1616 1628/1628/1628 1615/1615/1615
f 1615/1615/1615 1628/1628/1628 1629/1629/1629
f 717/717/717 734/734/734 2895/2895/2895
f 2895/2895/2895 734/734/734 707/707/707
f 1630/1630/1630 1631/1631/1631 1632/1632/1632
f 1632/1632/1632 1631/1631/1631 1633/1633/1633
f 1634/1634/1634 755/755/755 1635/1635/1635
f 1635/1635/1635 755/755/755 754/754/754
f 1632/1632/1632 755/755/755 1630/1630/1630
f 1630/1630/1630 755/755/755 1634/1634/1634
f 1636/1636/1636 1637/1637/1637 3111/3111/3111
f 3111/3111/3111 1637/1637/1637 3109/3109/3109
f 2896/2896/2896 3109/3109/3109 1638/1638/1638
f 1638/1638/1638 3109/3109/3109 1637/1637/1637
f 1639/1639/1639 1640/1640/1640 1641/1641/1641
f 1641/1641/1641 1640/1640/1640 1642/1642/1642
f 1643/1643/1643 1644/1644/1644 2782/2782/2782
f 2782/2782/2782 1644/1644/1644 1645/1645/1645
f 760/760/760 761/761/761 1646/1646/1646
f 1646/1646/1646 761/761/761 1647/1647/1647
f 763/763/763 3141/3141/3141 765/765/765
f 765/765/765 3141/3141/3141 1648/1648/1648
f 763/763/763 762/762/762 767/767/767
f 767/767/767 762/762/762 768/768/768
f 1643/1643/1643 2782/2782/2782 758/758/758
f 758/758/758 2782/2782/2782 3164/3164/3164
f 2842/2842/2842 2896/2896/2896 1649/1649/1649
f 1649/1649/1649 2896/2896/2896 1638/1638/1638
f 1646/1646/1646 1647/1647/1647 773/773/773
f 773/773/773 1647/1647/1647 3056/3056/3056
f 756/756/756 757/757/757 1650/1650/1650
f 1650/1650/1650 757/757/757 2978/2978/2978
f 1640/1640/1640 1651/1651/1651 1642/1642/1642
f 1642/1642/1642 1651/1651/1651 1652/1652/1652
f 1653/1653/1653 1654/1654/1654 1651/1651/1651
f 1651/1651/1651 1654/1654/1654 1652/1652/1652
f 1631/1631/1631 770/770/770 1633/1633/1633
f 1633/1633/1633 770/770/770 389/389/389
f 1362/1362/1362 1361/1361/1361 776/776/776
f 776/776/776 1361/1361/1361 777/777/777
f 1363/1363/1363 778/778/778 3135/3135/3135
f 3135/3135/3135 778/778/778 2998/2998/2998
f 1364/1364/1364 2838/2838/2838 3015/3015/3015
f 3015/3015/3015 2838/2838/2838 2780/2780/2780
f 1365/1365/1365 3083/3083/3083 784/784/784
f 784/784/784 3083/3083/3083 781/781/781
f 795/795/795 2851/2851/2851 794/794/794
f 794/794/794 2851/2851/2851 791/791/791
f 1655/1655/1655 796/796/796 1656/1656/1656
f 1656/1656/1656 796/796/796 789/789/789
f 1656/1656/1656 1368/1368/1368 1655/1655/1655
f 1655/1655/1655 1368/1368/1368 1369/1369/1369
f 803/803/803 1657/1657/1657 804/804/804
f 804/804/804 1657/1657/1657 428/428/428
f 1658/1658/1658 1659/1659/1659 1660/1660/1660
f 1660/1660/1660 1659/1659/1659 810/810/810
f 1661/1661/1661 1662/1662/1662 1658/1658/1658
f 1658/1658/1658 1662/1662/1662 1659/1659/1659
f 1663/1663/1663 1664/1664/1664 1661/1661/1661
f 1661/1661/1661 1664/1664/1664 1662/1662/1662
f 1664/1664/1664 1663/1663/1663 1665/1665/1665
f 1665/1665/1665 1663/1663/1663 1666/1666/1666
f 1667/1667/1667 813/813/813 1668/1668/1668
f 1668/1668/1668 813/813/813 812/812/812
f 1669/1669/1669 822/822/822 1670/1670/1670
f 1670/1670/1670 822/822/822 823/823/823
f 1671/1671/1671 2845/2845/2845 1672/1672/1672
f 1672/1672/1672 2845/2845/2845 808/808/808
f 1673/1673/1673 1674/1674/1674 1675/1675/1675
f 1675/1675/1675 1674/1674/1674 1676/1676/1676
f 1677/1677/1677 1669/1669/1669 1678/1678/1678
f 1678/1678/1678 1669/1669/1669 1670/1670/1670
f 819/819/819 1679/1679/1679 817/817/817
f 817/817/817 1679/1679/1679 547/547/547
f 1678/1678/1678 1680/1680/1680 1677/1677/1677
f 1677/1677/1677 1680/1680/1680 1681/1681/1681
f 1680/1680/1680 1672/1672/1672 1681/1681/1681
f 1681/1681/1681 1672/1672/1672 808/808/808
f 1682/1682/1682 1683/1683/1683 1673/1673/1673
f 1673/1673/1673 1683/1683/1683 1674/1674/1674
f 1666/1666/1666 1684/1684/1684 1665/1665/1665
f 1665/1665/1665 1684/1684/1684 1685/1685/1685
f 1686/1686/1686 1667/1667/1667 1687/1687/1687
f 1687/1687/1687 1667/1667/1667 1668/1668/1668
f 1688/1688/1688 1686/1686/1686 1689/1689/1689
f 1689/1689/1689 1686/1686/1686 1687/1687/1687
f 1688/1688/1688 1689/1689/1689 1682/1682/1682
f 1682/1682/1682 1689/1689/1689 1683/1683/1683
f 1679/1679/1679 1690/1690/1690 547/547/547
f 547/547/547 1690/1690/1690 548/548/548
f 151/151/151 832/832/832 1691/1691/1691
f 1691/1691/1691 832/832/832 834/834/834
f 836/836/836 838/838/838 841/841/841
f 841/841/841 838/838/838 1692/1692/1692
f 150/150/150 1693/1693/1693 151/151/151
f 151/151/151 1693/1693/1693 832/832/832
f 1694/1694/1694 1149/1149/1149 1695/1695/1695
f 1695/1695/1695 1149/1149/1149 1148/1148/1148
f 844/844/844 1693/1693/1693 473/473/473
f 473/473/473 1693/1693/1693 150/150/150
f 150/150/150 149/149/149 473/473/473
f 473/473/473 149/149/149 1410/1410/1410
f 149/149/149 1696/1696/1696 1410/1410/1410
f 1410/1410/1410 1696/1696/1696 1412/1412/1412
f 2956/2956/2956 1697/1697/1697 557/557/557
f 557/557/557 1697/1697/1697 1698/1698/1698
f 1699/1699/1699 1700/1700/1700 1701/1701/1701
f 1701/1701/1701 1700/1700/1700 1702/1702/1702
f 847/847/847 1703/1703/1703 1704/1704/1704
f 1704/1704/1704 1703/1703/1703 1705/1705/1705
f 1706/1706/1706 1703/1703/1703 846/846/846
f 846/846/846 1703/1703/1703 847/847/847
f 1702/1702/1702 1147/1147/1147 1701/1701/1701
f 1701/1701/1701 1147/1147/1147 1146/1146/1146
f 843/843/843 842/842/842 1701/1701/1701
f 1701/1701/1701 842/842/842 1699/1699/1699
f 845/845/845 67/67/67 1707/1707/1707
f 1707/1707/1707 67/67/67 1149/1149/1149
f 831/831/831 830/830/830 858/858/858
f 858/858/858 830/830/830 1704/1704/1704
f 564/564/564 555/555/555 562/562/562
f 562/562/562 555/555/555 835/835/835
f 1697/1697/1697 2956/2956/2956 1708/1708/1708
f 1708/1708/1708 2956/2956/2956 561/561/561
f 565/565/565 858/858/858 1705/1705/1705
f 1705/1705/1705 858/858/858 1704/1704/1704
f 838/838/838 557/557/557 1692/1692/1692
f 1692/1692/1692 557/557/557 1698/1698/1698
f 856/856/856 1709/1709/1709 827/827/827
f 827/827/827 1709/1709/1709 1710/1710/1710
f 860/860/860 1709/1709/1709 561/561/561
f 561/561/561 1709/1709/1709 856/856/856
f 1711/1711/1711 1708/1708/1708 857/857/857
f 857/857/857 1708/1708/1708 561/561/561
f 1706/1706/1706 846/846/846 852/852/852
f 852/852/852 846/846/846 853/853/853
f 1696/1696/1696 149/149/149 1691/1691/1691
f 1691/1691/1691 149/149/149 151/151/151
f 1149/1149/1149 1694/1694/1694 1707/1707/1707
f 1707/1707/1707 1694/1694/1694 1712/1712/1712
f 64/64/64 153/153/153 152/152/152
f 152/152/152 153/153/153 825/825/825
f 827/827/827 1710/1710/1710 828/828/828
f 828/828/828 1710/1710/1710 1690/1690/1690
f 2900/2900/2900 1660/1660/1660 820/820/820
f 820/820/820 1660/1660/1660 810/810/810
f 563/563/563 847/847/847 830/830/830
f 830/830/830 847/847/847 1704/1704/1704
f 565/565/565 566/566/566 858/858/858
f 858/858/858 566/566/566 859/859/859
f 545/545/545 869/869/869 543/543/543
f 543/543/543 869/869/869 871/871/871
f 1713/1713/1713 81/81/81 1714/1714/1714
f 1714/1714/1714 81/81/81 872/872/872
f 864/864/864 145/145/145 863/863/863
f 863/863/863 145/145/145 144/144/144
f 85/85/85 1715/1715/1715 873/873/873
f 873/873/873 1715/1715/1715 1716/1716/1716
f 1480/1480/1480 1481/1481/1481 877/877/877
f 877/877/877 1481/1481/1481 1717/1717/1717
f 1718/1718/1718 1151/1151/1151 1719/1719/1719
f 1719/1719/1719 1151/1151/1151 865/865/865
f 315/315/315 865/865/865 1150/1150/1150
f 3069/3069/3069 2852/2852/2852 3087/3087/3087
f 882/882/882 1720/1720/1720 883/883/883
f 883/883/883 1720/1720/1720 1721/1721/1721
f 1720/1720/1720 2775/2775/2775 1721/1721/1721
f 1721/1721/1721 2775/2775/2775 3068/3068/3068
f 1722/1722/1722 1723/1723/1723 1724/1724/1724
f 1724/1724/1724 1723/1723/1723 1725/1725/1725
f 1726/1726/1726 878/878/878 1727/1727/1727
f 1727/1727/1727 878/878/878 1728/1728/1728
f 1729/1729/1729 1730/1730/1730 1722/1722/1722
f 1722/1722/1722 1730/1730/1730 1723/1723/1723
f 1731/1731/1731 1732/1732/1732 1729/1729/1729
f 1729/1729/1729 1732/1732/1732 1730/1730/1730
f 885/885/885 881/881/881 886/886/886
f 886/886/886 881/881/881 1733/1733/1733
f 1724/1724/1724 1725/1725/1725 884/884/884
f 884/884/884 1725/1725/1725 895/895/895
f 896/896/896 890/890/890 897/897/897
f 897/897/897 890/890/890 899/899/899
f 899/899/899 898/898/898 900/900/900
f 900/900/900 898/898/898 1734/1734/1734
f 905/905/905 878/878/878 1735/1735/1735
f 1735/1735/1735 878/878/878 1726/1726/1726
f 1735/1735/1735 1726/1726/1726 1736/1736/1736
f 1736/1736/1736 1726/1726/1726 1737/1737/1737
f 1738/1738/1738 1737/1737/1737 1727/1727/1727
f 1727/1727/1727 1737/1737/1737 1726/1726/1726
f 1739/1739/1739 1740/1740/1740 1741/1741/1741
f 1741/1741/1741 1740/1740/1740 1742/1742/1742
f 902/902/902 901/901/901 1742/1742/1742
f 1742/1742/1742 901/901/901 1741/1741/1741
f 880/880/880 1743/1743/1743 878/878/878
f 878/878/878 1743/1743/1743 1728/1728/1728
f 903/903/903 902/902/902 1728/1728/1728
f 1728/1728/1728 902/902/902 1727/1727/1727
f 1727/1727/1727 902/902/902 3147/3147/3147
f 3147/3147/3147 902/902/902 1742/1742/1742
f 1740/1740/1740 1744/1744/1744 1742/1742/1742
f 1742/1742/1742 1744/1744/1744 3147/3147/3147
f 2943/2943/2943 888/888/888 1738/1738/1738
f 1738/1738/1738 888/888/888 1737/1737/1737
f 888/888/888 1745/1745/1745 1737/1737/1737
f 1737/1737/1737 1745/1745/1745 1736/1736/1736
f 1731/1731/1731 1729/1729/1729 1746/1746/1746
f 1746/1746/1746 1729/1729/1729 1747/1747/1747
f 1729/1729/1729 1722/1722/1722 1747/1747/1747
f 1747/1747/1747 1722/1722/1722 1748/1748/1748
f 1722/1722/1722 1724/1724/1724 1748/1748/1748
f 1748/1748/1748 1724/1724/1724 1749/1749/1749
f 1724/1724/1724 884/884/884 1749/1749/1749
f 1749/1749/1749 884/884/884 1750/1750/1750
f 884/884/884 886/886/886 1750/1750/1750
f 1750/1750/1750 886/886/886 1751/1751/1751
f 886/886/886 1733/1733/1733 1751/1751/1751
f 1751/1751/1751 1733/1733/1733 1752/1752/1752
f 1753/1753/1753 1754/1754/1754 930/930/930
f 930/930/930 1754/1754/1754 941/941/941
f 942/942/942 1753/1753/1753 929/929/929
f 929/929/929 1753/1753/1753 930/930/930
f 1755/1755/1755 931/931/931 945/945/945
f 945/945/945 931/931/931 941/941/941
f 936/936/936 1756/1756/1756 916/916/916
f 916/916/916 1756/1756/1756 1757/1757/1757
f 3148/3148/3148 1756/1756/1756 919/919/919
f 919/919/919 1756/1756/1756 937/937/937
f 1758/1758/1758 1755/1755/1755 1759/1759/1759
f 1759/1759/1759 1755/1755/1755 945/945/945
f 1760/1760/1760 1761/1761/1761 1762/1762/1762
f 1762/1762/1762 1761/1761/1761 1763/1763/1763
f 1763/1763/1763 1761/1761/1761 1764/1764/1764
f 1764/1764/1764 1761/1761/1761 1765/1765/1765
f 1766/1766/1766 1767/1767/1767 1762/1762/1762
f 1762/1762/1762 1767/1767/1767 1760/1760/1760
f 1767/1767/1767 921/921/921 1760/1760/1760
f 1760/1760/1760 921/921/921 923/923/923
f 1760/1760/1760 923/923/923 1761/1761/1761
f 1761/1761/1761 923/923/923 944/944/944
f 1758/1758/1758 1768/1768/1768 1755/1755/1755
f 1755/1755/1755 1768/1768/1768 932/932/932
f 1759/1759/1759 945/945/945 1769/1769/1769
f 1769/1769/1769 945/945/945 946/946/946
f 1770/1770/1770 943/943/943 933/933/933
f 933/933/933 943/943/943 929/929/929
f 1770/1770/1770 933/933/933 1771/1771/1771
f 1771/1771/1771 933/933/933 1772/1772/1772
f 1772/1772/1772 933/933/933 1768/1768/1768
f 1768/1768/1768 933/933/933 932/932/932
f 1755/1755/1755 932/932/932 931/931/931
f 931/931/931 932/932/932 929/929/929
f 1773/1773/1773 1774/1774/1774 1765/1765/1765
f 1765/1765/1765 1774/1774/1774 1764/1764/1764
f 1775/1775/1775 962/962/962 1776/1776/1776
f 1776/1776/1776 962/962/962 3007/3007/3007
f 1777/1777/1777 953/953/953 1778/1778/1778
f 1778/1778/1778 953/953/953 955/955/955
f 3026/3026/3026 1777/1777/1777 3025/3025/3025
f 3025/3025/3025 1777/1777/1777 1778/1778/1778
f 959/959/959 963/963/963 951/951/951
f 951/951/951 963/963/963 1779/1779/1779
f 1780/1780/1780 1781/1781/1781 1782/1782/1782
f 1782/1782/1782 1781/1781/1781 1783/1783/1783
f 1784/1784/1784 1780/1780/1780 1785/1785/1785
f 1785/1785/1785 1780/1780/1780 1782/1782/1782
f 1786/1786/1786 1787/1787/1787 1788/1788/1788
f 1788/1788/1788 1787/1787/1787 1789/1789/1789
f 983/983/983 1790/1790/1790 1791/1791/1791
f 1791/1791/1791 1790/1790/1790 1792/1792/1792
f 3007/3007/3007 3065/3065/3065 1776/1776/1776
f 1776/1776/1776 3065/3065/3065 1793/1793/1793
f 954/954/954 956/956/956 1794/1794/1794
f 1794/1794/1794 956/956/956 958/958/958
f 1788/1788/1788 1789/1789/1789 969/969/969
f 969/969/969 1789/1789/1789 957/957/957
f 947/947/947 972/972/972 974/974/974
f 974/974/974 972/972/972 1795/1795/1795
f 974/974/974 1795/1795/1795 1796/1796/1796
f 1796/1796/1796 1795/1795/1795 1797/1797/1797
f 948/948/948 974/974/974 1798/1798/1798
f 1798/1798/1798 974/974/974 3149/3149/3149
f 983/983/983 948/948/948 1790/1790/1790
f 1790/1790/1790 948/948/948 1798/1798/1798
f 1790/1790/1790 1798/1798/1798 1799/1799/1799
f 1799/1799/1799 1798/1798/1798 965/965/965
f 1799/1799/1799 1800/1800/1800 1790/1790/1790
f 1790/1790/1790 1800/1800/1800 1792/1792/1792
f 1801/1801/1801 1802/1802/1802 1803/1803/1803
f 1803/1803/1803 1802/1802/1802 1804/1804/1804
f 976/976/976 975/975/975 1804/1804/1804
f 1804/1804/1804 975/975/975 1803/1803/1803
f 1743/1743/1743 1805/1805/1805 1728/1728/1728
f 1728/1728/1728 1805/1805/1805 1806/1806/1806
f 981/981/981 1081/1081/1081 979/979/979
f 979/979/979 1081/1081/1081 1018/1018/1018
f 1807/1807/1807 1808/1808/1808 1791/1791/1791
f 1791/1791/1791 1808/1808/1808 983/983/983
f 1791/1791/1791 1792/1792/1792 977/977/977
f 977/977/977 1792/1792/1792 975/975/975
f 1008/1008/1008 1085/1085/1085 1006/1006/1006
f 1006/1006/1006 1085/1085/1085 1007/1007/1007
f 975/975/975 1792/1792/1792 1803/1803/1803
f 1803/1803/1803 1792/1792/1792 3151/3151/3151
f 1009/1009/1009 1809/1809/1809 1008/1008/1008
f 1008/1008/1008 1809/1809/1809 1083/1083/1083
f 1810/1810/1810 1807/1807/1807 1811/1811/1811
f 1811/1811/1811 1807/1807/1807 1791/1791/1791
f 3024/3024/3024 1801/1801/1801 3151/3151/3151
f 3151/3151/3151 1801/1801/1801 1803/1803/1803
f 951/951/951 950/950/950 1799/1799/1799
f 1799/1799/1799 950/950/950 1800/1800/1800
f 959/959/959 951/951/951 965/965/965
f 965/965/965 951/951/951 1799/1799/1799
f 1798/1798/1798 3149/3149/3149 965/965/965
f 965/965/965 3149/3149/3149 960/960/960
f 1793/1793/1793 3065/3065/3065 1797/1797/1797
f 1797/1797/1797 3065/3065/3065 1796/1796/1796
f 1789/1789/1789 1787/1787/1787 1812/1812/1812
f 1812/1812/1812 1787/1787/1787 1813/1813/1813
f 957/957/957 1789/1789/1789 1814/1814/1814
f 1814/1814/1814 1789/1789/1789 1812/1812/1812
f 958/958/958 957/957/957 1815/1815/1815
f 1815/1815/1815 957/957/957 1814/1814/1814
f 1794/1794/1794 958/958/958 1816/1816/1816
f 1816/1816/1816 958/958/958 1815/1815/1815
f 1017/1017/1017 1817/1817/1817 979/979/979
f 979/979/979 1817/1817/1817 1005/1005/1005
f 1817/1817/1817 1019/1019/1019 1005/1005/1005
f 1005/1005/1005 1019/1019/1019 1006/1006/1006
f 1007/1007/1007 1085/1085/1085 979/979/979
f 979/979/979 1085/1085/1085 980/980/980
f 1818/1818/1818 1012/1012/1012 1819/1819/1819
f 1819/1819/1819 1012/1012/1012 993/993/993
f 1818/1818/1818 1819/1819/1819 1013/1013/1013
f 1013/1013/1013 1819/1819/1819 996/996/996
f 1085/1085/1085 1084/1084/1084 980/980/980
f 980/980/980 1084/1084/1084 1082/1082/1082
f 1053/1053/1053 1052/1052/1052 1820/1820/1820
f 1821/1821/1821 1053/1053/1053 1820/1820/1820
f 1821/1821/1821 1820/1820/1820 1822/1822/1822
f 1823/1823/1823 1821/1821/1821 1822/1822/1822
f 1823/1823/1823 1822/1822/1822 1824/1824/1824
f 1825/1825/1825 1823/1823/1823 1824/1824/1824
f 1825/1825/1825 1824/1824/1824 1826/1826/1826
f 2831/2831/2831 1825/1825/1825 1826/1826/1826
f 2831/2831/2831 1826/1826/1826 1827/1827/1827
f 2913/2913/2913 2831/2831/2831 1827/1827/1827
f 2913/2913/2913 1827/1827/1827 1828/1828/1828
f 2908/2908/2908 2913/2913/2913 1828/1828/1828
f 2908/2908/2908 1828/1828/1828 1829/1829/1829
f 1830/1830/1830 2908/2908/2908 1829/1829/1829
f 1830/1830/1830 1829/1829/1829 1831/1831/1831
f 1832/1832/1832 1830/1830/1830 1831/1831/1831
f 1832/1832/1832 1831/1831/1831 1833/1833/1833
f 1834/1834/1834 1832/1832/1832 1833/1833/1833
f 1834/1834/1834 1833/1833/1833 1060/1060/1060
f 1061/1061/1061 1834/1834/1834 1060/1060/1060
f 2/2/2 1/1/1 2864/2864/2864
f 3133/3133/3133 2/2/2 2864/2864/2864
f 3133/3133/3133 2864/2864/2864 3154/3154/3154
f 3153/3153/3153 3133/3133/3133 3154/3154/3154
f 3153/3153/3153 3154/3154/3154 3156/3156/3156
f 3152/3152/3152 3153/3153/3153 3156/3156/3156
f 3152/3152/3152 3156/3156/3156 2881/2881/2881
f 3033/3033/3033 3152/3152/3152 2881/2881/2881
f 3033/3033/3033 2881/2881/2881 3057/3057/3057
f 2936/2936/2936 3033/3033/3033 3057/3057/3057
f 2936/2936/2936 3057/3057/3057 3029/3029/3029
f 2897/2897/2897 2936/2936/2936 3029/3029/3029
f 2897/2897/2897 3029/3029/3029 2993/2993/2993
f 3060/3060/3060 2897/2897/2897 2993/2993/2993
f 3060/3060/3060 2993/2993/2993 2792/2792/2792
f 3059/3059/3059 3060/3060/3060 2792/2792/2792
f 3059/3059/3059 2792/2792/2792 3131/3131/3131
f 1069/1069/1069 1068/1068/1068 1066/1066/1066
f 1069/1069/1069 1066/1066/1066 1067/1067/1067
f 1022/1022/1022 1028/1028/1028 1030/1030/1030
f 1024/1024/1024 1022/1022/1022 1030/1030/1030
f 2824/2824/2824 2945/2945/2945 1835/1835/1835
f 1041/1041/1041 2824/2824/2824 1835/1835/1835
f 1041/1041/1041 1835/1835/1835 2925/2925/2925
f 3110/3110/3110 1041/1041/1041 2925/2925/2925
f 28/28/28 20/20/20 19/19/19
f 24/24/24 28/28/28 19/19/19
f 24/24/24 19/19/19 1836/1836/1836
f 12/12/12 24/24/24 1836/1836/1836
f 12/12/12 1836/1836/1836 1837/1837/1837
f 13/13/13 12/12/12 1837/1837/1837
f 13/13/13 1837/1837/1837 32/32/32
f 1027/1027/1027 13/13/13 32/32/32
f 1027/1027/1027 32/32/32 34/34/34
f 7/7/7 1027/1027/1027 34/34/34
f 7/7/7 34/34/34 46/46/46
f 8/8/8 7/7/7 46/46/46
f 8/8/8 46/46/46 47/47/47
f 1838/1838/1838 8/8/8 47/47/47
f 1838/1838/1838 47/47/47 35/35/35
f 2824/2824/2824 1041/1041/1041 1040/1040/1040
f 3040/3040/3040 2824/2824/2824 1040/1040/1040
f 3040/3040/3040 1040/1040/1040 1039/1039/1039
f 3047/3047/3047 3040/3040/3040 1039/1039/1039
f 3047/3047/3047 1039/1039/1039 1038/1038/1038
f 2996/2996/2996 3047/3047/3047 1038/1038/1038
f 2996/2996/2996 1038/1038/1038 1033/1033/1033
f 2828/2828/2828 2996/2996/2996 1033/1033/1033
f 2828/2828/2828 1033/1033/1033 2923/2923/2923
f 2969/2969/2969 2828/2828/2828 2923/2923/2923
f 2969/2969/2969 2923/2923/2923 1839/1839/1839
f 3055/3055/3055 2969/2969/2969 1839/1839/1839
f 3055/3055/3055 1839/1839/1839 1840/1840/1840
f 1841/1841/1841 3055/3055/3055 1840/1840/1840
f 1841/1841/1841 1840/1840/1840 1842/1842/1842
f 1843/1843/1843 1841/1841/1841 1842/1842/1842
f 1843/1843/1843 1842/1842/1842 1844/1844/1844
f 1845/1845/1845 1843/1843/1843 1844/1844/1844
f 1845/1845/1845 1844/1844/1844 1846/1846/1846
f 1847/1847/1847 1845/1845/1845 1846/1846/1846
f 1847/1847/1847 1846/1846/1846 1848/1848/1848
f 1849/1849/1849 1847/1847/1847 1848/1848/1848
f 1849/1849/1849 1848/1848/1848 1850/1850/1850
f 1851/1851/1851 1849/1849/1849 1850/1850/1850
f 1851/1851/1851 1850/1850/1850 1852/1852/1852
f 1853/1853/1853 1851/1851/1851 1852/1852/1852
f 1853/1853/1853 1852/1852/1852 1854/1854/1854
f 3063/3063/3063 1853/1853/1853 1854/1854/1854
f 3063/3063/3063 1854/1854/1854 1855/1855/1855
f 3061/3061/3061 3063/3063/3063 1855/1855/1855
f 3061/3061/3061 1855/1855/1855 1856/1856/1856
f 3048/3048/3048 3061/3061/3061 1856/1856/1856
f 3048/3048/3048 1856/1856/1856 1857/1857/1857
f 1043/1043/1043 3048/3048/3048 1857/1857/1857
f 1043/1043/1043 1857/1857/1857 1858/1858/1858
f 1031/1031/1031 1043/1043/1043 1858/1858/1858
f 1031/1031/1031 1858/1858/1858 1835/1835/1835
f 2945/2945/2945 1031/1031/1031 1835/1835/1835
f 1032/1032/1032 2902/2902/2902 2967/2967/2967
f 3104/3104/3104 1032/1032/1032 2967/2967/2967
f 3104/3104/3104 2967/2967/2967 3126/3126/3126
f 1840/1840/1840 3104/3104/3104 3126/3126/3126
f 1840/1840/1840 3126/3126/3126 2898/2898/2898
f 1842/1842/1842 1840/1840/1840 2898/2898/2898
f 1842/1842/1842 2898/2898/2898 2937/2937/2937
f 3157/3157/3157 1842/1842/1842 2937/2937/2937
f 3157/3157/3157 2937/2937/2937 2922/2922/2922
f 1846/1846/1846 3157/3157/3157 2922/2922/2922
f 1846/1846/1846 2922/2922/2922 2975/2975/2975
f 1848/1848/1848 1846/1846/1846 2975/2975/2975
f 1848/1848/1848 2975/2975/2975 3018/3018/3018
f 1850/1850/1850 1848/1848/1848 3018/3018/3018
f 1850/1850/1850 3018/3018/3018 2810/2810/2810
f 1852/1852/1852 1850/1850/1850 2810/2810/2810
f 1852/1852/1852 2810/2810/2810 2893/2893/2893
f 1854/1854/1854 1852/1852/1852 2893/2893/2893
f 1854/1854/1854 2893/2893/2893 2920/2920/2920
f 3162/3162/3162 1854/1854/1854 2920/2920/2920
f 3162/3162/3162 2920/2920/2920 3117/3117/3117
f 3003/3003/3003 3162/3162/3162 3117/3117/3117
f 3003/3003/3003 3117/3117/3117 2914/2914/2914
f 1857/1857/1857 3003/3003/3003 2914/2914/2914
f 1857/1857/1857 2914/2914/2914 2958/2958/2958
f 1858/1858/1858 1857/1857/1857 2958/2958/2958
f 1858/1858/1858 2958/2958/2958 2925/2925/2925
f 1835/1835/1835 1858/1858/1858 2925/2925/2925
f 19/19/19 16/16/16 5/5/5
f 1836/1836/1836 19/19/19 5/5/5
f 1836/1836/1836 5/5/5 4/4/4
f 1837/1837/1837 1836/1836/1836 4/4/4
f 1837/1837/1837 4/4/4 1025/1025/1025
f 32/32/32 1837/1837/1837 1025/1025/1025
f 32/32/32 1025/1025/1025 1026/1026/1026
f 30/30/30 32/32/32 1026/1026/1026
f 30/30/30 1026/1026/1026 6/6/6
f 1074/1074/1074 30/30/30 6/6/6
f 1074/1074/1074 6/6/6 39/39/39
f 41/41/41 1074/1074/1074 39/39/39
f 41/41/41 39/39/39 49/49/49
f 42/42/42 41/41/41 49/49/49
f 42/42/42 49/49/49 48/48/48
f 56/56/56 42/42/42 48/48/48
f 1077/1077/1077 1078/1078/1078 1859/1859/1859
f 3161/3161/3161 1077/1077/1077 1859/1859/1859
f 3161/3161/3161 1859/1859/1859 1860/1860/1860
f 3160/3160/3160 3161/3161/3161 1860/1860/1860
f 3160/3160/3160 1860/1860/1860 1861/1861/1861
f 2901/2901/2901 3160/3160/3160 1861/1861/1861
f 2901/2901/2901 1861/1861/1861 1862/1862/1862
f 3159/3159/3159 2901/2901/2901 1862/1862/1862
f 3159/3159/3159 1862/1862/1862 1863/1863/1863
f 3158/3158/3158 3159/3159/3159 1863/1863/1863
f 3158/3158/3158 1863/1863/1863 1864/1864/1864
f 1843/1843/1843 3158/3158/3158 1864/1864/1864
f 1843/1843/1843 1864/1864/1864 1865/1865/1865
f 1841/1841/1841 1843/1843/1843 1865/1865/1865
f 1841/1841/1841 1865/1865/1865 1046/1046/1046
f 1048/1048/1048 1841/1841/1841 1046/1046/1046
f 827/827/827 826/826/826 60/60/60
f 857/857/857 827/827/827 60/60/60
f 857/857/857 60/60/60 62/62/62
f 1711/1711/1711 857/857/857 62/62/62
f 1711/1711/1711 62/62/62 565/565/565
f 1708/1708/1708 1711/1711/1711 565/565/565
f 1708/1708/1708 565/565/565 1705/1705/1705
f 1697/1697/1697 1708/1708/1708 1705/1705/1705
f 1697/1697/1697 1705/1705/1705 1703/1703/1703
f 1698/1698/1698 1697/1697/1697 1703/1703/1703
f 1698/1698/1698 1703/1703/1703 1706/1706/1706
f 1692/1692/1692 1698/1698/1698 1706/1706/1706
f 1692/1692/1692 1706/1706/1706 852/852/852
f 841/841/841 1692/1692/1692 852/852/852
f 841/841/841 852/852/852 854/854/854
f 840/840/840 841/841/841 854/854/854
f 840/840/840 854/854/854 855/855/855
f 842/842/842 840/840/840 855/855/855
f 842/842/842 855/855/855 835/835/835
f 1699/1699/1699 842/842/842 835/835/835
f 1699/1699/1699 835/835/835 554/554/554
f 1700/1700/1700 1699/1699/1699 554/554/554
f 1700/1700/1700 554/554/554 833/833/833
f 1702/1702/1702 1700/1700/1700 833/833/833
f 1702/1702/1702 833/833/833 832/832/832
f 1147/1147/1147 1702/1702/1702 832/832/832
f 1147/1147/1147 832/832/832 1693/1693/1693
f 850/850/850 1147/1147/1147 1693/1693/1693
f 850/850/850 1693/1693/1693 844/844/844
f 848/848/848 850/850/850 844/844/844
f 848/848/848 844/844/844 472/472/472
f 1866/1866/1866 848/848/848 472/472/472
f 1866/1866/1866 472/472/472 474/474/474
f 1867/1867/1867 1866/1866/1866 474/474/474
f 1867/1867/1867 474/474/474 1409/1409/1409
f 1868/1868/1868 1867/1867/1867 1409/1409/1409
f 1868/1868/1868 1409/1409/1409 1405/1405/1405
f 1869/1869/1869 1868/1868/1868 1405/1405/1405
f 1869/1869/1869 1405/1405/1405 497/497/497
f 488/488/488 1869/1869/1869 497/497/497
f 488/488/488 497/497/497 498/498/498
f 487/487/487 488/488/488 498/498/498
f 487/487/487 498/498/498 1417/1417/1417
f 486/486/486 487/487/487 1417/1417/1417
f 486/486/486 1417/1417/1417 1418/1418/1418
f 485/485/485 486/486/486 1418/1418/1418
f 485/485/485 1418/1418/1418 1424/1424/1424
f 484/484/484 485/485/485 1424/1424/1424
f 484/484/484 1424/1424/1424 1421/1421/1421
f 1870/1870/1870 484/484/484 1421/1421/1421
f 1870/1870/1870 1421/1421/1421 1416/1416/1416
f 476/476/476 1870/1870/1870 1416/1416/1416
f 476/476/476 1416/1416/1416 1414/1414/1414
f 477/477/477 476/476/476 1414/1414/1414
f 477/477/477 1414/1414/1414 1413/1413/1413
f 1871/1871/1871 477/477/477 1413/1413/1413
f 1871/1871/1871 1413/1413/1413 1419/1419/1419
f 1872/1872/1872 1871/1871/1871 1419/1419/1419
f 1872/1872/1872 1419/1419/1419 2807/2807/2807
f 1873/1873/1873 1872/1872/1872 2807/2807/2807
f 1873/1873/1873 491/491/491 492/492/492
f 468/468/468 1873/1873/1873 492/492/492
f 62/62/62 61/61/61 65/65/65
f 566/566/566 62/62/62 65/65/65
f 566/566/566 65/65/65 845/845/845
f 859/859/859 566/566/566 845/845/845
f 859/859/859 845/845/845 1707/1707/1707
f 831/831/831 859/859/859 1707/1707/1707
f 831/831/831 1707/1707/1707 1712/1712/1712
f 829/829/829 831/831/831 1712/1712/1712
f 829/829/829 1712/1712/1712 1694/1694/1694
f 556/556/556 829/829/829 1694/1694/1694
f 556/556/556 1694/1694/1694 1695/1695/1695
f 554/554/554 556/556/556 1695/1695/1695
f 554/554/554 1695/1695/1695 1148/1148/1148
f 833/833/833 554/554/554 1148/1148/1148
f 833/833/833 1148/1148/1148 66/66/66
f 834/834/834 833/833/833 66/66/66
f 834/834/834 66/66/66 152/152/152
f 1691/1691/1691 834/834/834 152/152/152
f 1691/1691/1691 152/152/152 549/549/549
f 1696/1696/1696 1691/1691/1691 549/549/549
f 1696/1696/1696 549/549/549 496/496/496
f 1412/1412/1412 1696/1696/1696 496/496/496
f 1412/1412/1412 496/496/496 494/494/494
f 1411/1411/1411 1412/1412/1412 494/494/494
f 1411/1411/1411 494/494/494 493/493/493
f 1407/1407/1407 1411/1411/1411 493/493/493
f 1407/1407/1407 493/493/493 74/74/74
f 1406/1406/1406 1407/1407/1407 74/74/74
f 1406/1406/1406 74/74/74 497/497/497
f 1405/1405/1405 1406/1406/1406 497/497/497
f 1874/1874/1874 1875/1875/1875 1876/1876/1876
f 1877/1877/1877 1874/1874/1874 1876/1876/1876
f 1877/1877/1877 1876/1876/1876 1878/1878/1878
f 1879/1879/1879 1877/1877/1877 1878/1878/1878
f 1879/1879/1879 1878/1878/1878 1880/1880/1880
f 1881/1881/1881 1879/1879/1879 1880/1880/1880
f 1881/1881/1881 1880/1880/1880 1882/1882/1882
f 1883/1883/1883 1881/1881/1881 1882/1882/1882
f 1883/1883/1883 1882/1882/1882 1884/1884/1884
f 1885/1885/1885 1883/1883/1883 1884/1884/1884
f 1885/1885/1885 1884/1884/1884 1886/1886/1886
f 1887/1887/1887 1885/1885/1885 1886/1886/1886
f 1887/1887/1887 1886/1886/1886 1888/1888/1888
f 1889/1889/1889 1887/1887/1887 1888/1888/1888
f 1889/1889/1889 1888/1888/1888 1875/1875/1875
f 1874/1874/1874 1889/1889/1889 1875/1875/1875
f 1890/1890/1890 1891/1891/1891 1892/1892/1892
f 1893/1893/1893 1890/1890/1890 1892/1892/1892
f 1893/1893/1893 1892/1892/1892 1894/1894/1894
f 1895/1895/1895 1893/1893/1893 1894/1894/1894
f 1895/1895/1895 1894/1894/1894 1896/1896/1896
f 1897/1897/1897 1895/1895/1895 1896/1896/1896
f 1897/1897/1897 1896/1896/1896 1898/1898/1898
f 1899/1899/1899 1897/1897/1897 1898/1898/1898
f 1899/1899/1899 1898/1898/1898 1900/1900/1900
f 1901/1901/1901 1899/1899/1899 1900/1900/1900
f 1901/1901/1901 1900/1900/1900 1902/1902/1902
f 1903/1903/1903 1901/1901/1901 1902/1902/1902
f 1903/1903/1903 1902/1902/1902 1904/1904/1904
f 1905/1905/1905 1903/1903/1903 1904/1904/1904
f 1905/1905/1905 1904/1904/1904 1891/1891/1891
f 1890/1890/1890 1905/1905/1905 1891/1891/1891
f 1006/1006/1006 1020/1020/1020 1906/1906/1906
f 1009/1009/1009 1006/1006/1006 1906/1906/1906
f 1009/1009/1009 1906/1906/1906 1907/1907/1907
f 1809/1809/1809 1009/1009/1009 1907/1907/1907
f 1809/1809/1809 1907/1907/1907 1016/1016/1016
f 1083/1083/1083 1809/1809/1809 1016/1016/1016
f 1083/1083/1083 1016/1016/1016 3128/3128/3128
f 1084/1084/1084 1083/1083/1083 3128/3128/3128
f 1084/1084/1084 3128/3128/3128 3039/3039/3039
f 1082/1082/1082 1084/1084/1084 3039/3039/3039
f 1082/1082/1082 3039/3039/3039 95/95/95
f 1079/1079/1079 1082/1082/1082 95/95/95
f 1079/1079/1079 95/95/95 97/97/97
f 1080/1080/1080 1079/1079/1079 97/97/97
f 1080/1080/1080 97/97/97 96/96/96
f 1908/1908/1908 1080/1080/1080 96/96/96
f 1908/1908/1908 96/96/96 1000/1000/1000
f 1909/1909/1909 1908/1908/1908 1000/1000/1000
f 1909/1909/1909 1000/1000/1000 994/994/994
f 1910/1910/1910 1909/1909/1909 994/994/994
f 1910/1910/1910 994/994/994 1004/1004/1004
f 1911/1911/1911 1910/1910/1910 1004/1004/1004
f 1911/1911/1911 1004/1004/1004 1012/1012/1012
f 1912/1912/1912 1911/1911/1911 1012/1012/1012
f 1912/1912/1912 1012/1012/1012 1818/1818/1818
f 1913/1913/1913 1912/1912/1912 1818/1818/1818
f 1913/1913/1913 1818/1818/1818 1013/1013/1013
f 1914/1914/1914 1913/1913/1913 1013/1013/1013
f 1914/1914/1914 1013/1013/1013 998/998/998
f 1915/1915/1915 1914/1914/1914 998/998/998
f 1915/1915/1915 998/998/998 997/997/997
f 1916/1916/1916 1915/1915/1915 997/997/997
f 1916/1916/1916 997/997/997 1002/1002/1002
f 1917/1917/1917 1916/1916/1916 1002/1002/1002
f 1917/1917/1917 1002/1002/1002 1011/1011/1011
f 1918/1918/1918 1917/1917/1917 1011/1011/1011
f 1918/1918/1918 1011/1011/1011 1016/1016/1016
f 1907/1907/1907 1918/1918/1918 1016/1016/1016
f 1919/1919/1919 1906/1906/1906 1020/1020/1020
f 1920/1920/1920 1919/1919/1919 1020/1020/1020
f 1920/1920/1920 1020/1020/1020 1019/1019/1019
f 1921/1921/1921 1920/1920/1920 1019/1019/1019
f 1921/1921/1921 1019/1019/1019 1817/1817/1817
f 1922/1922/1922 1921/1921/1921 1817/1817/1817
f 1922/1922/1922 1817/1817/1817 1017/1017/1017
f 1923/1923/1923 1922/1922/1922 1017/1017/1017
f 1923/1923/1923 1017/1017/1017 1018/1018/1018
f 1924/1924/1924 1923/1923/1923 1018/1018/1018
f 1924/1924/1924 1018/1018/1018 1081/1081/1081
f 1925/1925/1925 1924/1924/1924 1081/1081/1081
f 1925/1925/1925 1081/1081/1081 1080/1080/1080
f 1926/1926/1926 1925/1925/1925 1080/1080/1080
f 1926/1926/1926 1080/1080/1080 1908/1908/1908
f 1927/1927/1927 1926/1926/1926 1908/1908/1908
f 1927/1927/1927 1908/1908/1908 1909/1909/1909
f 1928/1928/1928 1927/1927/1927 1909/1909/1909
f 1928/1928/1928 1909/1909/1909 1910/1910/1910
f 1929/1929/1929 1928/1928/1928 1910/1910/1910
f 1929/1929/1929 1910/1910/1910 1911/1911/1911
f 1930/1930/1930 1929/1929/1929 1911/1911/1911
f 1930/1930/1930 1911/1911/1911 1912/1912/1912
f 1931/1931/1931 1930/1930/1930 1912/1912/1912
f 1931/1931/1931 1912/1912/1912 1913/1913/1913
f 1932/1932/1932 1931/1931/1931 1913/1913/1913
f 1932/1932/1932 1913/1913/1913 1914/1914/1914
f 1933/1933/1933 1932/1932/1932 1914/1914/1914
f 1933/1933/1933 1914/1914/1914 1915/1915/1915
f 1934/1934/1934 1933/1933/1933 1915/1915/1915
f 1934/1934/1934 1915/1915/1915 1916/1916/1916
f 1935/1935/1935 1934/1934/1934 1916/1916/1916
f 1935/1935/1935 1916/1916/1916 1917/1917/1917
f 1936/1936/1936 1935/1935/1935 1917/1917/1917
f 1936/1936/1936 1917/1917/1917 1918/1918/1918
f 1937/1937/1937 1936/1936/1936 1918/1918/1918
f 1937/1937/1937 1918/1918/1918 1907/1907/1907
f 1938/1938/1938 1937/1937/1937 1907/1907/1907
f 1938/1938/1938 1907/1907/1907 1906/1906/1906
f 1919/1919/1919 1938/1938/1938 1906/1906/1906
f 1939/1939/1939 1919/1919/1919 1920/1920/1920
f 1940/1940/1940 1939/1939/1939 1920/1920/1920
f 1940/1940/1940 1920/1920/1920 1921/1921/1921
f 1941/1941/1941 1940/1940/1940 1921/1921/1921
f 1941/1941/1941 1921/1921/1921 1922/1922/1922
f 1942/1942/1942 1941/1941/1941 1922/1922/1922
f 1942/1942/1942 1922/1922/1922 1923/1923/1923
f 1943/1943/1943 1942/1942/1942 1923/1923/1923
f 1943/1943/1943 1923/1923/1923 1924/1924/1924
f 1944/1944/1944 1943/1943/1943 1924/1924/1924
f 1944/1944/1944 1924/1924/1924 1925/1925/1925
f 1945/1945/1945 1944/1944/1944 1925/1925/1925
f 1945/1945/1945 1925/1925/1925 1926/1926/1926
f 1946/1946/1946 1945/1945/1945 1926/1926/1926
f 1946/1946/1946 1926/1926/1926 1927/1927/1927
f 1947/1947/1947 1946/1946/1946 1927/1927/1927
f 1947/1947/1947 1927/1927/1927 1928/1928/1928
f 1948/1948/1948 1947/1947/1947 1928/1928/1928
f 1948/1948/1948 1928/1928/1928 1929/1929/1929
f 1949/1949/1949 1948/1948/1948 1929/1929/1929
f 1949/1949/1949 1929/1929/1929 1930/1930/1930
f 1950/1950/1950 1949/1949/1949 1930/1930/1930
f 1950/1950/1950 1930/1930/1930 1931/1931/1931
f 1951/1951/1951 1950/1950/1950 1931/1931/1931
f 1951/1951/1951 1931/1931/1931 1932/1932/1932
f 1952/1952/1952 1951/1951/1951 1932/1932/1932
f 1952/1952/1952 1932/1932/1932 1933/1933/1933
f 1953/1953/1953 1952/1952/1952 1933/1933/1933
f 1953/1953/1953 1933/1933/1933 1934/1934/1934
f 1954/1954/1954 1953/1953/1953 1934/1934/1934
f 1954/1954/1954 1934/1934/1934 1935/1935/1935
f 1955/1955/1955 1954/1954/1954 1935/1935/1935
f 1955/1955/1955 1935/1935/1935 1936/1936/1936
f 1956/1956/1956 1955/1955/1955 1936/1936/1936
f 1956/1956/1956 1936/1936/1936 1937/1937/1937
f 1957/1957/1957 1956/1956/1956 1937/1937/1937
f 1957/1957/1957 1937/1937/1937 1938/1938/1938
f 1958/1958/1958 1957/1957/1957 1938/1938/1938
f 1958/1958/1958 1938/1938/1938 1919/1919/1919
f 1939/1939/1939 1958/1958/1958 1919/1919/1919
f 99/99/99 1123/1123/1123 1087/1087/1087
f 100/100/100 99/99/99 1087/1087/1087
f 100/100/100 1087/1087/1087 1089/1089/1089
f 1086/1086/1086 100/100/100 1089/1089/1089
f 1086/1086/1086 1089/1089/1089 1108/1108/1108
f 506/506/506 1086/1086/1086 1108/1108/1108
f 506/506/506 1108/1108/1108 1429/1429/1429
f 504/504/504 506/506/506 1429/1429/1429
f 504/504/504 1429/1429/1429 1427/1427/1427
f 1959/1959/1959 504/504/504 1427/1427/1427
f 1959/1959/1959 1427/1427/1427 1426/1426/1426
f 1960/1960/1960 1959/1959/1959 1426/1426/1426
f 1960/1960/1960 1426/1426/1426 1430/1430/1430
f 1961/1961/1961 1960/1960/1960 1430/1430/1430
f 1961/1961/1961 1430/1430/1430 1434/1434/1434
f 1962/1962/1962 1961/1961/1961 1434/1434/1434
f 1094/1094/1094 1092/1092/1092 1100/1100/1100
f 1963/1963/1963 1094/1094/1094 1100/1100/1100
f 1963/1963/1963 1100/1100/1100 1099/1099/1099
f 1964/1964/1964 1963/1963/1963 1099/1099/1099
f 1964/1964/1964 1099/1099/1099 1965/1965/1965
f 1966/1966/1966 1964/1964/1964 1965/1965/1965
f 1966/1966/1966 1965/1965/1965 1967/1967/1967
f 1968/1968/1968 1966/1966/1966 1967/1967/1967
f 1968/1968/1968 1967/1967/1967 1121/1121/1121
f 1969/1969/1969 1968/1968/1968 1121/1121/1121
f 1969/1969/1969 1121/1121/1121 1122/1122/1122
f 1970/1970/1970 1969/1969/1969 1122/1122/1122
f 1970/1970/1970 1122/1122/1122 1115/1115/1115
f 1971/1971/1971 1970/1970/1970 1115/1115/1115
f 1971/1971/1971 1115/1115/1115 1116/1116/1116
f 1972/1972/1972 1971/1971/1971 1116/1116/1116
f 1972/1972/1972 1116/1116/1116 1111/1111/1111
f 1973/1973/1973 1972/1972/1972 1111/1111/1111
f 1973/1973/1973 1111/1111/1111 1112/1112/1112
f 1974/1974/1974 1973/1973/1973 1112/1112/1112
f 1974/1974/1974 1112/1112/1112 164/164/164
f 1975/1975/1975 1974/1974/1974 164/164/164
f 1975/1975/1975 164/164/164 166/166/166
f 1976/1976/1976 1975/1975/1975 166/166/166
f 1976/1976/1976 166/166/166 1977/1977/1977
f 1978/1978/1978 1976/1976/1976 1977/1977/1977
f 1978/1978/1978 1977/1977/1977 1979/1979/1979
f 1980/1980/1980 1978/1978/1978 1979/1979/1979
f 112/112/112 110/110/110 1981/1981/1981
f 114/114/114 112/112/112 1981/1981/1981
f 114/114/114 1981/1981/1981 1982/1982/1982
f 115/115/115 114/114/114 1982/1982/1982
f 115/115/115 1982/1982/1982 511/511/511
f 2926/2926/2926 115/115/115 511/511/511
f 2927/2927/2927 511/511/511 510/510/510
f 116/116/116 117/117/117 2795/2795/2795
f 116/116/116 2795/2795/2795 519/519/519
f 118/118/118 116/116/116 519/519/519
f 118/118/118 519/519/519 512/512/512
f 1129/1129/1129 118/118/118 512/512/512
f 1129/1129/1129 512/512/512 514/514/514
f 1128/1128/1128 1129/1129/1129 514/514/514
f 1128/1128/1128 514/514/514 1983/1983/1983
f 1130/1130/1130 1128/1128/1128 1983/1983/1983
f 2886/2886/2886 1984/1984/1984 1985/1985/1985
f 126/126/126 2886/2886/2886 1985/1985/1985
f 126/126/126 1985/1985/1985 1986/1986/1986
f 127/127/127 126/126/126 1986/1986/1986
f 2905/2905/2905 2940/2940/2940 1987/1987/1987
f 132/132/132 2905/2905/2905 1987/1987/1987
f 132/132/132 1987/1987/1987 1988/1988/1988
f 133/133/133 132/132/132 1988/1988/1988
f 2802/2802/2802 1988/1988/1988 1989/1989/1989
f 121/121/121 2802/2802/2802 1989/1989/1989
f 121/121/121 1989/1989/1989 1990/1990/1990
f 138/138/138 121/121/121 1990/1990/1990
f 2989/2989/2989 2965/2965/2965 1991/1991/1991
f 129/129/129 2989/2989/2989 1991/1991/1991
f 129/129/129 1991/1991/1991 3167/3167/3167
f 130/130/130 129/129/129 3167/3167/3167
f 2989/2989/2989 129/129/129 131/131/131
f 2930/2930/2930 2989/2989/2989 131/131/131
f 2930/2930/2930 131/131/131 139/139/139
f 2860/2860/2860 2930/2930/2930 139/139/139
f 2860/2860/2860 139/139/139 1992/1992/1992
f 2858/2858/2858 2860/2860/2860 1992/1992/1992
f 2858/2858/2858 1992/1992/1992 1993/1993/1993
f 1132/1132/1132 1133/1133/1133 1993/1993/1993
f 1132/1132/1132 1993/1993/1993 1994/1994/1994
f 2890/2890/2890 1132/1132/1132 1994/1994/1994
f 2890/2890/2890 1994/1994/1994 1995/1995/1995
f 135/135/135 136/136/136 2790/2790/2790
f 135/135/135 2790/2790/2790 1996/1996/1996
f 2880/2880/2880 135/135/135 1996/1996/1996
f 2880/2880/2880 1996/1996/1996 1997/1997/1997
f 126/126/126 137/137/137 3168/3168/3168
f 126/126/126 3168/3168/3168 1998/1998/1998
f 2886/2886/2886 126/126/126 1998/1998/1998
f 2886/2886/2886 1998/1998/1998 1999/1999/1999
f 139/139/139 130/130/130 3017/3017/3017
f 139/139/139 3017/3017/3017 1992/1992/1992
f 2790/2790/2790 3071/3071/3071 103/103/103
f 1996/1996/1996 2790/2790/2790 103/103/103
f 1996/1996/1996 103/103/103 1142/1142/1142
f 1997/1997/1997 1996/1996/1996 1142/1142/1142
f 3168/3168/3168 3075/3075/3075 1141/1141/1141
f 1998/1998/1998 3168/3168/3168 1141/1141/1141
f 1998/1998/1998 1141/1141/1141 124/124/124
f 1999/1999/1999 1998/1998/1998 124/124/124
f 3017/3017/3017 124/124/124 173/173/173
f 1992/1992/1992 3017/3017/3017 173/173/173
f 1992/1992/1992 173/173/173 2873/2873/2873
f 1993/1993/1993 1992/1992/1992 2873/2873/2873
f 1993/1993/1993 2873/2873/2873 3070/3070/3070
f 1994/1994/1994 1993/1993/1993 3070/3070/3070
f 1994/1994/1994 3070/3070/3070 3072/3072/3072
f 1995/1995/1995 1994/1994/1994 3072/3072/3072
f 105/105/105 104/104/104 2000/2000/2000
f 1143/1143/1143 105/105/105 2000/2000/2000
f 1143/1143/1143 2000/2000/2000 2001/2001/2001
f 1140/1140/1140 1143/1143/1143 2001/2001/2001
f 1140/1140/1140 2001/2001/2001 2002/2002/2002
f 2003/2003/2003 1140/1140/1140 2002/2002/2002
f 2003/2003/2003 2002/2002/2002 171/171/171
f 2004/2004/2004 2003/2003/2003 171/171/171
f 2004/2004/2004 171/171/171 170/170/170
f 2877/2877/2877 2004/2004/2004 170/170/170
f 2877/2877/2877 170/170/170 167/167/167
f 3012/3012/3012 2877/2877/2877 167/167/167
f 147/147/147 167/167/167 2005/2005/2005
f 2006/2006/2006 147/147/147 2005/2005/2005
f 2006/2006/2006 2005/2005/2005 2007/2007/2007
f 2008/2008/2008 2006/2006/2006 2007/2007/2007
f 2008/2008/2008 2007/2007/2007 2009/2009/2009
f 2010/2010/2010 2008/2008/2008 2009/2009/2009
f 2010/2010/2010 2009/2009/2009 2011/2011/2011
f 2012/2012/2012 2010/2010/2010 2011/2011/2011
f 2012/2012/2012 2011/2011/2011 2013/2013/2013
f 861/861/861 2012/2012/2012 2013/2013/2013
f 861/861/861 2013/2013/2013 874/874/874
f 175/175/175 141/141/141 2014/2014/2014
f 169/169/169 175/175/175 2014/2014/2014
f 169/169/169 2014/2014/2014 2015/2015/2015
f 167/167/167 169/169/169 2015/2015/2015
f 167/167/167 2015/2015/2015 2016/2016/2016
f 2005/2005/2005 167/167/167 2016/2016/2016
f 2005/2005/2005 2016/2016/2016 2017/2017/2017
f 2007/2007/2007 2005/2005/2005 2017/2017/2017
f 2007/2007/2007 2017/2017/2017 2018/2018/2018
f 2009/2009/2009 2007/2007/2007 2018/2018/2018
f 2009/2009/2009 2018/2018/2018 2019/2019/2019
f 2011/2011/2011 2009/2009/2009 2019/2019/2019
f 2011/2011/2011 2019/2019/2019 2020/2020/2020
f 2013/2013/2013 2011/2011/2011 2020/2020/2020
f 2013/2013/2013 2020/2020/2020 2021/2021/2021
f 874/874/874 2013/2013/2013 2021/2021/2021
f 874/874/874 2021/2021/2021 1117/1117/1117
f 862/862/862 874/874/874 1117/1117/1117
f 862/862/862 1117/1117/1117 1106/1106/1106
f 2022/2022/2022 1467/1467/1467 1472/1472/1472
f 2023/2023/2023 2022/2022/2022 1472/1472/1472
f 2023/2023/2023 1472/1472/1472 1471/1471/1471
f 2024/2024/2024 2023/2023/2023 1471/1471/1471
f 2024/2024/2024 1471/1471/1471 1473/1473/1473
f 2025/2025/2025 2024/2024/2024 1473/1473/1473
f 2025/2025/2025 1473/1473/1473 1470/1470/1470
f 2026/2026/2026 2025/2025/2025 1470/1470/1470
f 2026/2026/2026 1470/1470/1470 2027/2027/2027
f 582/582/582 2026/2026/2026 2027/2027/2027
f 582/582/582 2027/2027/2027 2028/2028/2028
f 581/581/581 582/582/582 2028/2028/2028
f 581/581/581 2028/2028/2028 2819/2819/2819
f 579/579/579 581/581/581 2819/2819/2819
f 579/579/579 2819/2819/2819 2861/2861/2861
f 2029/2029/2029 579/579/579 551/551/551
f 2029/2029/2029 551/551/551 2030/2030/2030
f 2031/2031/2031 2029/2029/2029 2030/2030/2030
f 2031/2031/2031 2030/2030/2030 2032/2032/2032
f 2033/2033/2033 2031/2031/2031 2032/2032/2032
f 2033/2033/2033 2032/2032/2032 2034/2034/2034
f 2035/2035/2035 2033/2033/2033 2034/2034/2034
f 2035/2035/2035 2034/2034/2034 2036/2036/2036
f 2037/2037/2037 2035/2035/2035 2036/2036/2036
f 2037/2037/2037 2036/2036/2036 866/866/866
f 2038/2038/2038 2037/2037/2037 866/866/866
f 843/843/843 1701/1701/1701 1146/1146/1146
f 2039/2039/2039 843/843/843 1146/1146/1146
f 2039/2039/2039 1146/1146/1146 2776/2776/2776
f 2040/2040/2040 2039/2039/2039 2776/2776/2776
f 2040/2040/2040 2776/2776/2776 2777/2777/2777
f 2041/2041/2041 2040/2040/2040 2777/2777/2777
f 2041/2041/2041 2777/2777/2777 2042/2042/2042
f 2043/2043/2043 2041/2041/2041 2042/2042/2042
f 2043/2043/2043 2042/2042/2042 2044/2044/2044
f 2045/2045/2045 2043/2043/2043 2044/2044/2044
f 2045/2045/2045 2044/2044/2044 2046/2046/2046
f 470/470/470 2045/2045/2045 2046/2046/2046
f 470/470/470 2046/2046/2046 2047/2047/2047
f 471/471/471 470/470/470 2047/2047/2047
f 471/471/471 2047/2047/2047 2048/2048/2048
f 481/481/481 471/471/471 2048/2048/2048
f 481/481/481 2048/2048/2048 475/475/475
f 479/479/479 481/481/481 475/475/475
f 479/479/479 475/475/475 477/477/477
f 480/480/480 479/479/479 477/477/477
f 480/480/480 477/477/477 1871/1871/1871
f 1408/1408/1408 480/480/480 1871/1871/1871
f 1408/1408/1408 1871/1871/1871 1872/1872/1872
f 467/467/467 1408/1408/1408 1872/1872/1872
f 467/467/467 1872/1872/1872 1873/1873/1873
f 468/468/468 467/467/467 1873/1873/1873
f 2049/2049/2049 1477/1477/1477 153/153/153
f 2050/2050/2050 2049/2049/2049 153/153/153
f 2050/2050/2050 153/153/153 63/63/63
f 2051/2051/2051 2050/2050/2050 63/63/63
f 2051/2051/2051 63/63/63 61/61/61
f 2052/2052/2052 2051/2051/2051 61/61/61
f 2052/2052/2052 61/61/61 826/826/826
f 2053/2053/2053 2052/2052/2052 826/826/826
f 2053/2053/2053 826/826/826 828/828/828
f 2054/2054/2054 2053/2053/2053 828/828/828
f 2054/2054/2054 828/828/828 1690/1690/1690
f 2055/2055/2055 2054/2054/2054 1690/1690/1690
f 2055/2055/2055 1690/1690/1690 1679/1679/1679
f 2056/2056/2056 2055/2055/2055 1679/1679/1679
f 2056/2056/2056 1679/1679/1679 819/819/819
f 2057/2057/2057 2056/2056/2056 819/819/819
f 2057/2057/2057 819/819/819 818/818/818
f 1159/1159/1159 1156/1156/1156 1154/1154/1154
f 1157/1157/1157 1159/1159/1159 1154/1154/1154
f 1157/1157/1157 1154/1154/1154 311/311/311
f 2058/2058/2058 1157/1157/1157 311/311/311
f 2058/2058/2058 311/311/311 2059/2059/2059
f 2060/2060/2060 2058/2058/2058 2059/2059/2059
f 2060/2060/2060 2059/2059/2059 2061/2061/2061
f 2062/2062/2062 2060/2060/2060 2061/2061/2061
f 2062/2062/2062 2061/2061/2061 2063/2063/2063
f 2064/2064/2064 2062/2062/2062 2063/2063/2063
f 2064/2064/2064 2063/2063/2063 701/701/701
f 2065/2065/2065 2064/2064/2064 701/701/701
f 2065/2065/2065 701/701/701 1482/1482/1482
f 2066/2066/2066 2065/2065/2065 1482/1482/1482
f 2066/2066/2066 1482/1482/1482 1483/1483/1483
f 2067/2067/2067 2066/2066/2066 1483/1483/1483
f 1175/1175/1175 243/243/243 3082/3082/3082
f 2068/2068/2068 1175/1175/1175 3082/3082/3082
f 2068/2068/2068 3082/3082/3082 3081/3081/3081
f 2069/2069/2069 2068/2068/2068 3081/3081/3081
f 2069/2069/2069 3081/3081/3081 2970/2970/2970
f 2070/2070/2070 2069/2069/2069 2970/2970/2970
f 2070/2070/2070 2970/2970/2970 2791/2791/2791
f 2071/2071/2071 2070/2070/2070 2791/2791/2791
f 2071/2071/2071 2791/2791/2791 2955/2955/2955
f 2072/2072/2072 2071/2071/2071 2955/2955/2955
f 2072/2072/2072 2955/2955/2955 183/183/183
f 2073/2073/2073 2072/2072/2072 183/183/183
f 2073/2073/2073 183/183/183 179/179/179
f 2074/2074/2074 2073/2073/2073 179/179/179
f 2074/2074/2074 179/179/179 184/184/184
f 2075/2075/2075 2074/2074/2074 184/184/184
f 2075/2075/2075 184/184/184 181/181/181
f 2076/2076/2076 2075/2075/2075 181/181/181
f 2076/2076/2076 181/181/181 195/195/195
f 230/230/230 2076/2076/2076 195/195/195
f 230/230/230 195/195/195 194/194/194
f 186/186/186 230/230/230 194/194/194
f 186/186/186 194/194/194 193/193/193
f 191/191/191 186/186/186 193/193/193
f 191/191/191 193/193/193 236/236/236
f 1187/1187/1187 191/191/191 236/236/236
f 1187/1187/1187 236/236/236 231/231/231
f 2077/2077/2077 1187/1187/1187 231/231/231
f 2077/2077/2077 231/231/231 238/238/238
f 2078/2078/2078 2077/2077/2077 238/238/238
f 2078/2078/2078 238/238/238 2917/2917/2917
f 2079/2079/2079 2078/2078/2078 2917/2917/2917
f 2079/2079/2079 2917/2917/2917 2950/2950/2950
f 2080/2080/2080 2079/2079/2079 2950/2950/2950
f 2080/2080/2080 2950/2950/2950 1206/1206/1206
f 2081/2081/2081 2080/2080/2080 1206/1206/1206
f 2081/2081/2081 1206/1206/1206 1204/1204/1204
f 2082/2082/2082 2081/2081/2081 1204/1204/1204
f 2082/2082/2082 1204/1204/1204 1208/1208/1208
f 2083/2083/2083 2082/2082/2082 1208/1208/1208
f 2083/2083/2083 1208/1208/1208 201/201/201
f 2084/2084/2084 2083/2083/2083 201/201/201
f 2084/2084/2084 201/201/201 200/200/200
f 2085/2085/2085 2084/2084/2084 200/200/200
f 2854/2854/2854 241/241/241 177/177/177
f 182/182/182 183/183/183 2832/2832/2832
f 182/182/182 2832/2832/2832 2086/2086/2086
f 3113/3113/3113 182/182/182 2086/2086/2086
f 3113/3113/3113 2086/2086/2086 2087/2087/2087
f 3084/3084/3084 3113/3113/3113 2087/2087/2087
f 3084/3084/3084 2087/2087/2087 2088/2088/2088
f 3093/3093/3093 3084/3084/3084 2088/2088/2088
f 3093/3093/3093 2088/2088/2088 2995/2995/2995
f 1212/1212/1212 1211/1211/1211 1215/1215/1215
f 1212/1212/1212 1215/1215/1215 1216/1216/1216
f 1221/1221/1221 1212/1212/1212 1216/1216/1216
f 1221/1221/1221 1216/1216/1216 1223/1223/1223
f 1226/1226/1226 1221/1221/1221 1223/1223/1223
f 1226/1226/1226 1223/1223/1223 1222/1222/1222
f 2089/2089/2089 1226/1226/1226 1222/1222/1222
f 2089/2089/2089 1222/1222/1222 1225/1225/1225
f 2090/2090/2090 2089/2089/2089 1225/1225/1225
f 2090/2090/2090 1225/1225/1225 1224/1224/1224
f 2091/2091/2091 2090/2090/2090 1224/1224/1224
f 2091/2091/2091 1224/1224/1224 228/228/228
f 2092/2092/2092 2091/2091/2091 228/228/228
f 2092/2092/2092 228/228/228 227/227/227
f 2093/2093/2093 2092/2092/2092 227/227/227
f 2093/2093/2093 227/227/227 224/224/224
f 2094/2094/2094 2093/2093/2093 224/224/224
f 2094/2094/2094 224/224/224 226/226/226
f 2095/2095/2095 2094/2094/2094 226/226/226
f 2095/2095/2095 226/226/226 1217/1217/1217
f 2096/2096/2096 2095/2095/2095 1217/1217/1217
f 2096/2096/2096 1217/1217/1217 1219/1219/1219
f 2097/2097/2097 2096/2096/2096 1219/1219/1219
f 2097/2097/2097 1219/1219/1219 1213/1213/1213
f 2088/2088/2088 2097/2097/2097 1213/1213/1213
f 2088/2088/2088 1213/1213/1213 2995/2995/2995
f 2098/2098/2098 1174/1174/1174 2099/2099/2099
f 2100/2100/2100 2098/2098/2098 2099/2099/2099
f 2100/2100/2100 2099/2099/2099 2101/2101/2101
f 2102/2102/2102 2100/2100/2100 2101/2101/2101
f 2102/2102/2102 2101/2101/2101 2103/2103/2103
f 2104/2104/2104 2102/2102/2102 2103/2103/2103
f 2104/2104/2104 2103/2103/2103 2105/2105/2105
f 2106/2106/2106 2104/2104/2104 2105/2105/2105
f 2106/2106/2106 2105/2105/2105 2107/2107/2107
f 2108/2108/2108 2106/2106/2106 2107/2107/2107
f 2108/2108/2108 2107/2107/2107 2109/2109/2109
f 2110/2110/2110 2108/2108/2108 2109/2109/2109
f 2110/2110/2110 2109/2109/2109 2111/2111/2111
f 2112/2112/2112 2110/2110/2110 2111/2111/2111
f 2112/2112/2112 2111/2111/2111 2113/2113/2113
f 2114/2114/2114 2112/2112/2112 2113/2113/2113
f 2114/2114/2114 2113/2113/2113 2115/2115/2115
f 2116/2116/2116 2114/2114/2114 2115/2115/2115
f 2116/2116/2116 2115/2115/2115 2117/2117/2117
f 2118/2118/2118 2116/2116/2116 2117/2117/2117
f 2099/2099/2099 1174/1174/1174 1175/1175/1175
f 2101/2101/2101 2099/2099/2099 1175/1175/1175
f 2101/2101/2101 1175/1175/1175 2068/2068/2068
f 2103/2103/2103 2101/2101/2101 2068/2068/2068
f 2103/2103/2103 2068/2068/2068 2069/2069/2069
f 2105/2105/2105 2103/2103/2103 2069/2069/2069
f 2105/2105/2105 2069/2069/2069 2070/2070/2070
f 2107/2107/2107 2105/2105/2105 2070/2070/2070
f 2107/2107/2107 2070/2070/2070 2071/2071/2071
f 2109/2109/2109 2107/2107/2107 2071/2071/2071
f 2109/2109/2109 2071/2071/2071 2072/2072/2072
f 2111/2111/2111 2109/2109/2109 2072/2072/2072
f 2111/2111/2111 2072/2072/2072 2073/2073/2073
f 2113/2113/2113 2111/2111/2111 2073/2073/2073
f 2113/2113/2113 2073/2073/2073 2074/2074/2074
f 2115/2115/2115 2113/2113/2113 2074/2074/2074
f 2115/2115/2115 2074/2074/2074 2075/2075/2075
f 2117/2117/2117 2115/2115/2115 2075/2075/2075
f 2117/2117/2117 2075/2075/2075 2076/2076/2076
f 190/190/190 189/189/189 235/235/235
f 193/193/193 190/190/190 235/235/235
f 193/193/193 235/235/235 2119/2119/2119
f 236/236/236 193/193/193 2119/2119/2119
f 236/236/236 2119/2119/2119 2120/2120/2120
f 219/219/219 236/236/236 2120/2120/2120
f 219/219/219 2120/2120/2120 2121/2121/2121
f 239/239/239 219/219/219 2121/2121/2121
f 239/239/239 2121/2121/2121 2122/2122/2122
f 213/213/213 239/239/239 2122/2122/2122
f 213/213/213 2122/2122/2122 2123/2123/2123
f 211/211/211 213/213/213 2123/2123/2123
f 211/211/211 2123/2123/2123 2124/2124/2124
f 1201/1201/1201 211/211/211 2124/2124/2124
f 1201/1201/1201 2124/2124/2124 2125/2125/2125
f 1197/1197/1197 1201/1201/1201 2125/2125/2125
f 1197/1197/1197 2125/2125/2125 2126/2126/2126
f 1198/1198/1198 1197/1197/1197 2126/2126/2126
f 1198/1198/1198 2126/2126/2126 214/214/214
f 1200/1200/1200 1198/1198/1198 214/214/214
f 1200/1200/1200 214/214/214 216/216/216
f 3086/3086/3086 1187/1187/1187 2077/2077/2077
f 1182/1182/1182 3086/3086/3086 2077/2077/2077
f 1182/1182/1182 2077/2077/2077 2078/2078/2078
f 197/197/197 1182/1182/1182 2078/2078/2078
f 197/197/197 2078/2078/2078 2079/2079/2079
f 198/198/198 197/197/197 2079/2079/2079
f 198/198/198 2079/2079/2079 2080/2080/2080
f 229/229/229 198/198/198 2080/2080/2080
f 229/229/229 2080/2080/2080 2081/2081/2081
f 1190/1190/1190 229/229/229 2081/2081/2081
f 1190/1190/1190 2081/2081/2081 2082/2082/2082
f 1192/1192/1192 1190/1190/1190 2082/2082/2082
f 1192/1192/1192 2082/2082/2082 2083/2083/2083
f 1210/1210/1210 1192/1192/1192 2083/2083/2083
f 1210/1210/1210 2083/2083/2083 2084/2084/2084
f 1209/1209/1209 1210/1210/1210 2084/2084/2084
f 1209/1209/1209 2084/2084/2084 2085/2085/2085
f 209/209/209 214/214/214 2126/2126/2126
f 210/210/210 209/209/209 2126/2126/2126
f 210/210/210 2126/2126/2126 2125/2125/2125
f 1194/1194/1194 210/210/210 2125/2125/2125
f 1194/1194/1194 2125/2125/2125 2124/2124/2124
f 1196/1196/1196 1194/1194/1194 2124/2124/2124
f 1196/1196/1196 2124/2124/2124 2123/2123/2123
f 2889/2889/2889 1196/1196/1196 2123/2123/2123
f 2889/2889/2889 2123/2123/2123 2122/2122/2122
f 2954/2954/2954 2889/2889/2889 2122/2122/2122
f 2954/2954/2954 2122/2122/2122 2121/2121/2121
f 237/237/237 2954/2954/2954 2121/2121/2121
f 237/237/237 2121/2121/2121 2120/2120/2120
f 202/202/202 237/237/237 2120/2120/2120
f 202/202/202 2120/2120/2120 2119/2119/2119
f 235/235/235 202/202/202 2119/2119/2119
f 248/248/248 247/247/247 2127/2127/2127
f 1228/1228/1228 248/248/248 2127/2127/2127
f 1228/1228/1228 2127/2127/2127 2128/2128/2128
f 1230/1230/1230 1228/1228/1228 2128/2128/2128
f 1230/1230/1230 2128/2128/2128 2129/2129/2129
f 3030/3030/3030 1230/1230/1230 2129/2129/2129
f 3030/3030/3030 2129/2129/2129 2130/2130/2130
f 1234/1234/1234 3030/3030/3030 2130/2130/2130
f 1234/1234/1234 2130/2130/2130 2131/2131/2131
f 1236/1236/1236 1234/1234/1234 2131/2131/2131
f 3038/3038/3038 2131/2131/2131 276/276/276
f 1263/1263/1263 3038/3038/3038 276/276/276
f 1263/1263/1263 276/276/276 278/278/278
f 1262/1262/1262 1263/1263/1263 278/278/278
f 1262/1262/1262 278/278/278 285/285/285
f 2132/2132/2132 1262/1262/1262 285/285/285
f 2132/2132/2132 285/285/285 284/284/284
f 1278/1278/1278 2132/2132/2132 284/284/284
f 1278/1278/1278 284/284/284 1265/1265/1265
f 1277/1277/1277 1278/1278/1278 1265/1265/1265
f 1277/1277/1277 1265/1265/1265 2888/2888/2888
f 1276/1276/1276 1277/1277/1277 2888/2888/2888
f 1276/1276/1276 2888/2888/2888 2983/2983/2983
f 1275/1275/1275 1276/1276/1276 2983/2983/2983
f 1275/1275/1275 2983/2983/2983 2915/2915/2915
f 1274/1274/1274 1275/1275/1275 2915/2915/2915
f 1274/1274/1274 2915/2915/2915 2948/2948/2948
f 304/304/304 1274/1274/1274 2948/2948/2948
f 304/304/304 2948/2948/2948 299/299/299
f 302/302/302 304/304/304 299/299/299
f 302/302/302 299/299/299 298/298/298
f 300/300/300 302/302/302 298/298/298
f 247/247/247 246/246/246 2133/2133/2133
f 3088/3088/3088 247/247/247 2133/2133/2133
f 3088/3088/3088 2133/2133/2133 2134/2134/2134
f 3089/3089/3089 3088/3088/3088 2134/2134/2134
f 3089/3089/3089 2134/2134/2134 2135/2135/2135
f 2129/2129/2129 3089/3089/3089 2135/2135/2135
f 2129/2129/2129 2135/2135/2135 2136/2136/2136
f 2130/2130/2130 2129/2129/2129 2136/2136/2136
f 2130/2130/2130 2136/2136/2136 2137/2137/2137
f 2131/2131/2131 2130/2130/2130 2137/2137/2137
f 2131/2131/2131 2137/2137/2137 2849/2849/2849
f 276/276/276 2131/2131/2131 2849/2849/2849
f 276/276/276 309/309/309 308/308/308
f 277/277/277 276/276/276 308/308/308
f 277/277/277 308/308/308 1247/1247/1247
f 1259/1259/1259 277/277/277 1247/1247/1247
f 1259/1259/1259 1247/1247/1247 3085/3085/3085
f 1260/1260/1260 3101/3101/3101 1237/1237/1237
f 1260/1260/1260 1237/1237/1237 1238/1238/1238
f 2138/2138/2138 246/246/246 245/245/245
f 2139/2139/2139 2138/2138/2138 245/245/245
f 2139/2139/2139 245/245/245 249/249/249
f 2140/2140/2140 2139/2139/2139 249/249/249
f 2140/2140/2140 249/249/249 2786/2786/2786
f 2141/2141/2141 2140/2140/2140 2786/2786/2786
f 2141/2141/2141 2786/2786/2786 2796/2796/2796
f 2142/2142/2142 2141/2141/2141 2796/2796/2796
f 2142/2142/2142 2796/2796/2796 1231/1231/1231
f 2143/2143/2143 2142/2142/2142 1231/1231/1231
f 2143/2143/2143 1231/1231/1231 1233/1233/1233
f 2144/2144/2144 2143/2143/2143 1233/1233/1233
f 2144/2144/2144 1233/1233/1233 1235/1235/1235
f 281/281/281 2144/2144/2144 1235/1235/1235
f 281/281/281 1235/1235/1235 1262/1262/1262
f 279/279/279 3092/3092/3092 1262/1262/1262
f 279/279/279 1262/1262/1262 2132/2132/2132
f 1278/1278/1278 279/279/279 2132/2132/2132
f 1286/1286/1286 1287/1287/1287 2145/2145/2145
f 2146/2146/2146 1286/1286/1286 2145/2145/2145
f 2146/2146/2146 2145/2145/2145 1251/1251/1251
f 2147/2147/2147 2146/2146/2146 1251/1251/1251
f 2147/2147/2147 1251/1251/1251 1252/1252/1252
f 2148/2148/2148 2147/2147/2147 1252/1252/1252
f 2148/2148/2148 1252/1252/1252 264/264/264
f 2149/2149/2149 2148/2148/2148 264/264/264
f 2149/2149/2149 264/264/264 265/265/265
f 2150/2150/2150 2149/2149/2149 265/265/265
f 2150/2150/2150 265/265/265 2151/2151/2151
f 2152/2152/2152 2150/2150/2150 2151/2151/2151
f 2152/2152/2152 2151/2151/2151 2153/2153/2153
f 2154/2154/2154 2152/2152/2152 2153/2153/2153
f 2154/2154/2154 2153/2153/2153 2155/2155/2155
f 1282/1282/1282 2154/2154/2154 2155/2155/2155
f 1282/1282/1282 2155/2155/2155 2156/2156/2156
f 1281/1281/1281 1282/1282/1282 2156/2156/2156
f 2147/2147/2147 2148/2148/2148 2157/2157/2157
f 2146/2146/2146 2147/2147/2147 2157/2157/2157
f 2146/2146/2146 2157/2157/2157 2158/2158/2158
f 1286/1286/1286 2146/2146/2146 2158/2158/2158
f 1286/1286/1286 2158/2158/2158 2159/2159/2159
f 274/274/274 1286/1286/1286 2159/2159/2159
f 274/274/274 2159/2159/2159 2160/2160/2160
f 2161/2161/2161 274/274/274 2160/2160/2160
f 2161/2161/2161 2160/2160/2160 2162/2162/2162
f 3095/3095/3095 2161/2161/2161 2162/2162/2162
f 3095/3095/3095 2162/2162/2162 2801/2801/2801
f 275/275/275 1258/1258/1258 290/290/290
f 275/275/275 290/290/290 292/292/292
f 278/278/278 275/275/275 292/292/292
f 278/278/278 292/292/292 293/293/293
f 285/285/285 278/278/278 293/293/293
f 285/285/285 293/293/293 307/307/307
f 286/286/286 285/285/285 307/307/307
f 2957/2957/2957 307/307/307 1176/1176/1176
f 282/282/282 2957/2957/2957 1176/1176/1176
f 1255/1255/1255 289/289/289 291/291/291
f 1257/1257/1257 1255/1255/1255 291/291/291
f 1257/1257/1257 291/291/291 290/290/290
f 1256/1256/1256 1257/1257/1257 290/290/290
f 1256/1256/1256 290/290/290 2769/2769/2769
f 3096/3096/3096 1256/1256/1256 2769/2769/2769
f 3096/3096/3096 2769/2769/2769 2771/2771/2771
f 3097/3097/3097 3096/3096/3096 2771/2771/2771
f 3097/3097/3097 2771/2771/2771 2159/2159/2159
f 2772/2772/2772 3097/3097/3097 2159/2159/2159
f 2772/2772/2772 2159/2159/2159 2158/2158/2158
f 2773/2773/2773 2772/2772/2772 2158/2158/2158
f 2773/2773/2773 2158/2158/2158 3107/3107/3107
f 2150/2150/2150 2773/2773/2773 3107/3107/3107
f 2150/2150/2150 3107/3107/3107 2148/2148/2148
f 2149/2149/2149 2150/2150/2150 2148/2148/2148
f 2163/2163/2163 1158/1158/1158 1157/1157/1157
f 1169/1169/1169 2163/2163/2163 1157/1157/1157
f 1169/1169/1169 1157/1157/1157 2058/2058/2058
f 1167/1167/1167 1169/1169/1169 2058/2058/2058
f 1167/1167/1167 2058/2058/2058 2060/2060/2060
f 1166/1166/1166 1167/1167/1167 2060/2060/2060
f 1166/1166/1166 2060/2060/2060 2062/2062/2062
f 1488/1488/1488 1166/1166/1166 2062/2062/2062
f 1488/1488/1488 2062/2062/2062 2064/2064/2064
f 1490/1490/1490 1488/1488/1488 2064/2064/2064
f 1490/1490/1490 2064/2064/2064 2065/2065/2065
f 2164/2164/2164 1490/1490/1490 2065/2065/2065
f 2164/2164/2164 2065/2065/2065 2066/2066/2066
f 2165/2165/2165 2164/2164/2164 2066/2066/2066
f 2165/2165/2165 2066/2066/2066 2067/2067/2067
f 2166/2166/2166 2165/2165/2165 2067/2067/2067
f 1306/1306/1306 1307/1307/1307 2167/2167/2167
f 2168/2168/2168 1306/1306/1306 2167/2167/2167
f 2168/2168/2168 2167/2167/2167 2169/2169/2169
f 2170/2170/2170 2168/2168/2168 2169/2169/2169
f 2170/2170/2170 2169/2169/2169 2171/2171/2171
f 2172/2172/2172 2170/2170/2170 2171/2171/2171
f 2172/2172/2172 2171/2171/2171 2173/2173/2173
f 2174/2174/2174 2172/2172/2172 2173/2173/2173
f 2174/2174/2174 2173/2173/2173 2175/2175/2175
f 2176/2176/2176 2174/2174/2174 2175/2175/2175
f 2176/2176/2176 2175/2175/2175 2177/2177/2177
f 2178/2178/2178 2176/2176/2176 2177/2177/2177
f 2178/2178/2178 2177/2177/2177 2179/2179/2179
f 2180/2180/2180 2178/2178/2178 2179/2179/2179
f 2180/2180/2180 2179/2179/2179 2181/2181/2181
f 2182/2182/2182 2180/2180/2180 2181/2181/2181
f 2182/2182/2182 2181/2181/2181 2183/2183/2183
f 2184/2184/2184 2182/2182/2182 2183/2183/2183
f 2184/2184/2184 2183/2183/2183 2185/2185/2185
f 2186/2186/2186 2184/2184/2184 2185/2185/2185
f 2186/2186/2186 2185/2185/2185 2187/2187/2187
f 2188/2188/2188 2186/2186/2186 2187/2187/2187
f 2188/2188/2188 2187/2187/2187 2189/2189/2189
f 2190/2190/2190 2188/2188/2188 2189/2189/2189
f 2190/2190/2190 2189/2189/2189 2191/2191/2191
f 2192/2192/2192 2190/2190/2190 2191/2191/2191
f 2192/2192/2192 2191/2191/2191 2193/2193/2193
f 2194/2194/2194 2192/2192/2192 2193/2193/2193
f 2194/2194/2194 2193/2193/2193 2195/2195/2195
f 2196/2196/2196 2194/2194/2194 2195/2195/2195
f 2196/2196/2196 2195/2195/2195 2197/2197/2197
f 2198/2198/2198 2196/2196/2196 2197/2197/2197
f 320/320/320 317/317/317 1294/1294/1294
f 2199/2199/2199 320/320/320 1294/1294/1294
f 2199/2199/2199 1294/1294/1294 1289/1289/1289
f 2200/2200/2200 2199/2199/2199 1289/1289/1289
f 2200/2200/2200 1289/1289/1289 1291/1291/1291
f 2201/2201/2201 2200/2200/2200 1291/1291/1291
f 2201/2201/2201 1291/1291/1291 1302/1302/1302
f 2202/2202/2202 2201/2201/2201 1302/1302/1302
f 2202/2202/2202 1302/1302/1302 1305/1305/1305
f 2203/2203/2203 2202/2202/2202 1305/1305/1305
f 2203/2203/2203 1305/1305/1305 2204/2204/2204
f 2205/2205/2205 2203/2203/2203 2204/2204/2204
f 2205/2205/2205 2204/2204/2204 2206/2206/2206
f 2207/2207/2207 2205/2205/2205 2206/2206/2206
f 2207/2207/2207 2206/2206/2206 2208/2208/2208
f 2209/2209/2209 2207/2207/2207 2208/2208/2208
f 2209/2209/2209 2208/2208/2208 2179/2179/2179
f 2210/2210/2210 2209/2209/2209 2179/2179/2179
f 2210/2210/2210 2179/2179/2179 2211/2211/2211
f 2212/2212/2212 2210/2210/2210 2211/2211/2211
f 2212/2212/2212 2211/2211/2211 2213/2213/2213
f 2214/2214/2214 2212/2212/2212 2213/2213/2213
f 2214/2214/2214 2213/2213/2213 2215/2215/2215
f 2216/2216/2216 2214/2214/2214 2215/2215/2215
f 2216/2216/2216 2215/2215/2215 2217/2217/2217
f 2218/2218/2218 2216/2216/2216 2217/2217/2217
f 2218/2218/2218 2217/2217/2217 2219/2219/2219
f 2220/2220/2220 2218/2218/2218 2219/2219/2219
f 2220/2220/2220 2219/2219/2219 2221/2221/2221
f 2222/2222/2222 2220/2220/2220 2221/2221/2221
f 2222/2222/2222 2221/2221/2221 2223/2223/2223
f 2224/2224/2224 2222/2222/2222 2223/2223/2223
f 2224/2224/2224 2223/2223/2223 2225/2225/2225
f 1300/1300/1300 2224/2224/2224 2225/2225/2225
f 1300/1300/1300 2225/2225/2225 2226/2226/2226
f 1301/1301/1301 1300/1300/1300 2226/2226/2226
f 1300/1300/1300 320/320/320 2199/2199/2199
f 2224/2224/2224 1300/1300/1300 2199/2199/2199
f 2224/2224/2224 2199/2199/2199 2200/2200/2200
f 2222/2222/2222 2224/2224/2224 2200/2200/2200
f 2222/2222/2222 2200/2200/2200 2201/2201/2201
f 2220/2220/2220 2222/2222/2222 2201/2201/2201
f 2220/2220/2220 2201/2201/2201 2202/2202/2202
f 2218/2218/2218 2220/2220/2220 2202/2202/2202
f 2218/2218/2218 2202/2202/2202 2203/2203/2203
f 2216/2216/2216 2218/2218/2218 2203/2203/2203
f 2216/2216/2216 2203/2203/2203 2205/2205/2205
f 2214/2214/2214 2216/2216/2216 2205/2205/2205
f 2214/2214/2214 2205/2205/2205 2207/2207/2207
f 2212/2212/2212 2214/2214/2214 2207/2207/2207
f 2212/2212/2212 2207/2207/2207 2209/2209/2209
f 2210/2210/2210 2212/2212/2212 2209/2209/2209
f 1299/1299/1299 2227/2227/2227 2228/2228/2228
f 1298/1298/1298 1299/1299/1299 2228/2228/2228
f 1298/1298/1298 2228/2228/2228 2226/2226/2226
f 1296/1296/1296 1298/1298/1298 2226/2226/2226
f 1296/1296/1296 2226/2226/2226 2225/2225/2225
f 1307/1307/1307 1296/1296/1296 2225/2225/2225
f 1307/1307/1307 2225/2225/2225 2223/2223/2223
f 2167/2167/2167 1307/1307/1307 2223/2223/2223
f 2167/2167/2167 2223/2223/2223 2221/2221/2221
f 2169/2169/2169 2167/2167/2167 2221/2221/2221
f 2169/2169/2169 2221/2221/2221 2219/2219/2219
f 2171/2171/2171 2169/2169/2169 2219/2219/2219
f 2171/2171/2171 2219/2219/2219 2217/2217/2217
f 2173/2173/2173 2171/2171/2171 2217/2217/2217
f 2173/2173/2173 2217/2217/2217 2215/2215/2215
f 2175/2175/2175 2173/2173/2173 2215/2215/2215
f 2175/2175/2175 2215/2215/2215 2213/2213/2213
f 2177/2177/2177 2175/2175/2175 2213/2213/2213
f 2177/2177/2177 2213/2213/2213 2211/2211/2211
f 2179/2179/2179 2177/2177/2177 2211/2211/2211
f 317/317/317 319/319/319 2229/2229/2229
f 1295/1295/1295 317/317/317 2229/2229/2229
f 1295/1295/1295 2229/2229/2229 2230/2230/2230
f 1608/1608/1608 1295/1295/1295 2230/2230/2230
f 1608/1608/1608 2230/2230/2230 2231/2231/2231
f 2232/2232/2232 1608/1608/1608 2231/2231/2231
f 2232/2232/2232 2231/2231/2231 2233/2233/2233
f 2234/2234/2234 2232/2232/2232 2233/2233/2233
f 2234/2234/2234 2233/2233/2233 2197/2197/2197
f 2235/2235/2235 2234/2234/2234 2197/2197/2197
f 2235/2235/2235 2197/2197/2197 2195/2195/2195
f 2236/2236/2236 2235/2235/2235 2195/2195/2195
f 2236/2236/2236 2195/2195/2195 2193/2193/2193
f 2237/2237/2237 2236/2236/2236 2193/2193/2193
f 2237/2237/2237 2193/2193/2193 2191/2191/2191
f 2238/2238/2238 2237/2237/2237 2191/2191/2191
f 2238/2238/2238 2191/2191/2191 2189/2189/2189
f 2239/2239/2239 2238/2238/2238 2189/2189/2189
f 2239/2239/2239 2189/2189/2189 2187/2187/2187
f 2240/2240/2240 2239/2239/2239 2187/2187/2187
f 2240/2240/2240 2187/2187/2187 2185/2185/2185
f 2241/2241/2241 2240/2240/2240 2185/2185/2185
f 2241/2241/2241 2185/2185/2185 2183/2183/2183
f 2242/2242/2242 2241/2241/2241 2183/2183/2183
f 2242/2242/2242 2183/2183/2183 2181/2181/2181
f 2179/2179/2179 2242/2242/2242 2181/2181/2181
f 354/354/354 345/345/345 3100/3100/3100
f 355/355/355 354/354/354 3100/3100/3100
f 355/355/355 3100/3100/3100 2788/2788/2788
f 353/353/353 355/355/355 2788/2788/2788
f 353/353/353 706/706/706 708/708/708
f 740/740/740 353/353/353 708/708/708
f 740/740/740 708/708/708 707/707/707
f 729/729/729 740/740/740 707/707/707
f 2981/2981/2981 707/707/707 734/734/734
f 2243/2243/2243 2981/2981/2981 734/734/734
f 2243/2243/2243 734/734/734 733/733/733
f 2244/2244/2244 2243/2243/2243 733/733/733
f 2244/2244/2244 733/733/733 735/735/735
f 2245/2245/2245 2244/2244/2244 735/735/735
f 2245/2245/2245 2869/2869/2869 1612/1612/1612
f 2246/2246/2246 2245/2245/2245 1612/1612/1612
f 2246/2246/2246 1612/1612/1612 1613/1613/1613
f 2247/2247/2247 2246/2246/2246 1613/1613/1613
f 2247/2247/2247 1613/1613/1613 1622/1622/1622
f 714/714/714 2247/2247/2247 1622/1622/1622
f 714/714/714 1622/1622/1622 718/718/718
f 712/712/712 714/714/714 718/718/718
f 712/712/712 718/718/718 720/720/720
f 723/723/723 712/712/712 720/720/720
f 336/336/336 324/324/324 326/326/326
f 2248/2248/2248 336/336/336 326/326/326
f 2248/2248/2248 326/326/326 1328/1328/1328
f 2249/2249/2249 2248/2248/2248 1328/1328/1328
f 2249/2249/2249 1328/1328/1328 1337/1337/1337
f 331/331/331 2249/2249/2249 1337/1337/1337
f 331/331/331 1337/1337/1337 1339/1339/1339
f 332/332/332 331/331/331 1339/1339/1339
f 332/332/332 1339/1339/1339 3103/3103/3103
f 1315/1315/1315 332/332/332 3103/3103/3103
f 1315/1315/1315 3103/3103/3103 3058/3058/3058
f 3098/3098/3098 1315/1315/1315 3058/3058/3058
f 1312/1312/1312 356/356/356 329/329/329
f 1313/1313/1313 1312/1312/1312 329/329/329
f 1313/1313/1313 329/329/329 328/328/328
f 2788/2788/2788 3100/3100/3100 2991/2991/2991
f 322/322/322 336/336/336 2248/2248/2248
f 323/323/323 322/322/322 2248/2248/2248
f 323/323/323 2248/2248/2248 2249/2249/2249
f 1318/1318/1318 323/323/323 2249/2249/2249
f 1318/1318/1318 2249/2249/2249 331/331/331
f 1340/1340/1340 1318/1318/1318 331/331/331
f 1340/1340/1340 331/331/331 330/330/330
f 3108/3108/3108 1340/1340/1340 330/330/330
f 3108/3108/3108 330/330/330 1335/1335/1335
f 3105/3105/3105 3108/3108/3108 1335/1335/1335
f 3105/3105/3105 1335/1335/1335 1333/1333/1333
f 2836/2836/2836 3105/3105/3105 1333/1333/1333
f 2836/2836/2836 1333/1333/1333 1332/1332/1332
f 2971/2971/2971 2836/2836/2836 1332/1332/1332
f 2971/2971/2971 1332/1332/1332 1330/1330/1330
f 2952/2952/2952 2971/2971/2971 1330/1330/1330
f 2952/2952/2952 1330/1330/1330 1329/1329/1329
f 2982/2982/2982 2952/2952/2952 1329/1329/1329
f 2982/2982/2982 1329/1329/1329 1331/1331/1331
f 2841/2841/2841 2982/2982/2982 1331/1331/1331
f 2841/2841/2841 1331/1331/1331 1334/1334/1334
f 1314/1314/1314 2841/2841/2841 1334/1334/1334
f 1314/1314/1314 1334/1334/1334 1333/1333/1333
f 1335/1335/1335 1314/1314/1314 1333/1333/1333
f 324/324/324 336/336/336 337/337/337
f 338/338/338 324/324/324 337/337/337
f 338/338/338 337/337/337 358/358/358
f 2250/2250/2250 338/338/338 358/358/358
f 2250/2250/2250 358/358/358 360/360/360
f 2251/2251/2251 2250/2250/2250 360/360/360
f 2251/2251/2251 360/360/360 321/321/321
f 2252/2252/2252 2251/2251/2251 321/321/321
f 2252/2252/2252 321/321/321 1319/1319/1319
f 2253/2253/2253 2252/2252/2252 1319/1319/1319
f 2253/2253/2253 1319/1319/1319 1321/1321/1321
f 2254/2254/2254 2253/2253/2253 1321/1321/1321
f 2254/2254/2254 1321/1321/1321 365/365/365
f 2255/2255/2255 2254/2254/2254 365/365/365
f 2255/2255/2255 365/365/365 349/349/349
f 2256/2256/2256 2255/2255/2255 349/349/349
f 2256/2256/2256 349/349/349 351/351/351
f 343/343/343 367/367/367 366/366/366
f 340/340/340 343/343/343 366/366/366
f 340/340/340 366/366/366 346/346/346
f 341/341/341 340/340/340 346/346/346
f 341/341/341 346/346/346 354/354/354
f 2257/2257/2257 341/341/341 354/354/354
f 2257/2257/2257 354/354/354 353/353/353
f 2258/2258/2258 2257/2257/2257 353/353/353
f 2258/2258/2258 353/353/353 740/740/740
f 2259/2259/2259 2258/2258/2258 740/740/740
f 2259/2259/2259 740/740/740 731/731/731
f 726/726/726 2259/2259/2259 731/731/731
f 726/726/726 731/731/731 749/749/749
f 724/724/724 726/726/726 749/749/749
f 724/724/724 749/749/749 750/750/750
f 727/727/727 724/724/724 750/750/750
f 727/727/727 750/750/750 752/752/752
f 736/736/736 727/727/727 2784/2784/2784
f 736/736/736 2784/2784/2784 746/746/746
f 2260/2260/2260 736/736/736 746/746/746
f 2260/2260/2260 746/746/746 748/748/748
f 2261/2261/2261 2260/2260/2260 748/748/748
f 2261/2261/2261 748/748/748 1620/1620/1620
f 2262/2262/2262 2261/2261/2261 1620/1620/1620
f 2262/2262/2262 1620/1620/1620 1617/1617/1617
f 2263/2263/2263 2262/2262/2262 1617/1617/1617
f 2263/2263/2263 1617/1617/1617 710/710/710
f 2264/2264/2264 2263/2263/2263 710/710/710
f 2264/2264/2264 710/710/710 742/742/742
f 2265/2265/2265 2264/2264/2264 742/742/742
f 2265/2265/2265 742/742/742 741/741/741
f 2949/2949/2949 378/378/378 3050/3050/3050
f 395/395/395 394/394/394 3053/3053/3053
f 395/395/395 3053/3053/3053 2878/2878/2878
f 2870/2870/2870 395/395/395 2878/2878/2878
f 2870/2870/2870 2878/2878/2878 3142/3142/3142
f 2990/2990/2990 2870/2870/2870 3142/3142/3142
f 2990/2990/2990 3142/3142/3142 2887/2887/2887
f 2885/2885/2885 2990/2990/2990 2887/2887/2887
f 2885/2885/2885 2887/2887/2887 2986/2986/2986
f 400/400/400 2885/2885/2885 2986/2986/2986
f 400/400/400 2986/2986/2986 3144/3144/3144
f 399/399/399 400/400/400 3144/3144/3144
f 399/399/399 3144/3144/3144 3016/3016/3016
f 3079/3079/3079 399/399/399 3016/3016/3016
f 3080/3080/3080 1654/1654/1654 1653/1653/1653
f 2868/2868/2868 3080/3080/3080 1653/1653/1653
f 2868/2868/2868 1653/1653/1653 1651/1651/1651
f 3137/3137/3137 2868/2868/2868 1651/1651/1651
f 3137/3137/3137 1651/1651/1651 2797/2797/2797
f 3099/3099/3099 3137/3137/3137 2797/2797/2797
f 3099/3099/3099 2797/2797/2797 3140/3140/3140
f 774/774/774 3099/3099/3099 3140/3140/3140
f 2978/2978/2978 1639/1639/1639 1641/1641/1641
f 1650/1650/1650 2978/2978/2978 1641/1641/1641
f 2994/2994/2994 1360/1360/1360 2266/2266/2266
f 2774/2774/2774 2994/2994/2994 2266/2266/2266
f 2774/2774/2774 2266/2266/2266 2267/2267/2267
f 2949/2949/2949 2774/2774/2774 2267/2267/2267
f 2949/2949/2949 2267/2267/2267 2268/2268/2268
f 378/378/378 2949/2949/2949 2268/2268/2268
f 378/378/378 2268/2268/2268 2269/2269/2269
f 2959/2959/2959 378/378/378 2269/2269/2269
f 2959/2959/2959 2269/2269/2269 2270/2270/2270
f 3001/3001/3001 2959/2959/2959 2270/2270/2270
f 3001/3001/3001 2270/2270/2270 371/371/371
f 2271/2271/2271 3001/3001/3001 371/371/371
f 2271/2271/2271 371/371/371 370/370/370
f 3044/3044/3044 2271/2271/2271 370/370/370
f 3044/3044/3044 370/370/370 373/373/373
f 386/386/386 385/385/385 2859/2859/2859
f 386/386/386 2859/2859/2859 1352/1352/1352
f 387/387/387 386/386/386 1352/1352/1352
f 387/387/387 1352/1352/1352 1356/1356/1356
f 769/769/769 3004/3004/3004 2842/2842/2842
f 769/769/769 2842/2842/2842 1649/1649/1649
f 3114/3114/3114 769/769/769 1649/1649/1649
f 3114/3114/3114 1649/1649/1649 1638/1638/1638
f 3121/3121/3121 3114/3114/3114 1638/1638/1638
f 3121/3121/3121 1638/1638/1638 1637/1637/1637
f 772/772/772 3121/3121/3121 1637/1637/1637
f 772/772/772 1637/1637/1637 1636/1636/1636
f 771/771/771 772/772/772 1636/1636/1636
f 771/771/771 1636/1636/1636 3111/3111/3111
f 3006/3006/3006 771/771/771 3111/3111/3111
f 393/393/393 1344/1344/1344 379/379/379
f 391/391/391 393/393/393 379/379/379
f 391/391/391 379/379/379 381/381/381
f 392/392/392 391/391/391 381/381/381
f 2932/2932/2932 2938/2938/2938 1357/1357/1357
f 1354/1354/1354 1342/1342/1342 2906/2906/2906
f 1355/1355/1355 1354/1354/1354 2906/2906/2906
f 2929/2929/2929 384/384/384 383/383/383
f 1349/1349/1349 2929/2929/2929 383/383/383
f 1349/1349/1349 383/383/383 2767/2767/2767
f 1347/1347/1347 1349/1349/1349 2767/2767/2767
f 1347/1347/1347 2767/2767/2767 3045/3045/3045
f 1348/1348/1348 1347/1347/1347 3045/3045/3045
f 3125/3125/3125 3042/3042/3042 766/766/766
f 2979/2979/2979 3125/3125/3125 766/766/766
f 2979/2979/2979 766/766/766 768/768/768
f 3064/3064/3064 2979/2979/2979 768/768/768
f 3064/3064/3064 768/768/768 2820/2820/2820
f 3034/3034/3034 3064/3064/3064 2820/2820/2820
f 3034/3034/3034 2820/2820/2820 2961/2961/2961
f 2935/2935/2935 3034/3034/3034 2961/2961/2961
f 2935/2935/2935 2961/2961/2961 765/765/765
f 2997/2997/2997 2935/2935/2935 765/765/765
f 2997/2997/2997 765/765/765 1648/1648/1648
f 3054/3054/3054 2997/2997/2997 1648/1648/1648
f 3054/3054/3054 1648/1648/1648 3141/3141/3141
f 754/754/754 3051/3051/3051 1645/1645/1645
f 754/754/754 1645/1645/1645 1644/1644/1644
f 1635/1635/1635 754/754/754 1644/1644/1644
f 420/420/420 417/417/417 2968/2968/2968
f 2272/2272/2272 420/420/420 2968/2968/2968
f 2272/2272/2272 2968/2968/2968 414/414/414
f 2273/2273/2273 2272/2272/2272 414/414/414
f 2273/2273/2273 414/414/414 415/415/415
f 2274/2274/2274 2273/2273/2273 415/415/415
f 2274/2274/2274 415/415/415 1367/1367/1367
f 2275/2275/2275 2274/2274/2274 1367/1367/1367
f 2275/2275/2275 1367/1367/1367 1368/1368/1368
f 2276/2276/2276 2275/2275/2275 1368/1368/1368
f 2276/2276/2276 1368/1368/1368 1656/1656/1656
f 2277/2277/2277 2276/2276/2276 1656/1656/1656
f 2277/2277/2277 1656/1656/1656 789/789/789
f 2278/2278/2278 2277/2277/2277 789/789/789
f 2278/2278/2278 789/789/789 788/788/788
f 2279/2279/2279 2278/2278/2278 788/788/788
f 2279/2279/2279 788/788/788 795/795/795
f 425/425/425 424/424/424 423/423/423
f 435/435/435 2867/2867/2867 3013/3013/3013
f 2843/2843/2843 3014/3014/3014 2853/2853/2853
f 2837/2837/2837 2843/2843/2843 2853/2853/2853
f 432/432/432 433/433/433 422/422/422
f 430/430/430 432/432/432 422/422/422
f 430/430/430 422/422/422 2944/2944/2944
f 805/805/805 430/430/430 2944/2944/2944
f 3076/3076/3076 797/797/797 799/799/799
f 3010/3010/3010 3076/3076/3076 799/799/799
f 3011/3011/3011 2816/2816/2816 807/807/807
f 803/803/803 804/804/804 2794/2794/2794
f 803/803/803 2794/2794/2794 2814/2814/2814
f 800/800/800 803/803/803 2814/2814/2814
f 2778/2778/2778 806/806/806 2816/2816/2816
f 2973/2973/2973 2778/2778/2778 2816/2816/2816
f 2974/2974/2974 799/799/799 798/798/798
f 422/422/422 801/801/801 2783/2783/2783
f 422/422/422 2783/2783/2783 2944/2944/2944
f 450/450/450 438/438/438 437/437/437
f 1371/1371/1371 450/450/450 437/437/437
f 1371/1371/1371 437/437/437 1395/1395/1395
f 1374/1374/1374 1371/1371/1371 1395/1395/1395
f 1374/1374/1374 1395/1395/1395 1391/1391/1391
f 1376/1376/1376 1374/1374/1374 1391/1391/1391
f 1376/1376/1376 1391/1391/1391 1382/1382/1382
f 1379/1379/1379 1376/1376/1376 1382/1382/1382
f 1379/1379/1379 1382/1382/1382 453/453/453
f 1399/1399/1399 1379/1379/1379 453/453/453
f 1399/1399/1399 453/453/453 440/440/440
f 1398/1398/1398 1399/1399/1399 440/440/440
f 1398/1398/1398 440/440/440 439/439/439
f 1378/1378/1378 1398/1398/1398 439/439/439
f 1378/1378/1378 439/439/439 1381/1381/1381
f 1377/1377/1377 1378/1378/1378 1381/1381/1381
f 1377/1377/1377 1381/1381/1381 1401/1401/1401
f 1375/1375/1375 1377/1377/1377 1401/1401/1401
f 1375/1375/1375 1401/1401/1401 1403/1403/1403
f 1372/1372/1372 1375/1375/1375 1403/1403/1403
f 1372/1372/1372 1403/1403/1403 1396/1396/1396
f 1373/1373/1373 1372/1372/1372 1396/1396/1396
f 1373/1373/1373 1396/1396/1396 1387/1387/1387
f 2962/2962/2962 1373/1373/1373 1387/1387/1387
f 2962/2962/2962 1387/1387/1387 1389/1389/1389
f 2976/2976/2976 2962/2962/2962 1389/1389/1389
f 2976/2976/2976 1389/1389/1389 1390/1390/1390
f 444/444/444 2976/2976/2976 1390/1390/1390
f 2280/2280/2280 449/449/449 448/448/448
f 2281/2281/2281 2280/2280/2280 448/448/448
f 2281/2281/2281 448/448/448 1393/1393/1393
f 2282/2282/2282 2281/2281/2281 1393/1393/1393
f 2282/2282/2282 1393/1393/1393 1404/1404/1404
f 2283/2283/2283 2282/2282/2282 1404/1404/1404
f 2283/2283/2283 1404/1404/1404 458/458/458
f 2284/2284/2284 2283/2283/2283 458/458/458
f 2284/2284/2284 458/458/458 57/57/57
f 2285/2285/2285 2284/2284/2284 57/57/57
f 2285/2285/2285 57/57/57 69/69/69
f 2286/2286/2286 2285/2285/2285 69/69/69
f 2286/2286/2286 69/69/69 73/73/73
f 2287/2287/2287 2286/2286/2286 73/73/73
f 2287/2287/2287 73/73/73 500/500/500
f 2288/2288/2288 2287/2287/2287 500/500/500
f 2288/2288/2288 500/500/500 1425/1425/1425
f 849/849/849 848/848/848 1866/1866/1866
f 2042/2042/2042 849/849/849 1866/1866/1866
f 2042/2042/2042 1866/1866/1866 1867/1867/1867
f 2044/2044/2044 2042/2042/2042 1867/1867/1867
f 2044/2044/2044 1867/1867/1867 1868/1868/1868
f 2046/2046/2046 2044/2044/2044 1868/1868/1868
f 2046/2046/2046 1868/1868/1868 1869/1869/1869
f 2047/2047/2047 2046/2046/2046 1869/1869/1869
f 2047/2047/2047 1869/1869/1869 488/488/488
f 2048/2048/2048 2047/2047/2047 488/488/488
f 2048/2048/2048 488/488/488 463/463/463
f 475/475/475 2048/2048/2048 463/463/463
f 475/475/475 463/463/463 478/478/478
f 476/476/476 475/475/475 478/478/478
f 476/476/476 478/478/478 462/462/462
f 1870/1870/1870 476/476/476 462/462/462
f 1870/1870/1870 462/462/462 484/484/484
f 1431/1431/1431 1094/1094/1094 1963/1963/1963
f 1432/1432/1432 1431/1431/1431 1963/1963/1963
f 1432/1432/1432 1963/1963/1963 1964/1964/1964
f 1433/1433/1433 1432/1432/1432 1964/1964/1964
f 1433/1433/1433 1964/1964/1964 1966/1966/1966
f 2289/2289/2289 1433/1433/1433 1966/1966/1966
f 2289/2289/2289 1966/1966/1966 1968/1968/1968
f 2290/2290/2290 2289/2289/2289 1968/1968/1968
f 2290/2290/2290 1968/1968/1968 1969/1969/1969
f 1455/1455/1455 2290/2290/2290 1969/1969/1969
f 1455/1455/1455 1969/1969/1969 1970/1970/1970
f 1454/1454/1454 1455/1455/1455 1970/1970/1970
f 1454/1454/1454 1970/1970/1970 1971/1971/1971
f 1449/1449/1449 1454/1454/1454 1971/1971/1971
f 1449/1449/1449 1971/1971/1971 1972/1972/1972
f 1448/1448/1448 1449/1449/1449 1972/1972/1972
f 1448/1448/1448 1972/1972/1972 1973/1973/1973
f 1445/1445/1445 1448/1448/1448 1973/1973/1973
f 1445/1445/1445 1973/1973/1973 1974/1974/1974
f 1444/1444/1444 1445/1445/1445 1974/1974/1974
f 1444/1444/1444 1974/1974/1974 1975/1975/1975
f 576/576/576 1444/1444/1444 1975/1975/1975
f 576/576/576 1975/1975/1975 1976/1976/1976
f 577/577/577 576/576/576 1976/1976/1976
f 577/577/577 1976/1976/1976 1978/1978/1978
f 1980/1980/1980 577/577/577 1978/1978/1978
f 2291/2291/2291 3000/3000/3000 528/528/528
f 2292/2292/2292 2291/2291/2291 528/528/528
f 2292/2292/2292 528/528/528 527/527/527
f 2293/2293/2293 2292/2292/2292 527/527/527
f 2800/2800/2800 3150/3150/3150 534/534/534
f 2294/2294/2294 2800/2800/2800 534/534/534
f 2294/2294/2294 534/534/534 533/533/533
f 2295/2295/2295 2294/2294/2294 533/533/533
f 2295/2295/2295 2823/2823/2823 521/521/521
f 2296/2296/2296 2295/2295/2295 521/521/521
f 2296/2296/2296 521/521/521 539/539/539
f 2297/2297/2297 2296/2296/2296 539/539/539
f 3020/3020/3020 3062/3062/3062 531/531/531
f 2298/2298/2298 3020/3020/3020 531/531/531
f 2298/2298/2298 531/531/531 530/530/530
f 2766/2766/2766 2298/2298/2298 530/530/530
f 3000/3000/3000 3115/3115/3115 2299/2299/2299
f 528/528/528 3000/3000/3000 2299/2299/2299
f 528/528/528 2299/2299/2299 2300/2300/2300
f 538/538/538 528/528/528 2300/2300/2300
f 2835/2835/2835 2765/2765/2765 2301/2301/2301
f 536/536/536 2835/2835/2835 2301/2301/2301
f 536/536/536 2301/2301/2301 2302/2302/2302
f 537/537/537 536/536/536 2302/2302/2302
f 2892/2892/2892 2302/2302/2302 2303/2303/2303
f 1460/1460/1460 2892/2892/2892 2303/2303/2303
f 1460/1460/1460 2303/2303/2303 2304/2304/2304
f 1463/1463/1463 1460/1460/1460 2304/2304/2304
f 3116/3116/3116 2764/2764/2764 1462/1462/1462
f 2827/2827/2827 3116/3116/3116 1462/1462/1462
f 2827/2827/2827 1462/1462/1462 540/540/540
f 2846/2846/2846 2827/2827/2827 540/540/540
f 2846/2846/2846 540/540/540 532/532/532
f 3062/3062/3062 2846/2846/2846 532/532/532
f 3062/3062/3062 532/532/532 531/531/531
f 3119/3119/3119 2302/2302/2302 2301/2301/2301
f 1472/1472/1472 3119/3119/3119 2301/2301/2301
f 1472/1472/1472 2301/2301/2301 2765/2765/2765
f 1474/1474/1474 1472/1472/1472 2765/2765/2765
f 3120/3120/3120 2300/2300/2300 2299/2299/2299
f 1469/1469/1469 3120/3120/3120 2299/2299/2299
f 1469/1469/1469 2299/2299/2299 3115/3115/3115
f 524/524/524 1469/1469/1469 3115/3115/3115
f 524/524/524 1461/1461/1461 1462/1462/1462
f 583/583/583 524/524/524 1462/1462/1462
f 583/583/583 1462/1462/1462 2764/2764/2764
f 2817/2817/2817 583/583/583 2764/2764/2764
f 2818/2818/2818 2304/2304/2304 2303/2303/2303
f 3118/3118/3118 2818/2818/2818 2303/2303/2303
f 3118/3118/3118 2303/2303/2303 2302/2302/2302
f 3119/3119/3119 3118/3118/3118 2302/2302/2302
f 2305/2305/2305 141/141/141 586/586/586
f 2306/2306/2306 2305/2305/2305 586/586/586
f 2306/2306/2306 586/586/586 580/580/580
f 2307/2307/2307 2306/2306/2306 580/580/580
f 2307/2307/2307 580/580/580 579/579/579
f 2308/2308/2308 2307/2307/2307 579/579/579
f 2308/2308/2308 579/579/579 2029/2029/2029
f 2309/2309/2309 2308/2308/2308 2029/2029/2029
f 2309/2309/2309 2029/2029/2029 2031/2031/2031
f 2310/2310/2310 2309/2309/2309 2031/2031/2031
f 2310/2310/2310 2031/2031/2031 2033/2033/2033
f 2311/2311/2311 2310/2310/2310 2033/2033/2033
f 2311/2311/2311 2033/2033/2033 2035/2035/2035
f 2312/2312/2312 2311/2311/2311 2035/2035/2035
f 2312/2312/2312 2035/2035/2035 2037/2037/2037
f 1450/1450/1450 2312/2312/2312 2037/2037/2037
f 1450/1450/1450 2037/2037/2037 2038/2038/2038
f 1440/1440/1440 1450/1450/1450 2038/2038/2038
f 1440/1440/1440 2038/2038/2038 870/870/870
f 2313/2313/2313 2314/2314/2314 2315/2315/2315
f 2316/2316/2316 2313/2313/2313 2315/2315/2315
f 2316/2316/2316 2315/2315/2315 2317/2317/2317
f 2318/2318/2318 2316/2316/2316 2317/2317/2317
f 2318/2318/2318 2317/2317/2317 2319/2319/2319
f 2320/2320/2320 2318/2318/2318 2319/2319/2319
f 2320/2320/2320 2319/2319/2319 2321/2321/2321
f 2322/2322/2322 2320/2320/2320 2321/2321/2321
f 2322/2322/2322 2321/2321/2321 2323/2323/2323
f 2324/2324/2324 2322/2322/2322 2323/2323/2323
f 2324/2324/2324 2323/2323/2323 1537/1537/1537
f 592/592/592 2324/2324/2324 1537/1537/1537
f 592/592/592 1537/1537/1537 588/588/588
f 590/590/590 592/592/592 588/588/588
f 590/590/590 588/588/588 587/587/587
f 594/594/594 590/590/590 587/587/587
f 2850/2850/2850 587/587/587 597/597/597
f 2325/2325/2325 2850/2850/2850 597/597/597
f 2325/2325/2325 597/597/597 596/596/596
f 2326/2326/2326 2325/2325/2325 596/596/596
f 2326/2326/2326 596/596/596 645/645/645
f 2327/2327/2327 2326/2326/2326 645/645/645
f 2327/2327/2327 645/645/645 652/652/652
f 2328/2328/2328 2327/2327/2327 652/652/652
f 2328/2328/2328 652/652/652 637/637/637
f 2329/2329/2329 2328/2328/2328 637/637/637
f 2329/2329/2329 637/637/637 2866/2866/2866
f 2330/2330/2330 2329/2329/2329 2866/2866/2866
f 2330/2330/2330 2866/2866/2866 1536/1536/1536
f 2331/2331/2331 2330/2330/2330 1536/1536/1536
f 2331/2331/2331 1536/1536/1536 1532/1532/1532
f 634/634/634 2331/2331/2331 1532/1532/1532
f 634/634/634 1532/1532/1532 1531/1531/1531
f 633/633/633 634/634/634 1531/1531/1531
f 633/633/633 1531/1531/1531 1533/1533/1533
f 638/638/638 633/633/633 1533/1533/1533
f 2759/2759/2759 2812/2812/2812 2931/2931/2931
f 2761/2761/2761 2759/2759/2759 2931/2931/2931
f 2761/2761/2761 2931/2931/2931 2332/2332/2332
f 3074/3074/3074 2761/2761/2761 2332/2332/2332
f 3074/3074/3074 2332/2332/2332 2333/2333/2333
f 2763/2763/2763 3074/3074/3074 2333/2333/2333
f 2763/2763/2763 2333/2333/2333 2334/2334/2334
f 3155/3155/3155 2763/2763/2763 2334/2334/2334
f 3155/3155/3155 2334/2334/2334 2335/2335/2335
f 2313/2313/2313 3155/3155/3155 2335/2335/2335
f 2313/2313/2313 2335/2335/2335 2336/2336/2336
f 2314/2314/2314 2313/2313/2313 2336/2336/2336
f 2314/2314/2314 2336/2336/2336 2337/2337/2337
f 2338/2338/2338 2314/2314/2314 2337/2337/2337
f 2338/2338/2338 2337/2337/2337 2339/2339/2339
f 2340/2340/2340 2338/2338/2338 2339/2339/2339
f 2338/2338/2338 2340/2340/2340 2341/2341/2341
f 2342/2342/2342 2338/2338/2338 2341/2341/2341
f 2342/2342/2342 2341/2341/2341 2343/2343/2343
f 2344/2344/2344 2342/2342/2342 2343/2343/2343
f 2344/2344/2344 2343/2343/2343 2345/2345/2345
f 2346/2346/2346 2344/2344/2344 2345/2345/2345
f 2346/2346/2346 2345/2345/2345 2347/2347/2347
f 2348/2348/2348 2346/2346/2346 2347/2347/2347
f 2348/2348/2348 2347/2347/2347 2349/2349/2349
f 2350/2350/2350 2348/2348/2348 2349/2349/2349
f 2350/2350/2350 2349/2349/2349 2351/2351/2351
f 2352/2352/2352 2350/2350/2350 2351/2351/2351
f 2352/2352/2352 2351/2351/2351 2353/2353/2353
f 2354/2354/2354 2352/2352/2352 2353/2353/2353
f 2354/2354/2354 2353/2353/2353 2355/2355/2355
f 2356/2356/2356 2354/2354/2354 2355/2355/2355
f 2356/2356/2356 2355/2355/2355 2357/2357/2357
f 2358/2358/2358 2356/2356/2356 2357/2357/2357
f 2314/2314/2314 2338/2338/2338 2342/2342/2342
f 2315/2315/2315 2314/2314/2314 2342/2342/2342
f 2315/2315/2315 2342/2342/2342 2344/2344/2344
f 2317/2317/2317 2315/2315/2315 2344/2344/2344
f 2317/2317/2317 2344/2344/2344 2346/2346/2346
f 2319/2319/2319 2317/2317/2317 2346/2346/2346
f 2319/2319/2319 2346/2346/2346 2348/2348/2348
f 2762/2762/2762 2319/2319/2319 2348/2348/2348
f 2762/2762/2762 2348/2348/2348 2350/2350/2350
f 2760/2760/2760 2762/2762/2762 2350/2350/2350
f 2760/2760/2760 2350/2350/2350 2352/2352/2352
f 1537/1537/1537 2760/2760/2760 2352/2352/2352
f 1537/1537/1537 2352/2352/2352 2354/2354/2354
f 1538/1538/1538 1537/1537/1537 2354/2354/2354
f 1538/1538/1538 2354/2354/2354 2356/2356/2356
f 2359/2359/2359 1538/1538/1538 2356/2356/2356
f 2359/2359/2359 2356/2356/2356 2358/2358/2358
f 2360/2360/2360 2359/2359/2359 2358/2358/2358
f 593/593/593 1538/1538/1538 2359/2359/2359
f 589/589/589 593/593/593 2359/2359/2359
f 589/589/589 2359/2359/2359 2360/2360/2360
f 600/600/600 589/589/589 2360/2360/2360
f 600/600/600 2360/2360/2360 642/642/642
f 599/599/599 600/600/600 642/642/642
f 599/599/599 642/642/642 641/641/641
f 598/598/598 599/599/599 641/641/641
f 598/598/598 641/641/641 2361/2361/2361
f 2834/2834/2834 598/598/598 2361/2361/2361
f 2834/2834/2834 2361/2361/2361 2362/2362/2362
f 3106/3106/3106 2834/2834/2834 2362/2362/2362
f 3106/3106/3106 2362/2362/2362 2363/2363/2363
f 2798/2798/2798 3106/3106/3106 2363/2363/2363
f 2798/2798/2798 2363/2363/2363 2364/2364/2364
f 2803/2803/2803 2798/2798/2798 2364/2364/2364
f 2803/2803/2803 2364/2364/2364 2365/2365/2365
f 627/627/627 2803/2803/2803 2365/2365/2365
f 627/627/627 2365/2365/2365 2366/2366/2366
f 1519/1519/1519 627/627/627 2366/2366/2366
f 1519/1519/1519 2366/2366/2366 2367/2367/2367
f 1517/1517/1517 1519/1519/1519 2367/2367/2367
f 1517/1517/1517 2367/2367/2367 2368/2368/2368
f 1521/1521/1521 1517/1517/1517 2368/2368/2368
f 1521/1521/1521 2368/2368/2368 2369/2369/2369
f 606/606/606 1521/1521/1521 2369/2369/2369
f 606/606/606 2369/2369/2369 2370/2370/2370
f 604/604/604 606/606/606 2370/2370/2370
f 604/604/604 2370/2370/2370 2371/2371/2371
f 641/641/641 640/640/640 3123/3123/3123
f 2361/2361/2361 641/641/641 3123/3123/3123
f 2361/2361/2361 3123/3123/3123 3090/3090/3090
f 2362/2362/2362 2361/2361/2361 3090/3090/3090
f 2362/2362/2362 3090/3090/3090 3143/3143/3143
f 2363/2363/2363 2362/2362/2362 3143/3143/3143
f 2363/2363/2363 3143/3143/3143 3122/3122/3122
f 2364/2364/2364 2363/2363/2363 3122/3122/3122
f 2364/2364/2364 3122/3122/3122 601/601/601
f 2365/2365/2365 2364/2364/2364 601/601/601
f 2365/2365/2365 601/601/601 603/603/603
f 2366/2366/2366 2365/2365/2365 603/603/603
f 2366/2366/2366 603/603/603 2787/2787/2787
f 2367/2367/2367 2366/2366/2366 2787/2787/2787
f 2367/2367/2367 2787/2787/2787 1501/1501/1501
f 2368/2368/2368 2367/2367/2367 1501/1501/1501
f 2368/2368/2368 1501/1501/1501 1503/1503/1503
f 2369/2369/2369 2368/2368/2368 1503/1503/1503
f 2369/2369/2369 1503/1503/1503 1524/1524/1524
f 2370/2370/2370 2369/2369/2369 1524/1524/1524
f 2370/2370/2370 1524/1524/1524 1523/1523/1523
f 2371/2371/2371 2370/2370/2370 1523/1523/1523
f 2372/2372/2372 2373/2373/2373 2374/2374/2374
f 1573/1573/1573 2372/2372/2372 2374/2374/2374
f 1573/1573/1573 2374/2374/2374 2375/2375/2375
f 1574/1574/1574 1573/1573/1573 2375/2375/2375
f 1574/1574/1574 2375/2375/2375 2376/2376/2376
f 3067/3067/3067 1574/1574/1574 2376/2376/2376
f 3067/3067/3067 2376/2376/2376 688/688/688
f 2377/2377/2377 3067/3067/3067 688/688/688
f 2377/2377/2377 688/688/688 687/687/687
f 2378/2378/2378 2377/2377/2377 687/687/687
f 2378/2378/2378 687/687/687 1588/1588/1588
f 2379/2379/2379 2378/2378/2378 1588/1588/1588
f 2379/2379/2379 1588/1588/1588 1587/1587/1587
f 2380/2380/2380 2379/2379/2379 1587/1587/1587
f 2380/2380/2380 1587/1587/1587 1586/1586/1586
f 2381/2381/2381 2380/2380/2380 1586/1586/1586
f 2381/2381/2381 1586/1586/1586 1585/1585/1585
f 2382/2382/2382 2381/2381/2381 1585/1585/1585
f 2382/2382/2382 1585/1585/1585 1583/1583/1583
f 2383/2383/2383 2382/2382/2382 1583/1583/1583
f 2383/2383/2383 1583/1583/1583 1584/1584/1584
f 2384/2384/2384 2383/2383/2383 1584/1584/1584
f 2384/2384/2384 1584/1584/1584 1581/1581/1581
f 2385/2385/2385 2384/2384/2384 1581/1581/1581
f 2385/2385/2385 1581/1581/1581 1582/1582/1582
f 2850/2850/2850 2325/2325/2325 2326/2326/2326
f 2839/2839/2839 2850/2850/2850 2326/2326/2326
f 2839/2839/2839 2326/2326/2326 2327/2327/2327
f 648/648/648 2839/2839/2839 2327/2327/2327
f 648/648/648 2327/2327/2327 2328/2328/2328
f 632/632/632 648/648/648 2328/2328/2328
f 632/632/632 2328/2328/2328 2329/2329/2329
f 630/630/630 632/632/632 2329/2329/2329
f 630/630/630 2329/2329/2329 2330/2330/2330
f 1527/1527/1527 630/630/630 2330/2330/2330
f 1527/1527/1527 2330/2330/2330 2331/2331/2331
f 1525/1525/1525 1527/1527/1527 2331/2331/2331
f 1525/1525/1525 2331/2331/2331 634/634/634
f 1529/1529/1529 1525/1525/1525 634/634/634
f 1529/1529/1529 634/634/634 608/608/608
f 1530/1530/1530 1529/1529/1529 608/608/608
f 1530/1530/1530 608/608/608 607/607/607
f 598/598/598 2834/2834/2834 2386/2386/2386
f 596/596/596 598/598/598 2386/2386/2386
f 596/596/596 2386/2386/2386 2387/2387/2387
f 3021/3021/3021 596/596/596 2387/2387/2387
f 3021/3021/3021 2387/2387/2387 2388/2388/2388
f 649/649/649 3021/3021/3021 2388/2388/2388
f 649/649/649 2388/2388/2388 2389/2389/2389
f 615/615/615 649/649/649 2389/2389/2389
f 615/615/615 2389/2389/2389 2390/2390/2390
f 613/613/613 615/615/615 2390/2390/2390
f 613/613/613 2390/2390/2390 2391/2391/2391
f 1507/1507/1507 613/613/613 2391/2391/2391
f 1507/1507/1507 2391/2391/2391 2392/2392/2392
f 1505/1505/1505 1507/1507/1507 2392/2392/2392
f 1505/1505/1505 2392/2392/2392 2393/2393/2393
f 1509/1509/1509 1505/1505/1505 2393/2393/2393
f 1509/1509/1509 2393/2393/2393 622/622/622
f 1510/1510/1510 1509/1509/1509 622/622/622
f 1510/1510/1510 622/622/622 623/623/623
f 620/620/620 622/622/622 2393/2393/2393
f 1511/1511/1511 620/620/620 2393/2393/2393
f 1511/1511/1511 2393/2393/2393 2392/2392/2392
f 1513/1513/1513 1511/1511/1511 2392/2392/2392
f 1513/1513/1513 2392/2392/2392 2391/2391/2391
f 1516/1516/1516 1513/1513/1513 2391/2391/2391
f 1516/1516/1516 2391/2391/2391 2390/2390/2390
f 617/617/617 1516/1516/1516 2390/2390/2390
f 617/617/617 2390/2390/2390 2389/2389/2389
f 618/618/618 617/617/617 2389/2389/2389
f 618/618/618 2389/2389/2389 2388/2388/2388
f 651/651/651 618/618/618 2388/2388/2388
f 651/651/651 2388/2388/2388 2387/2387/2387
f 624/624/624 651/651/651 2387/2387/2387
f 624/624/624 2387/2387/2387 2386/2386/2386
f 2834/2834/2834 624/624/624 2386/2386/2386
f 1540/1540/1540 1539/1539/1539 2394/2394/2394
f 2395/2395/2395 1540/1540/1540 2394/2394/2394
f 2395/2395/2395 2394/2394/2394 2396/2396/2396
f 2397/2397/2397 2395/2395/2395 2396/2396/2396
f 2397/2397/2397 2396/2396/2396 2398/2398/2398
f 2399/2399/2399 2397/2397/2397 2398/2398/2398
f 2399/2399/2399 2398/2398/2398 2400/2400/2400
f 2809/2809/2809 2399/2399/2399 2400/2400/2400
f 2809/2809/2809 2400/2400/2400 2799/2799/2799
f 1554/1554/1554 2401/2401/2401 681/681/681
f 1554/1554/1554 681/681/681 683/683/683
f 1550/1550/1550 1554/1554/1554 683/683/683
f 1550/1550/1550 683/683/683 1570/1570/1570
f 2840/2840/2840 1550/1550/1550 1570/1570/1570
f 1542/1542/1542 1570/1570/1570 1572/1572/1572
f 1544/1544/1544 1542/1542/1542 1572/1572/1572
f 655/655/655 2402/2402/2402 2403/2403/2403
f 3046/3046/3046 655/655/655 2403/2403/2403
f 3046/3046/3046 2403/2403/2403 2404/2404/2404
f 2394/2394/2394 3046/3046/3046 2404/2404/2404
f 2394/2394/2394 2404/2404/2404 2405/2405/2405
f 2396/2396/2396 2394/2394/2394 2405/2405/2405
f 2396/2396/2396 2405/2405/2405 2406/2406/2406
f 2398/2398/2398 2396/2396/2396 2406/2406/2406
f 2398/2398/2398 2406/2406/2406 2407/2407/2407
f 2400/2400/2400 2398/2398/2398 2407/2407/2407
f 2400/2400/2400 2407/2407/2407 2408/2408/2408
f 681/681/681 2400/2400/2400 2408/2408/2408
f 681/681/681 2408/2408/2408 2409/2409/2409
f 682/682/682 681/681/681 2409/2409/2409
f 682/682/682 2409/2409/2409 699/699/699
f 1599/1599/1599 682/682/682 699/699/699
f 1599/1599/1599 699/699/699 698/698/698
f 1569/1569/1569 1599/1599/1599 698/698/698
f 1569/1569/1569 698/698/698 692/692/692
f 1567/1567/1567 1569/1569/1569 692/692/692
f 655/655/655 654/654/654 657/657/657
f 2402/2402/2402 655/655/655 657/657/657
f 2402/2402/2402 657/657/657 2410/2410/2410
f 2403/2403/2403 2402/2402/2402 2410/2410/2410
f 2403/2403/2403 2410/2410/2410 2411/2411/2411
f 2404/2404/2404 2403/2403/2403 2411/2411/2411
f 2404/2404/2404 2411/2411/2411 2412/2412/2412
f 2405/2405/2405 2404/2404/2404 2412/2412/2412
f 2405/2405/2405 2412/2412/2412 2413/2413/2413
f 2756/2756/2756 2405/2405/2405 2413/2413/2413
f 2756/2756/2756 2413/2413/2413 2414/2414/2414
f 2407/2407/2407 2756/2756/2756 2414/2414/2414
f 2407/2407/2407 2414/2414/2414 2415/2415/2415
f 2408/2408/2408 2407/2407/2407 2415/2415/2415
f 2408/2408/2408 2415/2415/2415 689/689/689
f 2409/2409/2409 2408/2408/2408 689/689/689
f 2409/2409/2409 689/689/689 688/688/688
f 699/699/699 2409/2409/2409 688/688/688
f 699/699/699 688/688/688 2376/2376/2376
f 690/690/690 699/699/699 2376/2376/2376
f 690/690/690 2376/2376/2376 2375/2375/2375
f 657/657/657 656/656/656 2416/2416/2416
f 2410/2410/2410 657/657/657 2416/2416/2416
f 2410/2410/2410 2416/2416/2416 2417/2417/2417
f 2813/2813/2813 2410/2410/2410 2417/2417/2417
f 2813/2813/2813 2417/2417/2417 2418/2418/2418
f 2412/2412/2412 2813/2813/2813 2418/2418/2418
f 2412/2412/2412 2418/2418/2418 2419/2419/2419
f 2413/2413/2413 2412/2412/2412 2419/2419/2419
f 2413/2413/2413 2419/2419/2419 2420/2420/2420
f 2414/2414/2414 2413/2413/2413 2420/2420/2420
f 2414/2414/2414 2420/2420/2420 2421/2421/2421
f 2415/2415/2415 2414/2414/2414 2421/2421/2421
f 2415/2415/2415 2421/2421/2421 686/686/686
f 689/689/689 2415/2415/2415 686/686/686
f 689/689/689 2805/2805/2805 685/685/685
f 687/687/687 689/689/689 685/685/685
f 687/687/687 685/685/685 1588/1588/1588
f 2422/2422/2422 658/658/658 660/660/660
f 2423/2423/2423 2422/2422/2422 660/660/660
f 2423/2423/2423 660/660/660 2830/2830/2830
f 2424/2424/2424 2423/2423/2423 2830/2830/2830
f 2424/2424/2424 2830/2830/2830 3138/3138/3138
f 1543/1543/1543 2424/2424/2424 3138/3138/3138
f 1543/1543/1543 3138/3138/3138 3073/3073/3073
f 1541/1541/1541 1543/1543/1543 3073/3073/3073
f 2960/2960/2960 1592/1592/1592 1591/1591/1591
f 1549/1549/1549 2960/2960/2960 1591/1591/1591
f 1549/1549/1549 1591/1591/1591 1590/1590/1590
f 1553/1553/1553 1549/1549/1549 1590/1590/1590
f 1553/1553/1553 1590/1590/1590 1589/1589/1589
f 1554/1554/1554 1553/1553/1553 1589/1589/1589
f 1554/1554/1554 1589/1589/1589 2425/2425/2425
f 2401/2401/2401 1554/1554/1554 2425/2425/2425
f 675/675/675 674/674/674 2426/2426/2426
f 3019/3019/3019 675/675/675 2426/2426/2426
f 3019/3019/3019 2426/2426/2426 2427/2427/2427
f 695/695/695 3019/3019/3019 2427/2427/2427
f 695/695/695 2427/2427/2427 669/669/669
f 693/693/693 695/695/695 669/669/669
f 693/693/693 669/669/669 668/668/668
f 694/694/694 693/693/693 668/668/668
f 694/694/694 668/668/668 1561/1561/1561
f 1558/1558/1558 694/694/694 1561/1561/1561
f 1558/1558/1558 1561/1561/1561 1562/1562/1562
f 1557/1557/1557 1558/1558/1558 1562/1562/1562
f 1557/1557/1557 1562/1562/1562 2428/2428/2428
f 1564/1564/1564 1557/1557/1557 2428/2428/2428
f 1564/1564/1564 2428/2428/2428 2429/2429/2429
f 1594/1594/1594 1564/1564/1564 2429/2429/2429
f 1594/1594/1594 2429/2429/2429 2430/2430/2430
f 1596/1596/1596 1594/1594/1594 2430/2430/2430
f 1575/1575/1575 1576/1576/1576 3027/3027/3027
f 2431/2431/2431 1575/1575/1575 3027/3027/3027
f 2431/2431/2431 3027/3027/3027 3078/3078/3078
f 2432/2432/2432 2431/2431/2431 3078/3078/3078
f 2432/2432/2432 3078/3078/3078 2758/2758/2758
f 2433/2433/2433 2432/2432/2432 2758/2758/2758
f 2433/2433/2433 2758/2758/2758 2757/2757/2757
f 2434/2434/2434 2433/2433/2433 2757/2757/2757
f 2434/2434/2434 2757/2757/2757 3124/3124/3124
f 2435/2435/2435 2434/2434/2434 3124/3124/3124
f 2435/2435/2435 3124/3124/3124 2821/2821/2821
f 2436/2436/2436 2435/2435/2435 2821/2821/2821
f 2436/2436/2436 2821/2821/2821 2383/2383/2383
f 2437/2437/2437 2436/2436/2436 2383/2383/2383
f 2437/2437/2437 2383/2383/2383 2384/2384/2384
f 2438/2438/2438 2437/2437/2437 2384/2384/2384
f 2438/2438/2438 2384/2384/2384 2385/2385/2385
f 1608/1608/1608 2232/2232/2232 2439/2439/2439
f 1607/1607/1607 1608/1608/1608 2439/2439/2439
f 1607/1607/1607 2439/2439/2439 2440/2440/2440
f 1605/1605/1605 1607/1607/1607 2440/2440/2440
f 1605/1605/1605 2440/2440/2440 2441/2441/2441
f 1606/1606/1606 1605/1605/1605 2441/2441/2441
f 1606/1606/1606 2441/2441/2441 2442/2442/2442
f 1609/1609/1609 1606/1606/1606 2442/2442/2442
f 1609/1609/1609 2442/2442/2442 2443/2443/2443
f 1610/1610/1610 1609/1609/1609 2443/2443/2443
f 1610/1610/1610 2443/2443/2443 2444/2444/2444
f 2445/2445/2445 1610/1610/1610 2444/2444/2444
f 2445/2445/2445 2444/2444/2444 2446/2446/2446
f 1603/1603/1603 2445/2445/2445 2446/2446/2446
f 1603/1603/1603 2446/2446/2446 2447/2447/2447
f 1601/1601/1601 1603/1603/1603 2447/2447/2447
f 1601/1601/1601 2447/2447/2447 2179/2179/2179
f 1602/1602/1602 1601/1601/1601 2179/2179/2179
f 1602/1602/1602 2179/2179/2179 2208/2208/2208
f 1604/1604/1604 1602/1602/1602 2208/2208/2208
f 1604/1604/1604 2208/2208/2208 2206/2206/2206
f 2232/2232/2232 2234/2234/2234 2235/2235/2235
f 2439/2439/2439 2232/2232/2232 2235/2235/2235
f 2439/2439/2439 2235/2235/2235 2236/2236/2236
f 2440/2440/2440 2439/2439/2439 2236/2236/2236
f 2440/2440/2440 2236/2236/2236 2237/2237/2237
f 2441/2441/2441 2440/2440/2440 2237/2237/2237
f 2441/2441/2441 2237/2237/2237 2238/2238/2238
f 2442/2442/2442 2441/2441/2441 2238/2238/2238
f 2442/2442/2442 2238/2238/2238 2239/2239/2239
f 2443/2443/2443 2442/2442/2442 2239/2239/2239
f 2443/2443/2443 2239/2239/2239 2240/2240/2240
f 2444/2444/2444 2443/2443/2443 2240/2240/2240
f 2444/2444/2444 2240/2240/2240 2241/2241/2241
f 2446/2446/2446 2444/2444/2444 2241/2241/2241
f 2446/2446/2446 2241/2241/2241 2242/2242/2242
f 2447/2447/2447 2446/2446/2446 2242/2242/2242
f 2447/2447/2447 2242/2242/2242 2179/2179/2179
f 2198/2198/2198 2227/2227/2227 1299/1299/1299
f 2196/2196/2196 2198/2198/2198 1299/1299/1299
f 2196/2196/2196 1299/1299/1299 1297/1297/1297
f 2194/2194/2194 2196/2196/2196 1297/1297/1297
f 2194/2194/2194 1297/1297/1297 1306/1306/1306
f 2192/2192/2192 2194/2194/2194 1306/1306/1306
f 2192/2192/2192 1306/1306/1306 2168/2168/2168
f 2190/2190/2190 2192/2192/2192 2168/2168/2168
f 2190/2190/2190 2168/2168/2168 2170/2170/2170
f 2188/2188/2188 2190/2190/2190 2170/2170/2170
f 2188/2188/2188 2170/2170/2170 2172/2172/2172
f 2186/2186/2186 2188/2188/2188 2172/2172/2172
f 2186/2186/2186 2172/2172/2172 2174/2174/2174
f 2184/2184/2184 2186/2186/2186 2174/2174/2174
f 2184/2184/2184 2174/2174/2174 2176/2176/2176
f 2182/2182/2182 2184/2184/2184 2176/2176/2176
f 2182/2182/2182 2176/2176/2176 2178/2178/2178
f 2180/2180/2180 2182/2182/2182 2178/2178/2178
f 714/714/714 713/713/713 721/721/721
f 2247/2247/2247 714/714/714 721/721/721
f 2247/2247/2247 721/721/721 2448/2448/2448
f 2246/2246/2246 2247/2247/2247 2448/2448/2448
f 2246/2246/2246 2448/2448/2448 2449/2449/2449
f 2245/2245/2245 2246/2246/2246 2449/2449/2449
f 2245/2245/2245 2449/2449/2449 2450/2450/2450
f 2244/2244/2244 2245/2245/2245 2450/2450/2450
f 2244/2244/2244 2450/2450/2450 2451/2451/2451
f 2243/2243/2243 2244/2244/2244 2451/2451/2451
f 2243/2243/2243 2451/2451/2451 2452/2452/2452
f 2981/2981/2981 2243/2243/2243 2452/2452/2452
f 2981/2981/2981 2452/2452/2452 2453/2453/2453
f 2972/2972/2972 2981/2981/2981 2453/2453/2453
f 2972/2972/2972 2453/2453/2453 2454/2454/2454
f 2884/2884/2884 2972/2972/2972 2454/2454/2454
f 2884/2884/2884 2454/2454/2454 2455/2455/2455
f 2785/2785/2785 2884/2884/2884 2455/2455/2455
f 2785/2785/2785 2455/2455/2455 2456/2456/2456
f 2457/2457/2457 2785/2785/2785 2456/2456/2456
f 2457/2457/2457 2456/2456/2456 2455/2455/2455
f 2458/2458/2458 2457/2457/2457 2455/2455/2455
f 2458/2458/2458 2455/2455/2455 2454/2454/2454
f 2459/2459/2459 2458/2458/2458 2454/2454/2454
f 2459/2459/2459 2454/2454/2454 2453/2453/2453
f 2460/2460/2460 2459/2459/2459 2453/2453/2453
f 2460/2460/2460 2453/2453/2453 2452/2452/2452
f 2451/2451/2451 2460/2460/2460 2452/2452/2452
f 721/721/721 722/722/722 709/709/709
f 2448/2448/2448 721/721/721 709/709/709
f 2448/2448/2448 709/709/709 711/711/711
f 2449/2449/2449 2448/2448/2448 711/711/711
f 2449/2449/2449 711/711/711 1615/1615/1615
f 2450/2450/2450 2449/2449/2449 1615/1615/1615
f 2450/2450/2450 1615/1615/1615 1629/1629/1629
f 2451/2451/2451 2450/2450/2450 1629/1629/1629
f 2451/2451/2451 1629/1629/1629 2822/2822/2822
f 2460/2460/2460 2451/2451/2451 2822/2822/2822
f 2460/2460/2460 2822/2822/2822 3077/3077/3077
f 2459/2459/2459 2460/2460/2460 3077/3077/3077
f 2459/2459/2459 3077/3077/3077 3136/3136/3136
f 2458/2458/2458 2459/2459/2459 3136/3136/3136
f 2458/2458/2458 3136/3136/3136 2912/2912/2912
f 2457/2457/2457 2458/2458/2458 2912/2912/2912
f 2457/2457/2457 2912/2912/2912 2785/2785/2785
f 808/808/808 810/810/810 1659/1659/1659
f 1681/1681/1681 808/808/808 1659/1659/1659
f 1681/1681/1681 1659/1659/1659 1662/1662/1662
f 1677/1677/1677 1681/1681/1681 1662/1662/1662
f 1677/1677/1677 1662/1662/1662 1664/1664/1664
f 1669/1669/1669 1677/1677/1677 1664/1664/1664
f 1669/1669/1669 1664/1664/1664 1665/1665/1665
f 822/822/822 1669/1669/1669 1665/1665/1665
f 822/822/822 1665/1665/1665 1685/1685/1685
f 811/811/811 822/822/822 1685/1685/1685
f 811/811/811 1685/1685/1685 1684/1684/1684
f 812/812/812 811/811/811 1684/1684/1684
f 812/812/812 1684/1684/1684 1666/1666/1666
f 1668/1668/1668 812/812/812 1666/1666/1666
f 1668/1668/1668 1666/1666/1666 1663/1663/1663
f 1687/1687/1687 1668/1668/1668 1663/1663/1663
f 1687/1687/1687 1663/1663/1663 1661/1661/1661
f 1689/1689/1689 1687/1687/1687 1661/1661/1661
f 1689/1689/1689 1661/1661/1661 1658/1658/1658
f 1683/1683/1683 1689/1689/1689 1658/1658/1658
f 1683/1683/1683 1658/1658/1658 1660/1660/1660
f 1674/1674/1674 1683/1683/1683 1660/1660/1660
f 1674/1674/1674 1660/1660/1660 2900/2900/2900
f 1676/1676/1676 1674/1674/1674 2900/2900/2900
f 1676/1676/1676 2900/2900/2900 2934/2934/2934
f 1675/1675/1675 1676/1676/1676 2934/2934/2934
f 1675/1675/1675 2934/2934/2934 816/816/816
f 898/898/898 879/879/879 905/905/905
f 1734/1734/1734 898/898/898 905/905/905
f 1734/1734/1734 905/905/905 1735/1735/1735
f 1746/1746/1746 1734/1734/1734 1735/1735/1735
f 1746/1746/1746 1735/1735/1735 1736/1736/1736
f 3146/3146/3146 1746/1746/1746 1736/1736/1736
f 3146/3146/3146 1736/1736/1736 1745/1745/1745
f 3145/3145/3145 3146/3146/3146 1745/1745/1745
f 3145/3145/3145 1745/1745/1745 2461/2461/2461
f 1730/1730/1730 1732/1732/1732 2461/2461/2461
f 1730/1730/1730 2461/2461/2461 2462/2462/2462
f 1723/1723/1723 1730/1730/1730 2462/2462/2462
f 1723/1723/1723 2462/2462/2462 2463/2463/2463
f 1725/1725/1725 1723/1723/1723 2463/2463/2463
f 1725/1725/1725 2463/2463/2463 2464/2464/2464
f 895/895/895 1725/1725/1725 2464/2464/2464
f 895/895/895 2464/2464/2464 2465/2465/2465
f 885/885/885 895/895/895 2465/2465/2465
f 885/885/885 2465/2465/2465 2466/2466/2466
f 881/881/881 885/885/885 2466/2466/2466
f 881/881/881 2466/2466/2466 2467/2467/2467
f 882/882/882 881/881/881 2467/2467/2467
f 882/882/882 2467/2467/2467 2468/2468/2468
f 1720/1720/1720 882/882/882 2468/2468/2468
f 1720/1720/1720 2468/2468/2468 2469/2469/2469
f 2775/2775/2775 1720/1720/1720 2469/2469/2469
f 2775/2775/2775 2469/2469/2469 2470/2470/2470
f 888/888/888 887/887/887 2966/2966/2966
f 888/888/888 2966/2966/2966 2471/2471/2471
f 1745/1745/1745 888/888/888 2471/2471/2471
f 1745/1745/1745 2471/2471/2471 2472/2472/2472
f 2461/2461/2461 1745/1745/1745 2472/2472/2472
f 2461/2461/2461 2472/2472/2472 2473/2473/2473
f 2474/2474/2474 2461/2461/2461 2473/2473/2473
f 889/889/889 888/888/888 2943/2943/2943
f 1721/1721/1721 3068/3068/3068 1744/1744/1744
f 1721/1721/1721 1744/1744/1744 1740/1740/1740
f 883/883/883 1721/1721/1721 1740/1740/1740
f 883/883/883 1740/1740/1740 1739/1739/1739
f 881/881/881 883/883/883 1739/1739/1739
f 881/881/881 1739/1739/1739 1741/1741/1741
f 1733/1733/1733 881/881/881 1741/1741/1741
f 1733/1733/1733 1741/1741/1741 901/901/901
f 1752/1752/1752 1733/1733/1733 901/901/901
f 1752/1752/1752 901/901/901 891/891/891
f 1751/1751/1751 1752/1752/1752 891/891/891
f 1751/1751/1751 891/891/891 893/893/893
f 1750/1750/1750 1751/1751/1751 893/893/893
f 1750/1750/1750 893/893/893 894/894/894
f 1749/1749/1749 1750/1750/1750 894/894/894
f 1749/1749/1749 894/894/894 897/897/897
f 1748/1748/1748 1749/1749/1749 897/897/897
f 1748/1748/1748 897/897/897 900/900/900
f 1747/1747/1747 1748/1748/1748 900/900/900
f 1747/1747/1747 900/900/900 1734/1734/1734
f 1746/1746/1746 1747/1747/1747 1734/1734/1734
f 2461/2461/2461 2474/2474/2474 2475/2475/2475
f 2462/2462/2462 2461/2461/2461 2475/2475/2475
f 2462/2462/2462 2475/2475/2475 2476/2476/2476
f 2463/2463/2463 2462/2462/2462 2476/2476/2476
f 2463/2463/2463 2476/2476/2476 2477/2477/2477
f 2464/2464/2464 2463/2463/2463 2477/2477/2477
f 2464/2464/2464 2477/2477/2477 2478/2478/2478
f 2465/2465/2465 2464/2464/2464 2478/2478/2478
f 2465/2465/2465 2478/2478/2478 2479/2479/2479
f 2466/2466/2466 2465/2465/2465 2479/2479/2479
f 2466/2466/2466 2479/2479/2479 2480/2480/2480
f 2467/2467/2467 2466/2466/2466 2480/2480/2480
f 2467/2467/2467 2480/2480/2480 2481/2481/2481
f 2468/2468/2468 2467/2467/2467 2481/2481/2481
f 2468/2468/2468 2755/2755/2755 2482/2482/2482
f 2469/2469/2469 2468/2468/2468 2482/2482/2482
f 2469/2469/2469 2482/2482/2482 2483/2483/2483
f 2470/2470/2470 2469/2469/2469 2483/2483/2483
f 2966/2966/2966 2754/2754/2754 2484/2484/2484
f 2471/2471/2471 2966/2966/2966 2484/2484/2484
f 2471/2471/2471 2484/2484/2484 2473/2473/2473
f 2472/2472/2472 2471/2471/2471 2473/2473/2473
f 2485/2485/2485 2486/2486/2486 2487/2487/2487
f 2488/2488/2488 2485/2485/2485 2487/2487/2487
f 2488/2488/2488 2487/2487/2487 2489/2489/2489
f 2490/2490/2490 2488/2488/2488 2489/2489/2489
f 2490/2490/2490 2489/2489/2489 2491/2491/2491
f 2492/2492/2492 2490/2490/2490 2491/2491/2491
f 2492/2492/2492 2491/2491/2491 2493/2493/2493
f 2494/2494/2494 2492/2492/2492 2493/2493/2493
f 2494/2494/2494 2493/2493/2493 2495/2495/2495
f 2496/2496/2496 2494/2494/2494 2495/2495/2495
f 2496/2496/2496 2495/2495/2495 2497/2497/2497
f 2498/2498/2498 2496/2496/2496 2497/2497/2497
f 2498/2498/2498 2497/2497/2497 2499/2499/2499
f 2500/2500/2500 2498/2498/2498 2499/2499/2499
f 2500/2500/2500 2499/2499/2499 2486/2486/2486
f 2485/2485/2485 2500/2500/2500 2486/2486/2486
f 2486/2486/2486 2501/2501/2501 2502/2502/2502
f 2487/2487/2487 2486/2486/2486 2502/2502/2502
f 2487/2487/2487 2502/2502/2502 2503/2503/2503
f 2489/2489/2489 2487/2487/2487 2503/2503/2503
f 2489/2489/2489 2503/2503/2503 2504/2504/2504
f 2491/2491/2491 2489/2489/2489 2504/2504/2504
f 2491/2491/2491 2504/2504/2504 2505/2505/2505
f 2493/2493/2493 2491/2491/2491 2505/2505/2505
f 2493/2493/2493 2505/2505/2505 2506/2506/2506
f 2495/2495/2495 2493/2493/2493 2506/2506/2506
f 2495/2495/2495 2506/2506/2506 2507/2507/2507
f 2497/2497/2497 2495/2495/2495 2507/2507/2507
f 2497/2497/2497 2507/2507/2507 2508/2508/2508
f 2499/2499/2499 2497/2497/2497 2508/2508/2508
f 2499/2499/2499 2508/2508/2508 2501/2501/2501
f 2486/2486/2486 2499/2499/2499 2501/2501/2501
f 2509/2509/2509 2768/2768/2768 2855/2855/2855
f 2510/2510/2510 2509/2509/2509 2855/2855/2855
f 2510/2510/2510 2855/2855/2855 2753/2753/2753
f 2511/2511/2511 2510/2510/2510 2753/2753/2753
f 2511/2511/2511 2753/2753/2753 2752/2752/2752
f 2512/2512/2512 2511/2511/2511 2752/2752/2752
f 2512/2512/2512 2752/2752/2752 2770/2770/2770
f 2513/2513/2513 2512/2512/2512 2770/2770/2770
f 2513/2513/2513 2770/2770/2770 2751/2751/2751
f 2514/2514/2514 2513/2513/2513 2751/2751/2751
f 2514/2514/2514 2751/2751/2751 2750/2750/2750
f 2515/2515/2515 2514/2514/2514 2750/2750/2750
f 2515/2515/2515 2750/2750/2750 2749/2749/2749
f 2516/2516/2516 2515/2515/2515 2749/2749/2749
f 2516/2516/2516 2749/2749/2749 2768/2768/2768
f 2509/2509/2509 2516/2516/2516 2768/2768/2768
f 2517/2517/2517 2516/2516/2516 2509/2509/2509
f 2518/2518/2518 2517/2517/2517 2509/2509/2509
f 2518/2518/2518 2509/2509/2509 2510/2510/2510
f 2519/2519/2519 2518/2518/2518 2510/2510/2510
f 2519/2519/2519 2510/2510/2510 2511/2511/2511
f 2520/2520/2520 2519/2519/2519 2511/2511/2511
f 2520/2520/2520 2511/2511/2511 2512/2512/2512
f 2521/2521/2521 2520/2520/2520 2512/2512/2512
f 2521/2521/2521 2512/2512/2512 2513/2513/2513
f 2522/2522/2522 2521/2521/2521 2513/2513/2513
f 2522/2522/2522 2513/2513/2513 2514/2514/2514
f 2523/2523/2523 2522/2522/2522 2514/2514/2514
f 2523/2523/2523 2514/2514/2514 2515/2515/2515
f 2524/2524/2524 2523/2523/2523 2515/2515/2515
f 2524/2524/2524 2515/2515/2515 2516/2516/2516
f 2517/2517/2517 2524/2524/2524 2516/2516/2516
f 2525/2525/2525 2526/2526/2526 2527/2527/2527
f 2528/2528/2528 2525/2525/2525 2527/2527/2527
f 2528/2528/2528 2527/2527/2527 2529/2529/2529
f 2530/2530/2530 2528/2528/2528 2529/2529/2529
f 2530/2530/2530 2529/2529/2529 2531/2531/2531
f 2532/2532/2532 2530/2530/2530 2531/2531/2531
f 2532/2532/2532 2531/2531/2531 2533/2533/2533
f 2534/2534/2534 2532/2532/2532 2533/2533/2533
f 2534/2534/2534 2533/2533/2533 2535/2535/2535
f 2536/2536/2536 2534/2534/2534 2535/2535/2535
f 2536/2536/2536 2535/2535/2535 2537/2537/2537
f 2538/2538/2538 2536/2536/2536 2537/2537/2537
f 2538/2538/2538 2537/2537/2537 2539/2539/2539
f 2540/2540/2540 2538/2538/2538 2539/2539/2539
f 2540/2540/2540 2539/2539/2539 2541/2541/2541
f 2542/2542/2542 2540/2540/2540 2541/2541/2541
f 2542/2542/2542 2541/2541/2541 2543/2543/2543
f 2544/2544/2544 2542/2542/2542 2543/2543/2543
f 2544/2544/2544 2543/2543/2543 2545/2545/2545
f 2546/2546/2546 2544/2544/2544 2545/2545/2545
f 2546/2546/2546 2545/2545/2545 2547/2547/2547
f 2548/2548/2548 2546/2546/2546 2547/2547/2547
f 2548/2548/2548 2547/2547/2547 2549/2549/2549
f 2550/2550/2550 2548/2548/2548 2549/2549/2549
f 2550/2550/2550 2549/2549/2549 2551/2551/2551
f 2552/2552/2552 2550/2550/2550 2551/2551/2551
f 2552/2552/2552 2551/2551/2551 2553/2553/2553
f 2554/2554/2554 2552/2552/2552 2553/2553/2553
f 2554/2554/2554 2553/2553/2553 2555/2555/2555
f 2556/2556/2556 2554/2554/2554 2555/2555/2555
f 2556/2556/2556 2555/2555/2555 2557/2557/2557
f 2558/2558/2558 2556/2556/2556 2557/2557/2557
f 2558/2558/2558 2557/2557/2557 2559/2559/2559
f 2560/2560/2560 2558/2558/2558 2559/2559/2559
f 2560/2560/2560 2559/2559/2559 2561/2561/2561
f 2562/2562/2562 2560/2560/2560 2561/2561/2561
f 2562/2562/2562 2561/2561/2561 2563/2563/2563
f 2564/2564/2564 2562/2562/2562 2563/2563/2563
f 2564/2564/2564 2563/2563/2563 2526/2526/2526
f 2525/2525/2525 2564/2564/2564 2526/2526/2526
f 2565/2565/2565 2566/2566/2566 2567/2567/2567
f 2568/2568/2568 2565/2565/2565 2567/2567/2567
f 2568/2568/2568 2567/2567/2567 2569/2569/2569
f 2570/2570/2570 2568/2568/2568 2569/2569/2569
f 2570/2570/2570 2569/2569/2569 2571/2571/2571
f 2572/2572/2572 2570/2570/2570 2571/2571/2571
f 2572/2572/2572 2571/2571/2571 2573/2573/2573
f 2574/2574/2574 2572/2572/2572 2573/2573/2573
f 2574/2574/2574 2573/2573/2573 2575/2575/2575
f 2576/2576/2576 2574/2574/2574 2575/2575/2575
f 2576/2576/2576 2575/2575/2575 2577/2577/2577
f 2578/2578/2578 2576/2576/2576 2577/2577/2577
f 2578/2578/2578 2577/2577/2577 2579/2579/2579
f 2580/2580/2580 2578/2578/2578 2579/2579/2579
f 2580/2580/2580 2579/2579/2579 2581/2581/2581
f 2582/2582/2582 2580/2580/2580 2581/2581/2581
f 2582/2582/2582 2581/2581/2581 2583/2583/2583
f 2584/2584/2584 2582/2582/2582 2583/2583/2583
f 921/921/921 1767/1767/1767 2585/2585/2585
f 915/915/915 921/921/921 2585/2585/2585
f 915/915/915 2585/2585/2585 2586/2586/2586
f 928/928/928 915/915/915 2586/2586/2586
f 928/928/928 2586/2586/2586 2587/2587/2587
f 936/936/936 928/928/928 2587/2587/2587
f 936/936/936 2587/2587/2587 2588/2588/2588
f 1756/1756/1756 936/936/936 2588/2588/2588
f 1756/1756/1756 2588/2588/2588 2589/2589/2589
f 937/937/937 1756/1756/1756 2589/2589/2589
f 937/937/937 2589/2589/2589 2590/2590/2590
f 920/920/920 937/937/937 2590/2590/2590
f 920/920/920 2590/2590/2590 2591/2591/2591
f 918/918/918 920/920/920 2591/2591/2591
f 918/918/918 2591/2591/2591 2592/2592/2592
f 924/924/924 918/918/918 2592/2592/2592
f 924/924/924 2592/2592/2592 2593/2593/2593
f 935/935/935 924/924/924 2593/2593/2593
f 935/935/935 2593/2593/2593 1771/1771/1771
f 940/940/940 935/935/935 1771/1771/1771
f 940/940/940 1771/1771/1771 1772/1772/1772
f 2919/2919/2919 940/940/940 1772/1772/1772
f 2919/2919/2919 1772/1772/1772 1768/1768/1768
f 3023/3023/3023 2919/2919/2919 1768/1768/1768
f 3023/3023/3023 1768/1768/1768 1758/1758/1758
f 2872/2872/2872 3023/3023/3023 1758/1758/1758
f 2872/2872/2872 1758/1758/1758 1759/1759/1759
f 944/944/944 2872/2872/2872 1759/1759/1759
f 944/944/944 1759/1759/1759 1769/1769/1769
f 1761/1761/1761 944/944/944 1769/1769/1769
f 1761/1761/1761 1769/1769/1769 946/946/946
f 1765/1765/1765 1761/1761/1761 946/946/946
f 1765/1765/1765 946/946/946 941/941/941
f 1773/1773/1773 1765/1765/1765 941/941/941
f 1773/1773/1773 941/941/941 1754/1754/1754
f 1774/1774/1774 1773/1773/1773 1754/1754/1754
f 1774/1774/1774 1754/1754/1754 2594/2594/2594
f 2595/2595/2595 1774/1774/1774 2594/2594/2594
f 2595/2595/2595 2594/2594/2594 2596/2596/2596
f 2597/2597/2597 2598/2598/2598 2599/2599/2599
f 2600/2600/2600 2597/2597/2597 2599/2599/2599
f 2600/2600/2600 2599/2599/2599 2601/2601/2601
f 2602/2602/2602 2600/2600/2600 2601/2601/2601
f 2602/2602/2602 2601/2601/2601 2603/2603/2603
f 2604/2604/2604 2602/2602/2602 2603/2603/2603
f 2604/2604/2604 2603/2603/2603 2605/2605/2605
f 2606/2606/2606 2604/2604/2604 2605/2605/2605
f 2606/2606/2606 2605/2605/2605 2607/2607/2607
f 2608/2608/2608 2606/2606/2606 2607/2607/2607
f 2608/2608/2608 2607/2607/2607 2609/2609/2609
f 2610/2610/2610 2608/2608/2608 2609/2609/2609
f 2610/2610/2610 2609/2609/2609 1766/1766/1766
f 2611/2611/2611 2610/2610/2610 1766/1766/1766
f 2611/2611/2611 1766/1766/1766 1762/1762/1762
f 2612/2612/2612 2611/2611/2611 1762/1762/1762
f 2612/2612/2612 1762/1762/1762 1763/1763/1763
f 2613/2613/2613 2612/2612/2612 1763/1763/1763
f 2613/2613/2613 1763/1763/1763 1764/1764/1764
f 2614/2614/2614 2613/2613/2613 1764/1764/1764
f 2614/2614/2614 1764/1764/1764 1774/1774/1774
f 2595/2595/2595 2614/2614/2614 1774/1774/1774
f 1767/1767/1767 1766/1766/1766 2609/2609/2609
f 2585/2585/2585 1767/1767/1767 2609/2609/2609
f 2585/2585/2585 2609/2609/2609 2607/2607/2607
f 2586/2586/2586 2585/2585/2585 2607/2607/2607
f 2586/2586/2586 2607/2607/2607 2605/2605/2605
f 2587/2587/2587 2586/2586/2586 2605/2605/2605
f 2587/2587/2587 2605/2605/2605 2603/2603/2603
f 2588/2588/2588 2587/2587/2587 2603/2603/2603
f 2588/2588/2588 2603/2603/2603 2601/2601/2601
f 2589/2589/2589 2588/2588/2588 2601/2601/2601
f 2589/2589/2589 2601/2601/2601 2599/2599/2599
f 2590/2590/2590 2589/2589/2589 2599/2599/2599
f 2590/2590/2590 2599/2599/2599 2598/2598/2598
f 2591/2591/2591 2590/2590/2590 2598/2598/2598
f 2591/2591/2591 2598/2598/2598 2615/2615/2615
f 2592/2592/2592 2591/2591/2591 2615/2615/2615
f 2592/2592/2592 2615/2615/2615 2616/2616/2616
f 2593/2593/2593 2592/2592/2592 2616/2616/2616
f 2593/2593/2593 2616/2616/2616 2617/2617/2617
f 1771/1771/1771 2593/2593/2593 2617/2617/2617
f 1771/1771/1771 2617/2617/2617 2618/2618/2618
f 1770/1770/1770 1771/1771/1771 2618/2618/2618
f 1770/1770/1770 2618/2618/2618 2619/2619/2619
f 943/943/943 1770/1770/1770 2619/2619/2619
f 943/943/943 2619/2619/2619 2620/2620/2620
f 942/942/942 943/943/943 2620/2620/2620
f 942/942/942 2620/2620/2620 2621/2621/2621
f 1753/1753/1753 942/942/942 2621/2621/2621
f 1753/1753/1753 2621/2621/2621 2594/2594/2594
f 1754/1754/1754 1753/1753/1753 2594/2594/2594
f 2598/2598/2598 2597/2597/2597 2622/2622/2622
f 2615/2615/2615 2598/2598/2598 2622/2622/2622
f 2615/2615/2615 2622/2622/2622 2623/2623/2623
f 2616/2616/2616 2615/2615/2615 2623/2623/2623
f 2616/2616/2616 2623/2623/2623 2624/2624/2624
f 2617/2617/2617 2616/2616/2616 2624/2624/2624
f 2617/2617/2617 2624/2624/2624 2625/2625/2625
f 2618/2618/2618 2617/2617/2617 2625/2625/2625
f 2618/2618/2618 2625/2625/2625 2626/2626/2626
f 2619/2619/2619 2618/2618/2618 2626/2626/2626
f 2619/2619/2619 2626/2626/2626 2627/2627/2627
f 2620/2620/2620 2619/2619/2619 2627/2627/2627
f 2620/2620/2620 2627/2627/2627 2628/2628/2628
f 2621/2621/2621 2620/2620/2620 2628/2628/2628
f 2621/2621/2621 2628/2628/2628 2596/2596/2596
f 2594/2594/2594 2621/2621/2621 2596/2596/2596
f 949/949/949 983/983/983 1808/1808/1808
f 982/982/982 949/949/949 1808/1808/1808
f 982/982/982 1808/1808/1808 966/966/966
f 973/973/973 982/982/982 966/966/966
f 973/973/973 966/966/966 971/971/971
f 972/972/972 973/973/973 971/971/971
f 972/972/972 971/971/971 970/970/970
f 1795/1795/1795 972/972/972 970/970/970
f 1795/1795/1795 970/970/970 1813/1813/1813
f 1797/1797/1797 1795/1795/1795 1813/1813/1813
f 1797/1797/1797 1813/1813/1813 1787/1787/1787
f 1793/1793/1793 1797/1797/1797 1787/1787/1787
f 1793/1793/1793 1787/1787/1787 1786/1786/1786
f 1776/1776/1776 1793/1793/1793 1786/1786/1786
f 1776/1776/1776 1786/1786/1786 1783/1783/1783
f 1775/1775/1775 1776/1776/1776 1783/1783/1783
f 1775/1775/1775 1783/1783/1783 1781/1781/1781
f 2629/2629/2629 1775/1775/1775 1781/1781/1781
f 3024/3024/3024 3025/3025/3025 1778/1778/1778
f 1801/1801/1801 3024/3024/3024 1778/1778/1778
f 1801/1801/1801 1778/1778/1778 955/955/955
f 1802/1802/1802 1801/1801/1801 955/955/955
f 1802/1802/1802 955/955/955 954/954/954
f 1804/1804/1804 1802/1802/1802 954/954/954
f 1804/1804/1804 954/954/954 1794/1794/1794
f 976/976/976 1804/1804/1804 1794/1794/1794
f 976/976/976 1794/1794/1794 1816/1816/1816
f 966/966/966 976/976/976 1816/1816/1816
f 966/966/966 1816/1816/1816 1815/1815/1815
f 967/967/967 966/966/966 1815/1815/1815
f 967/967/967 1815/1815/1815 1814/1814/1814
f 968/968/968 967/967/967 1814/1814/1814
f 968/968/968 1814/1814/1814 1812/1812/1812
f 970/970/970 968/968/968 1812/1812/1812
f 970/970/970 1812/1812/1812 1813/1813/1813
f 951/951/951 1779/1779/1779 2630/2630/2630
f 964/964/964 951/951/951 2630/2630/2630
f 3026/3026/3026 2630/2630/2630 2631/2631/2631
f 1777/1777/1777 3026/3026/3026 2631/2631/2631
f 1777/1777/1777 2631/2631/2631 2632/2632/2632
f 953/953/953 1777/1777/1777 2632/2632/2632
f 953/953/953 2632/2632/2632 2633/2633/2633
f 954/954/954 953/953/953 2633/2633/2633
f 954/954/954 2633/2633/2633 2634/2634/2634
f 956/956/956 954/954/954 2634/2634/2634
f 956/956/956 2634/2634/2634 1785/1785/1785
f 969/969/969 956/956/956 1785/1785/1785
f 969/969/969 1785/1785/1785 1782/1782/1782
f 1788/1788/1788 969/969/969 1782/1782/1782
f 1788/1788/1788 1782/1782/1782 1783/1783/1783
f 1786/1786/1786 1788/1788/1788 1783/1783/1783
f 1784/1784/1784 1785/1785/1785 2634/2634/2634
f 2635/2635/2635 1784/1784/1784 2634/2634/2634
f 2635/2635/2635 2634/2634/2634 2633/2633/2633
f 2636/2636/2636 2635/2635/2635 2633/2633/2633
f 2636/2636/2636 2633/2633/2633 2632/2632/2632
f 2637/2637/2637 2636/2636/2636 2632/2632/2632
f 3035/3035/3035 2632/2632/2632 2631/2631/2631
f 2638/2638/2638 3035/3035/3035 2631/2631/2631
f 2638/2638/2638 2631/2631/2631 2630/2630/2630
f 2639/2639/2639 2638/2638/2638 2630/2630/2630
f 2639/2639/2639 2630/2630/2630 1779/1779/1779
f 2640/2640/2640 2639/2639/2639 1779/1779/1779
f 2640/2640/2640 1779/1779/1779 963/963/963
f 2641/2641/2641 2640/2640/2640 963/963/963
f 2641/2641/2641 963/963/963 962/962/962
f 2642/2642/2642 2641/2641/2641 962/962/962
f 2642/2642/2642 962/962/962 1775/1775/1775
f 2629/2629/2629 2642/2642/2642 1775/1775/1775
f 2643/2643/2643 2644/2644/2644 2645/2645/2645
f 2646/2646/2646 2643/2643/2643 2645/2645/2645
f 2646/2646/2646 2645/2645/2645 2647/2647/2647
f 2648/2648/2648 2646/2646/2646 2647/2647/2647
f 2648/2648/2648 2647/2647/2647 2649/2649/2649
f 2650/2650/2650 2648/2648/2648 2649/2649/2649
f 2650/2650/2650 2649/2649/2649 2651/2651/2651
f 2652/2652/2652 2650/2650/2650 2651/2651/2651
f 2652/2652/2652 2651/2651/2651 2653/2653/2653
f 2654/2654/2654 2652/2652/2652 2653/2653/2653
f 2654/2654/2654 2653/2653/2653 2655/2655/2655
f 2656/2656/2656 2654/2654/2654 2655/2655/2655
f 2656/2656/2656 2655/2655/2655 2657/2657/2657
f 2658/2658/2658 2656/2656/2656 2657/2657/2657
f 2658/2658/2658 2657/2657/2657 2644/2644/2644
f 2643/2643/2643 2658/2658/2658 2644/2644/2644
f 2659/2659/2659 2643/2643/2643 2646/2646/2646
f 2660/2660/2660 2659/2659/2659 2646/2646/2646
f 2660/2660/2660 2646/2646/2646 2648/2648/2648
f 2661/2661/2661 2660/2660/2660 2648/2648/2648
f 2661/2661/2661 2648/2648/2648 2650/2650/2650
f 2662/2662/2662 2661/2661/2661 2650/2650/2650
f 2662/2662/2662 2650/2650/2650 2652/2652/2652
f 2663/2663/2663 2662/2662/2662 2652/2652/2652
f 2663/2663/2663 2652/2652/2652 2654/2654/2654
f 2664/2664/2664 2663/2663/2663 2654/2654/2654
f 2664/2664/2664 2654/2654/2654 2656/2656/2656
f 2665/2665/2665 2664/2664/2664 2656/2656/2656
f 2665/2665/2665 2656/2656/2656 2658/2658/2658
f 2666/2666/2666 2665/2665/2665 2658/2658/2658
f 2666/2666/2666 2658/2658/2658 2643/2643/2643
f 2659/2659/2659 2666/2666/2666 2643/2643/2643
f 2781/2781/2781 2667/2667/2667 2668/2668/2668
f 3028/3028/3028 2781/2781/2781 2668/2668/2668
f 3028/3028/3028 2668/2668/2668 2669/2669/2669
f 2748/2748/2748 3028/3028/3028 2669/2669/2669
f 2748/2748/2748 2669/2669/2669 2670/2670/2670
f 2747/2747/2747 2748/2748/2748 2670/2670/2670
f 2747/2747/2747 2670/2670/2670 2671/2671/2671
f 2746/2746/2746 2747/2747/2747 2671/2671/2671
f 2746/2746/2746 2671/2671/2671 2672/2672/2672
f 2745/2745/2745 2746/2746/2746 2672/2672/2672
f 2745/2745/2745 2672/2672/2672 2673/2673/2673
f 2744/2744/2744 2745/2745/2745 2673/2673/2673
f 2744/2744/2744 2673/2673/2673 2674/2674/2674
f 2743/2743/2743 2744/2744/2744 2674/2674/2674
f 2743/2743/2743 2674/2674/2674 2667/2667/2667
f 2781/2781/2781 2743/2743/2743 2667/2667/2667
f 2674/2674/2674 2675/2675/2675 2676/2676/2676
f 2667/2667/2667 2674/2674/2674 2676/2676/2676
f 2667/2667/2667 2676/2676/2676 2677/2677/2677
f 2668/2668/2668 2667/2667/2667 2677/2677/2677
f 2668/2668/2668 2677/2677/2677 2678/2678/2678
f 2669/2669/2669 2668/2668/2668 2678/2678/2678
f 2669/2669/2669 2678/2678/2678 2679/2679/2679
f 2670/2670/2670 2669/2669/2669 2679/2679/2679
f 2670/2670/2670 2679/2679/2679 2680/2680/2680
f 2671/2671/2671 2670/2670/2670 2680/2680/2680
f 2671/2671/2671 2680/2680/2680 2681/2681/2681
f 2672/2672/2672 2671/2671/2671 2681/2681/2681
f 2672/2672/2672 2681/2681/2681 2682/2682/2682
f 2673/2673/2673 2672/2672/2672 2682/2682/2682
f 2673/2673/2673 2682/2682/2682 2675/2675/2675
f 2674/2674/2674 2673/2673/2673 2675/2675/2675
f 2683/2683/2683 2684/2684/2684 2685/2685/2685
f 2686/2686/2686 2683/2683/2683 2685/2685/2685
f 2686/2686/2686 2685/2685/2685 2687/2687/2687
f 2688/2688/2688 2686/2686/2686 2687/2687/2687
f 2688/2688/2688 2687/2687/2687 2689/2689/2689
f 2690/2690/2690 2688/2688/2688 2689/2689/2689
f 2690/2690/2690 2689/2689/2689 2691/2691/2691
f 2692/2692/2692 2690/2690/2690 2691/2691/2691
f 2692/2692/2692 2691/2691/2691 2693/2693/2693
f 2694/2694/2694 2692/2692/2692 2693/2693/2693
f 2694/2694/2694 2693/2693/2693 2695/2695/2695
f 2696/2696/2696 2694/2694/2694 2695/2695/2695
f 2696/2696/2696 2695/2695/2695 2697/2697/2697
f 2698/2698/2698 2696/2696/2696 2697/2697/2697
f 2698/2698/2698 2697/2697/2697 2699/2699/2699
f 2700/2700/2700 2698/2698/2698 2699/2699/2699
f 2700/2700/2700 2699/2699/2699 2701/2701/2701
f 2702/2702/2702 2700/2700/2700 2701/2701/2701
f 2702/2702/2702 2701/2701/2701 2703/2703/2703
f 2704/2704/2704 2702/2702/2702 2703/2703/2703
f 2704/2704/2704 2703/2703/2703 2705/2705/2705
f 2706/2706/2706 2704/2704/2704 2705/2705/2705
f 2706/2706/2706 2705/2705/2705 2707/2707/2707
f 2708/2708/2708 2706/2706/2706 2707/2707/2707
f 2708/2708/2708 2707/2707/2707 2709/2709/2709
f 2710/2710/2710 2708/2708/2708 2709/2709/2709
f 2710/2710/2710 2709/2709/2709 2711/2711/2711
f 2712/2712/2712 2710/2710/2710 2711/2711/2711
f 2712/2712/2712 2711/2711/2711 2713/2713/2713
f 2714/2714/2714 2712/2712/2712 2713/2713/2713
f 2714/2714/2714 2713/2713/2713 2715/2715/2715
f 2716/2716/2716 2714/2714/2714 2715/2715/2715
f 2716/2716/2716 2715/2715/2715 2717/2717/2717
f 2718/2718/2718 2716/2716/2716 2717/2717/2717
f 2718/2718/2718 2717/2717/2717 2719/2719/2719
f 2720/2720/2720 2718/2718/2718 2719/2719/2719
f 2720/2720/2720 2719/2719/2719 2721/2721/2721
f 2722/2722/2722 2720/2720/2720 2721/2721/2721
f 2722/2722/2722 2721/2721/2721 2684/2684/2684
f 2683/2683/2683 2722/2722/2722 2684/2684/2684
f 2723/2723/2723 2724/2724/2724 2725/2725/2725
f 2726/2726/2726 2723/2723/2723 2725/2725/2725
f 2726/2726/2726 2725/2725/2725 2727/2727/2727
f 2728/2728/2728 2726/2726/2726 2727/2727/2727
f 2728/2728/2728 2727/2727/2727 2729/2729/2729
f 2730/2730/2730 2728/2728/2728 2729/2729/2729
f 2730/2730/2730 2729/2729/2729 2731/2731/2731
f 2732/2732/2732 2730/2730/2730 2731/2731/2731
f 2732/2732/2732 2731/2731/2731 2733/2733/2733
f 2734/2734/2734 2732/2732/2732 2733/2733/2733
f 2734/2734/2734 2733/2733/2733 2735/2735/2735
f 2736/2736/2736 2734/2734/2734 2735/2735/2735
f 2736/2736/2736 2735/2735/2735 2737/2737/2737
f 2738/2738/2738 2736/2736/2736 2737/2737/2737
f 2738/2738/2738 2737/2737/2737 2739/2739/2739
f 2740/2740/2740 2738/2738/2738 2739/2739/2739
f 2740/2740/2740 2739/2739/2739 2741/2741/2741
f 2742/2742/2742 2740/2740/2740 2741/2741/2741
usemtl mat_eye
f 3169/3169/3169 3170/3170/3170 3171/3171/3171
f 3171/3171/3171 3170/3170/3170 3172/3172/3172
f 3173/3173/3173 3174/3174/3174 3175/3175/3175
f 3175/3175/3175 3174/3174/3174 3176/3176/3176
f 3177/3177/3177 3178/3178/3178 3179/3179/3179
f 3179/3179/3179 3178/3178/3178 3180/3180/3180
f 3181/3181/3181 3182/3182/3182 3177/3177/3177
f 3177/3177/3177 3182/3182/3182 3178/3178/3178
f 3183/3183/3183 3184/3184/3184 3181/3181/3181
f 3181/3181/3181 3184/3184/3184 3182/3182/3182
f 3185/3185/3185 3186/3186/3186 3183/3183/3183
f 3183/3183/3183 3186/3186/3186 3184/3184/3184
f 3187/3187/3187 3188/3188/3188 3185/3185/3185
f 3185/3185/3185 3188/3188/3188 3186/3186/3186
f 3189/3189/3189 3190/3190/3190 3187/3187/3187
f 3187/3187/3187 3190/3190/3190 3188/3188/3188
f 3170/3170/3170 3191/3191/3191 3172/3172/3172
f 3172/3172/3172 3191/3191/3191 3192/3192/3192
f 3190/3190/3190 3193/3193/3193 3188/3188/3188
f 3188/3188/3188 3193/3193/3193 3194/3194/3194
f 3188/3188/3188 3194/3194/3194 3186/3186/3186
f 3186/3186/3186 3194/3194/3194 3195/3195/3195
f 3186/3186/3186 3195/3195/3195 3184/3184/3184
f 3184/3184/3184 3195/3195/3195 3196/3196/3196
f 3184/3184/3184 3196/3196/3196 3182/3182/3182
f 3182/3182/3182 3196/3196/3196 3197/3197/3197
f 3182/3182/3182 3197/3197/3197 3178/3178/3178
f 3178/3178/3178 3197/3197/3197 3198/3198/3198
f 3191/3191/3191 3199/3199/3199 3192/3192/3192
f 3192/3192/3192 3199/3199/3199 3200/3200/3200
f 3174/3174/3174 3201/3201/3201 3176/3176/3176
f 3176/3176/3176 3201/3201/3201 3202/3202/3202
f 3176/3176/3176 3203/3203/3203 3175/3175/3175
f 3175/3175/3175 3203/3203/3203 3204/3204/3204
f 3202/3202/3202 3205/3205/3205 3176/3176/3176
f 3176/3176/3176 3205/3205/3205 3203/3203/3203
f 3171/3171/3171 3206/3206/3206 3202/3202/3202
f 3202/3202/3202 3206/3206/3206 3205/3205/3205
f 3172/3172/3172 3207/3207/3207 3171/3171/3171
f 3171/3171/3171 3207/3207/3207 3206/3206/3206
f 3192/3192/3192 3208/3208/3208 3172/3172/3172
f 3172/3172/3172 3208/3208/3208 3207/3207/3207
f 3200/3200/3200 3209/3209/3209 3192/3192/3192
f 3192/3192/3192 3209/3209/3209 3208/3208/3208
f 3201/3201/3201 3169/3169/3169 3202/3202/3202
f 3202/3202/3202 3169/3169/3169 3171/3171/3171
f 3203/3203/3203 3177/3177/3177 3204/3204/3204
f 3204/3204/3204 3177/3177/3177 3179/3179/3179
f 3205/3205/3205 3181/3181/3181 3203/3203/3203
f 3203/3203/3203 3181/3181/3181 3177/3177/3177
f 3206/3206/3206 3183/3183/3183 3205/3205/3205
f 3205/3205/3205 3183/3183/3183 3181/3181/3181
f 3207/3207/3207 3185/3185/3185 3206/3206/3206
f 3206/3206/3206 3185/3185/3185 3183/3183/3183
f 3208/3208/3208 3187/3187/3187 3207/3207/3207
f 3207/3207/3207 3187/3187/3187 3185/3185/3185
f 3209/3209/3209 3189/3189/3189 3208/3208/3208
f 3208/3208/3208 3189/3189/3189 3187/3187/3187
f 3178/3178/3178 3198/3198/3198 3180/3180/3180
f 3180/3180/3180 3198/3198/3198 3210/3210/3210
f 3211/3211/3211 3212/3212/3212 3213/3213/3213
f 3212/3212/3212 3214/3214/3214 3213/3213/3213
f 3215/3215/3215 3216/3216/3216 3217/3217/3217
f 3216/3216/3216 3218/3218/3218 3217/3217/3217
f 3219/3219/3219 3220/3220/3220 3221/3221/3221
f 3220/3220/3220 3222/3222/3222 3221/3221/3221
f 3223/3223/3223 3219/3219/3219 3224/3224/3224
f 3219/3219/3219 3221/3221/3221 3224/3224/3224
f 3225/3225/3225 3223/3223/3223 3226/3226/3226
f 3223/3223/3223 3224/3224/3224 3226/3226/3226
f 3227/3227/3227 3225/3225/3225 3228/3228/3228
f 3225/3225/3225 3226/3226/3226 3228/3228/3228
f 3229/3229/3229 3227/3227/3227 3230/3230/3230
f 3227/3227/3227 3228/3228/3228 3230/3230/3230
f 3231/3231/3231 3229/3229/3229 3232/3232/3232
f 3229/3229/3229 3230/3230/3230 3232/3232/3232
f 3213/3213/3213 3214/3214/3214 3233/3233/3233
f 3214/3214/3214 3234/3234/3234 3233/3233/3233
f 3232/3232/3232 3230/3230/3230 3235/3235/3235
f 3230/3230/3230 3236/3236/3236 3235/3235/3235
f 3230/3230/3230 3228/3228/3228 3236/3236/3236
f 3228/3228/3228 3237/3237/3237 3236/3236/3236
f 3228/3228/3228 3226/3226/3226 3237/3237/3237
f 3226/3226/3226 3238/3238/3238 3237/3237/3237
f 3226/3226/3226 3224/3224/3224 3238/3238/3238
f 3224/3224/3224 3239/3239/3239 3238/3238/3238
f 3224/3224/3224 3221/3221/3221 3239/3239/3239
f 3221/3221/3221 3240/3240/3240 3239/3239/3239
f 3233/3233/3233 3234/3234/3234 3241/3241/3241
f 3234/3234/3234 3242/3242/3242 3241/3241/3241
f 3217/3217/3217 3218/3218/3218 3243/3243/3243
f 3218/3218/3218 3244/3244/3244 3243/3243/3243
f 3218/3218/3218 3216/3216/3216 3245/3245/3245
f 3216/3216/3216 3246/3246/3246 3245/3245/3245
f 3244/3244/3244 3218/3218/3218 3247/3247/3247
f 3218/3218/3218 3245/3245/3245 3247/3247/3247
f 3212/3212/3212 3244/3244/3244 3248/3248/3248
f 3244/3244/3244 3247/3247/3247 3248/3248/3248
f 3214/3214/3214 3212/3212/3212 3249/3249/3249
f 3212/3212/3212 3248/3248/3248 3249/3249/3249
f 3234/3234/3234 3214/3214/3214 3250/3250/3250
f 3214/3214/3214 3249/3249/3249 3250/3250/3250
f 3242/3242/3242 3234/3234/3234 3251/3251/3251
f 3234/3234/3234 3250/3250/3250 3251/3251/3251
f 3243/3243/3243 3244/3244/3244 3211/3211/3211
f 3244/3244/3244 3212/3212/3212 3211/3211/3211
f 3245/3245/3245 3246/3246/3246 3219/3219/3219
f 3246/3246/3246 3220/3220/3220 3219/3219/3219
f 3247/3247/3247 3245/3245/3245 3223/3223/3223
f 3245/3245/3245 3219/3219/3219 3223/3223/3223
f 3248/3248/3248 3247/3247/3247 3225/3225/3225
f 3247/3247/3247 3223/3223/3223 3225/3225/3225
f 3249/3249/3249 3248/3248/3248 3227/3227/3227
f 3248/3248/3248 3225/3225/3225 3227/3227/3227
f 3250/3250/3250 3249/3249/3249 3229/3229/3229
f 3249/3249/3249 3227/3227/3227 3229/3229/3229
f 3251/3251/3251 3250/3250/3250 3231/3231/3231
f 3250/3250/3250 3229/3229/3229 3231/3231/3231
f 3221/3221/3221 3222/3222/3222 3240/3240/3240
f 3222/3222/3222 3252/3252/3252 3240/3240/3240
